HIERARCHY
ROOT Hips
{
  OFFSET 0.0000 94.0000 0.0000
  CHANNELS 6 Xposition Yposition Zposition Yrotation Xrotation Zrotation
  JOINT Spine1
  {
    OFFSET 0.0000 8.4838 -3.9483
    CHANNELS 3 Yrotation Xrotation Zrotation
    JOINT Spine2
    {
      OFFSET 0.0000 -7.5500 0.0000
      CHANNELS 3 Yrotation Xrotation Zrotation
      JOINT Spine3
      {
        OFFSET 0.0000 -7.5500 0.0000
        CHANNELS 3 Yrotation Xrotation Zrotation
        JOINT Spine4
        {
          OFFSET 0.0000 -12.7487 0.0000
          CHANNELS 3 Yrotation Xrotation Zrotation
          JOINT Neck
          {
            OFFSET 0.0000 -20.1503 0.0000
            CHANNELS 3 Yrotation Xrotation Zrotation
            JOINT Head
            {
              OFFSET 0.0000 -11.1009 0.0000
              CHANNELS 3 Yrotation Xrotation Zrotation
              JOINT HeadTip
              {
                OFFSET 0.0000 -16.8536 0.0000
                CHANNELS 3 Yrotation Xrotation Zrotation
                End Site
                {
                  OFFSET 0.0000 -8.4268 0.0000
                }
              }
            }
          }
          JOINT RightShoulder
          {
            OFFSET 7.0000 -12.3681 1.9038
            CHANNELS 3 Yrotation Xrotation Zrotation
            JOINT RightArm
            {
              OFFSET 0.0000 -13.6078 0.0000
              CHANNELS 3 Yrotation Xrotation Zrotation
              JOINT RightForeArm
              {
                OFFSET 0.0000 -27.1022 0.0000
                CHANNELS 3 Yrotation Xrotation Zrotation
                JOINT RightHand
                {
                  OFFSET 0.0000 -28.3000 0.0000
                  CHANNELS 3 Yrotation Xrotation Zrotation
                  JOINT RightFinger1Metacarpal
                  {
                    OFFSET -2.7849 -2.0780 0.1030
                    CHANNELS 3 Yrotation Xrotation Zrotation
                    JOINT RightFinger1Proximal
                    {
                      OFFSET 0.0000 -3.9891 0.0000
                      CHANNELS 3 Yrotation Xrotation Zrotation
                      JOINT RightFinger1Distal
                      {
                        OFFSET 0.0000 -3.0278 0.0000
                        CHANNELS 3 Yrotation Xrotation Zrotation
                        JOINT RightFinger1Tip
                        {
                          OFFSET 0.0000 -3.4590 0.0000
                          CHANNELS 3 Yrotation Xrotation Zrotation
                          End Site
                          {
                            OFFSET 0.0000 -1.7295 0.0000
                          }
                        }
                      }
                    }
                  }
                  JOINT RightFinger5Metacarpal
                  {
                    OFFSET 1.4876 -2.4879 0.1030
                    CHANNELS 3 Yrotation Xrotation Zrotation
                    JOINT RightFinger5Proximal
                    {
                      OFFSET 0.0000 -4.7463 0.0000
                      CHANNELS 3 Yrotation Xrotation Zrotation
                      JOINT RightFinger5Medial
                      {
                        OFFSET 0.0000 -3.5000 0.0000
                        CHANNELS 3 Yrotation Xrotation Zrotation
                        JOINT RightFinger5Distal
                        {
                          OFFSET 0.0000 -2.2000 0.0000
                          CHANNELS 3 Yrotation Xrotation Zrotation
                          JOINT RightFinger5Tip
                          {
                            OFFSET 0.0000 -2.2409 0.0000
                            CHANNELS 3 Yrotation Xrotation Zrotation
                            End Site
                            {
                              OFFSET 0.0000 -1.1205 0.0000
                            }
                          }
                        }
                      }
                    }
                  }
                  JOINT RightFinger4Metacarpal
                  {
                    OFFSET 0.5475 -2.7430 0.1030
                    CHANNELS 3 Yrotation Xrotation Zrotation
                    JOINT RightFinger4Proximal
                    {
                      OFFSET 0.0000 -5.0325 0.0000
                      CHANNELS 3 Yrotation Xrotation Zrotation
                      JOINT RightFinger4Medial
                      {
                        OFFSET 0.0000 -4.3000 0.0000
                        CHANNELS 3 Yrotation Xrotation Zrotation
                        JOINT RightFinger4Distal
                        {
                          OFFSET 0.0000 -2.7732 0.0000
                          CHANNELS 3 Yrotation Xrotation Zrotation
                          JOINT RightFinger4Tip
                          {
                            OFFSET 0.0000 -2.7000 0.0000
                            CHANNELS 3 Yrotation Xrotation Zrotation
                            End Site
                            {
                              OFFSET 0.0000 -1.3500 0.0000
                            }
                          }
                        }
                      }
                    }
                  }
                  JOINT RightFinger3Metacarpal
                  {
                    OFFSET -0.5447 -2.7674 0.1030
                    CHANNELS 3 Yrotation Xrotation Zrotation
                    JOINT RightFinger3Proximal
                    {
                      OFFSET 0.0000 -5.3650 0.0000
                      CHANNELS 3 Yrotation Xrotation Zrotation
                      JOINT RightFinger3Medial
                      {
                        OFFSET 0.0000 -4.7000 0.0000
                        CHANNELS 3 Yrotation Xrotation Zrotation
                        JOINT RightFinger3Distal
                        {
                          OFFSET 0.0000 -3.1000 0.0000
                          CHANNELS 3 Yrotation Xrotation Zrotation
                          JOINT RightFinger3Tip
                          {
                            OFFSET 0.0000 -2.9982 0.0000
                            CHANNELS 3 Yrotation Xrotation Zrotation
                            End Site
                            {
                              OFFSET 0.0000 -1.4991 0.0000
                            }
                          }
                        }
                      }
                    }
                  }
                  JOINT RightFinger2Metacarpal
                  {
                    OFFSET -1.6034 -2.6456 0.1030
                    CHANNELS 3 Yrotation Xrotation Zrotation
                    JOINT RightFinger2Proximal
                    {
                      OFFSET 0.0000 -5.4138 0.0000
                      CHANNELS 3 Yrotation Xrotation Zrotation
                      JOINT RightFinger2Medial
                      {
                        OFFSET 0.0000 -4.5000 0.0000
                        CHANNELS 3 Yrotation Xrotation Zrotation
                        JOINT RightFinger2Distal
                        {
                          OFFSET 0.0000 -2.7685 0.0000
                          CHANNELS 3 Yrotation Xrotation Zrotation
                          JOINT RightFinger2Tip
                          {
                            OFFSET 0.0000 -2.7132 0.0000
                            CHANNELS 3 Yrotation Xrotation Zrotation
                            End Site
                            {
                              OFFSET 0.0000 -1.3566 0.0000
                            }
                          }
                        }
                      }
                    }
                  }
                }
              }
            }
          }
          JOINT LeftShoulder
          {
            OFFSET -7.0000 -12.3681 1.9038
            CHANNELS 3 Yrotation Xrotation Zrotation
            JOINT LeftArm
            {
              OFFSET 0.0000 -13.6078 0.0000
              CHANNELS 3 Yrotation Xrotation Zrotation
              JOINT LeftForeArm
              {
                OFFSET 0.0001 -27.1022 0.0000
                CHANNELS 3 Yrotation Xrotation Zrotation
                JOINT LeftHand
                {
                  OFFSET 0.0000 -28.3000 0.0000
                  CHANNELS 3 Yrotation Xrotation Zrotation
                  JOINT LeftFinger5Metacarpal
                  {
                    OFFSET -1.4876 -2.4879 0.1030
                    CHANNELS 3 Yrotation Xrotation Zrotation
                    JOINT LeftFinger5Proximal
                    {
                      OFFSET 0.0000 -4.7463 0.0000
                      CHANNELS 3 Yrotation Xrotation Zrotation
                      JOINT LeftFinger5Medial
                      {
                        OFFSET 0.0000 -3.5000 0.0000
                        CHANNELS 3 Yrotation Xrotation Zrotation
                        JOINT LeftFinger5Distal
                        {
                          OFFSET 0.0000 -2.2000 0.0000
                          CHANNELS 3 Yrotation Xrotation Zrotation
                          JOINT LeftFinger5Tip
                          {
                            OFFSET 0.0000 -2.2409 0.0000
                            CHANNELS 3 Yrotation Xrotation Zrotation
                            End Site
                            {
                              OFFSET 0.0000 -1.1205 0.0000
                            }
                          }
                        }
                      }
                    }
                  }
                  JOINT LeftFinger4Metacarpal
                  {
                    OFFSET -0.5475 -2.7430 0.1030
                    CHANNELS 3 Yrotation Xrotation Zrotation
                    JOINT LeftFinger4Proximal
                    {
                      OFFSET 0.0000 -5.0325 0.0000
                      CHANNELS 3 Yrotation Xrotation Zrotation
                      JOINT LeftFinger4Medial
                      {
                        OFFSET 0.0000 -4.3000 0.0000
                        CHANNELS 3 Yrotation Xrotation Zrotation
                        JOINT LeftFinger4Distal
                        {
                          OFFSET 0.0000 -2.7732 0.0000
                          CHANNELS 3 Yrotation Xrotation Zrotation
                          JOINT LeftFinger4Tip
                          {
                            OFFSET 0.0000 -2.7000 0.0000
                            CHANNELS 3 Yrotation Xrotation Zrotation
                            End Site
                            {
                              OFFSET 0.0000 -1.3500 0.0000
                            }
                          }
                        }
                      }
                    }
                  }
                  JOINT LeftFinger3Metacarpal
                  {
                    OFFSET 0.5447 -2.7674 0.1030
                    CHANNELS 3 Yrotation Xrotation Zrotation
                    JOINT LeftFinger3Proximal
                    {
                      OFFSET 0.0000 -5.3650 0.0000
                      CHANNELS 3 Yrotation Xrotation Zrotation
                      JOINT LeftFinger3Medial
                      {
                        OFFSET 0.0000 -4.7000 0.0000
                        CHANNELS 3 Yrotation Xrotation Zrotation
                        JOINT LeftFinger3Distal
                        {
                          OFFSET 0.0000 -3.1000 0.0000
                          CHANNELS 3 Yrotation Xrotation Zrotation
                          JOINT LeftFinger3Tip
                          {
                            OFFSET 0.0000 -2.9982 0.0000
                            CHANNELS 3 Yrotation Xrotation Zrotation
                            End Site
                            {
                              OFFSET 0.0000 -1.4991 0.0000
                            }
                          }
                        }
                      }
                    }
                  }
                  JOINT LeftFinger2Metacarpal
                  {
                    OFFSET 1.6034 -2.6456 0.1030
                    CHANNELS 3 Yrotation Xrotation Zrotation
                    JOINT LeftFinger2Proximal
                    {
                      OFFSET 0.0000 -5.4138 0.0000
                      CHANNELS 3 Yrotation Xrotation Zrotation
                      JOINT LeftFinger2Medial
                      {
                        OFFSET 0.0000 -4.5000 0.0000
                        CHANNELS 3 Yrotation Xrotation Zrotation
                        JOINT LeftFinger2Distal
                        {
                          OFFSET 0.0000 -2.7685 0.0000
                          CHANNELS 3 Yrotation Xrotation Zrotation
                          JOINT LeftFinger2Tip
                          {
                            OFFSET 0.0000 -2.7131 0.0000
                            CHANNELS 3 Yrotation Xrotation Zrotation
                            End Site
                            {
                              OFFSET 0.0000 -1.3566 0.0000
                            }
                          }
                        }
                      }
                    }
                  }
                  JOINT LeftFinger1Metacarpal
                  {
                    OFFSET 2.7849 -2.0780 0.1030
                    CHANNELS 3 Yrotation Xrotation Zrotation
                    JOINT LeftFinger1Proximal
                    {
                      OFFSET 0.0000 -3.9891 0.0000
                      CHANNELS 3 Yrotation Xrotation Zrotation
                      JOINT LeftFinger1Distal
                      {
                        OFFSET 0.0000 -3.0278 0.0000
                        CHANNELS 3 Yrotation Xrotation Zrotation
                        JOINT LeftFinger1Tip
                        {
                          OFFSET 0.0000 -3.4590 0.0000
                          CHANNELS 3 Yrotation Xrotation Zrotation
                          End Site
                          {
                            OFFSET 0.0000 -1.7295 0.0000
                          }
                        }
                      }
                    }
                  }
                }
              }
            }
          }
        }
      }
    }
  }
  JOINT RightThigh
  {
    OFFSET -8.1000 0.0000 0.0000
    CHANNELS 3 Yrotation Xrotation Zrotation
    JOINT RightShin
    {
      OFFSET 0.0000 -43.2000 0.0000
      CHANNELS 3 Yrotation Xrotation Zrotation
      JOINT RightFoot
      {
        OFFSET 0.0000 -43.3000 -0.0626
        CHANNELS 3 Yrotation Xrotation Zrotation
        JOINT RightToe
        {
          OFFSET 0.0000 -13.1694 6.2394
          CHANNELS 3 Yrotation Xrotation Zrotation
          JOINT RightToeTip
          {
            OFFSET 0.0000 -7.4457 1.2571
            CHANNELS 3 Yrotation Xrotation Zrotation
            End Site
            {
              OFFSET 0.0000 -3.7228 0.6286
            }
          }
        }
      }
    }
  }
  JOINT LeftThigh
  {
    OFFSET 8.1000 0.0000 0.0000
    CHANNELS 3 Yrotation Xrotation Zrotation
    JOINT LeftShin
    {
      OFFSET 0.0000 -43.2000 0.0000
      CHANNELS 3 Yrotation Xrotation Zrotation
      JOINT LeftFoot
      {
        OFFSET 0.0000 -43.3000 -0.0626
        CHANNELS 3 Yrotation Xrotation Zrotation
        JOINT LeftToe
        {
          OFFSET 0.0000 -13.1694 6.2394
          CHANNELS 3 Yrotation Xrotation Zrotation
          JOINT LeftToeTip
          {
            OFFSET 0.0000 -7.4457 1.2571
            CHANNELS 3 Yrotation Xrotation Zrotation
            End Site
            {
              OFFSET 0.0000 -3.7228 0.6286
            }
          }
        }
      }
    }
  }
}
MOTION
Frames: 300
Frame Time: 0.010000
0.0000 94.0000 0.0000 0.0000 0.0000 0.0000 0.0000 0.0001 180.0000 0.0000 0.0000 0.0000 0.0000 0.0000 0.0000 0.0000 0.0000 0.0000 0.0000 0.0000 0.0000 0.0000 0.0000 0.0000 0.0000 0.0000 0.0000 0.0000 0.0000 90.0001 89.9999 0.0000 0.0000 0.0000 0.0000 0.0001 0.0000 0.0000 0.0000 40.8933 20.7046 -22.2077 -4.1067 -20.7048 22.2077 0.0000 0.0000 0.0000 0.0000 0.0003 0.0000 -0.0001 -0.0001 20.0000 0.0000 0.0001 -20.0000 0.0000 0.0000 0.0000 0.0000 0.0000 0.0000 0.0000 0.0000 0.0000 0.0000 -0.0001 10.0000 -0.0001 0.0000 -10.0000 0.0000 0.0000 0.0000 0.0000 0.0000 0.0000 0.0000 0.0000 0.0000 0.0000 -0.0001 -0.0001 -0.0001 0.0001 0.0000 0.0000 0.0000 0.0000 0.0000 0.0000 0.0000 0.0000 0.0000 0.0000 0.0000 -0.0001 -10.0001 -0.0001 0.0001 10.0000 0.0000 0.0000 0.0000 0.0000 0.0000 0.0000 0.0000 0.0000 0.0000 0.0000 0.0000 -90.0000 -89.9999 0.0000 0.0000 0.0001 0.0000 0.0001 0.0000 0.0000 0.0000 0.0001 -0.0001 -20.0000 0.0000 0.0001 20.0000 -0.0003 0.0000 -0.0001 0.0000 0.0000 0.0000 0.0000 0.0000 0.0000 0.0000 -0.0001 -9.9999 -0.0002 0.0001 9.9999 0.0000 0.0000 0.0000 0.0000 0.0000 0.0000 0.0000 0.0000 0.0000 -0.0001 0.0000 0.0000 0.0000 0.0000 0.0000 0.0000 0.0001 0.0000 0.0001 0.0000 0.0000 0.0000 0.0000 0.0000 0.0000 0.0000 10.0001 -0.0001 0.0000 -10.0001 0.0000 0.0000 0.0000 0.0000 0.0000 0.0000 0.0002 0.0000 0.0000 -40.8933 20.7047 22.2076 4.1067 -20.7047 -22.2077 0.0000 0.0000 0.0000 0.0000 0.0004 0.0000 90.0000 0.0000 0.0000 0.0000 0.0000 0.0000 -270.0000 90.0000 0.0000 0.0000 0.0000 0.0000 0.0000 0.0000 0.0000 -90.0000 0.0000 0.0000 0.0000 -0.0001 0.0000 270.0002 90.0000 0.0000 0.0000 0.0000 0.0000 0.0000 0.0000 0.0000 
0.0000 94.0000 0.0000 0.0000 0.0000 0.0000 0.0000 0.0001 180.0000 0.0000 0.0000 0.0000 0.0000 0.0000 0.0000 0.0000 0.0000 0.0000 0.0000 0.0000 0.0000 0.0000 0.0000 0.0000 0.0000 0.0000 0.0000 0.0000 0.0000 90.0001 89.9999 0.0000 0.0000 0.0000 0.0000 0.0001 0.0000 0.0000 0.0000 40.8933 20.7046 -22.2077 -4.1067 -20.7048 22.2077 0.0000 0.0000 0.0000 0.0000 0.0003 0.0000 -0.0001 -0.0001 20.0000 0.0000 0.0001 -20.0000 0.0000 0.0000 0.0000 0.0000 0.0000 0.0000 0.0000 0.0000 0.0000 0.0000 -0.0001 10.0000 -0.0001 0.0000 -10.0000 0.0000 0.0000 0.0000 0.0000 0.0000 0.0000 0.0000 0.0000 0.0000 0.0000 -0.0001 -0.0001 -0.0001 0.0001 0.0000 0.0000 0.0000 0.0000 0.0000 0.0000 0.0000 0.0000 0.0000 0.0000 0.0000 -0.0001 -10.0001 -0.0001 0.0001 10.0000 0.0000 0.0000 0.0000 0.0000 0.0000 0.0000 0.0000 0.0000 0.0000 0.0000 0.0000 -90.0000 -89.9999 0.0000 0.0000 0.0001 0.0000 0.0001 0.0000 0.0000 0.0000 0.0001 -0.0001 -20.0000 0.0000 0.0001 20.0000 -0.0003 0.0000 -0.0001 0.0000 0.0000 0.0000 0.0000 0.0000 0.0000 0.0000 -0.0001 -9.9999 -0.0002 0.0001 9.9999 0.0000 0.0000 0.0000 0.0000 0.0000 0.0000 0.0000 0.0000 0.0000 -0.0001 0.0000 0.0000 0.0000 0.0000 0.0000 0.0000 0.0001 0.0000 0.0001 0.0000 0.0000 0.0000 0.0000 0.0000 0.0000 0.0000 10.0001 -0.0001 0.0000 -10.0001 0.0000 0.0000 0.0000 0.0000 0.0000 0.0000 0.0002 0.0000 0.0000 -40.8933 20.7047 22.2076 4.1067 -20.7047 -22.2077 0.0000 0.0000 0.0000 0.0000 0.0004 0.0000 90.0000 0.0000 0.0000 0.0000 0.0000 0.0000 -270.0000 90.0000 0.0000 0.0000 0.0000 0.0000 0.0000 0.0000 0.0000 -90.0000 0.0000 0.0000 0.0000 -0.0001 0.0000 270.0002 90.0000 0.0000 0.0000 0.0000 0.0000 0.0000 0.0000 0.0000
0.0000 94.0000 0.0000 0.0000 0.0000 0.0000 0.0000 0.0001 180.0000 0.0000 0.0000 0.0000 0.0000 0.0000 0.0000 0.0000 0.0000 0.0000 0.0000 0.0000 0.0000 0.0000 0.0000 0.0000 0.0000 0.0000 0.0000 0.0000 0.0000 90.0001 89.9999 0.0000 0.0000 0.0000 0.0000 0.0001 0.0000 0.0000 0.0000 40.8933 20.7046 -22.2077 -4.1067 -20.7048 22.2077 0.0000 0.0000 0.0000 0.0000 0.0003 0.0000 -0.0001 -0.0001 20.0000 0.0000 0.0001 -20.0000 0.0000 0.0000 0.0000 0.0000 0.0000 0.0000 0.0000 0.0000 0.0000 0.0000 -0.0001 10.0000 -0.0001 0.0000 -10.0000 0.0000 0.0000 0.0000 0.0000 0.0000 0.0000 0.0000 0.0000 0.0000 0.0000 -0.0001 -0.0001 -0.0001 0.0001 0.0000 0.0000 0.0000 0.0000 0.0000 0.0000 0.0000 0.0000 0.0000 0.0000 0.0000 -0.0001 -10.0001 -0.0001 0.0001 10.0000 0.0000 0.0000 0.0000 0.0000 0.0000 0.0000 0.0000 0.0000 0.0000 0.0000 0.0000 -90.0000 -89.9999 0.0000 0.0000 0.0001 0.0000 0.0001 0.0000 0.0000 0.0000 0.0001 -0.0001 -20.0000 0.0000 0.0001 20.0000 -0.0003 0.0000 -0.0001 0.0000 0.0000 0.0000 0.0000 0.0000 0.0000 0.0000 -0.0001 -9.9999 -0.0002 0.0001 9.9999 0.0000 0.0000 0.0000 0.0000 0.0000 0.0000 0.0000 0.0000 0.0000 -0.0001 0.0000 0.0000 0.0000 0.0000 0.0000 0.0000 0.0001 0.0000 0.0001 0.0000 0.0000 0.0000 0.0000 0.0000 0.0000 0.0000 10.0001 -0.0001 0.0000 -10.0001 0.0000 0.0000 0.0000 0.0000 0.0000 0.0000 0.0002 0.0000 0.0000 -40.8933 20.7047 22.2076 4.1067 -20.7047 -22.2077 0.0000 0.0000 0.0000 0.0000 0.0004 0.0000 90.0000 0.0000 0.0000 0.0000 0.0000 0.0000 -270.0000 90.0000 0.0000 0.0000 0.0000 0.0000 0.0000 0.0000 0.0000 -90.0000 0.0000 0.0000 0.0000 -0.0001 0.0000 270.0002 90.0000 0.0000 0.0000 0.0000 0.0000 0.0000 0.0000 0.0000 
0.0000 94.0000 0.0000 0.0000 0.0000 0.0000 0.0000 0.0001 180.0000 0.0000 0.0000 0.0000 0.0000 0.0000 0.0000 0.0000 0.0000 0.0000 0.0000 0.0000 0.0000 0.0000 0.0000 0.0000 0.0000 0.0000 0.0000 0.0000 0.0000 90.0001 89.9999 0.0000 0.0000 0.0000 0.0000 0.0001 0.0000 0.0000 0.0000 40.8933 20.7046 -22.2077 -4.1067 -20.7048 22.2077 0.0000 0.0000 0.0000 0.0000 0.0003 0.0000 -0.0001 -0.0001 20.0000 0.0000 0.0001 -20.0000 0.0000 0.0000 0.0000 0.0000 0.0000 0.0000 0.0000 0.0000 0.0000 0.0000 -0.0001 10.0000 -0.0001 0.0000 -10.0000 0.0000 0.0000 0.0000 0.0000 0.0000 0.0000 0.0000 0.0000 0.0000 0.0000 -0.0001 -0.0001 -0.0001 0.0001 0.0000 0.0000 0.0000 0.0000 0.0000 0.0000 0.0000 0.0000 0.0000 0.0000 0.0000 -0.0001 -10.0001 -0.0001 0.0001 10.0000 0.0000 0.0000 0.0000 0.0000 0.0000 0.0000 0.0000 0.0000 0.0000 0.0000 0.0000 -90.0000 -89.9999 0.0000 0.0000 0.0001 0.0000 0.0001 0.0000 0.0000 0.0000 0.0001 -0.0001 -20.0000 0.0000 0.0001 20.0000 -0.0003 0.0000 -0.0001 0.0000 0.0000 0.0000 0.0000 0.0000 0.0000 0.0000 -0.0001 -9.9999 -0.0002 0.0001 9.9999 0.0000 0.0000 0.0000 0.0000 0.0000 0.0000 0.0000 0.0000 0.0000 -0.0001 0.0000 0.0000 0.0000 0.0000 0.0000 0.0000 0.0001 0.0000 0.0001 0.0000 0.0000 0.0000 0.0000 0.0000 0.0000 0.0000 10.0001 -0.0001 0.0000 -10.0001 0.0000 0.0000 0.0000 0.0000 0.0000 0.0000 0.0002 0.0000 0.0000 -40.8933 20.7047 22.2076 4.1067 -20.7047 -22.2077 0.0000 0.0000 0.0000 0.0000 0.0004 0.0000 90.0000 0.0000 0.0000 0.0000 0.0000 0.0000 -270.0000 90.0000 0.0000 0.0000 0.0000 0.0000 0.0000 0.0000 0.0000 -90.0000 0.0000 0.0000 0.0000 -0.0001 0.0000 270.0002 90.0000 0.0000 0.0000 0.0000 0.0000 0.0000 0.0000 0.0000 
0.0000 94.0000 0.0000 0.0000 0.0000 0.0000 0.0000 0.0001 180.0000 0.0000 0.0000 0.0000 0.0000 0.0000 0.0000 0.0000 0.0000 0.0000 0.0000 0.0000 0.0000 0.0000 0.0000 0.0000 0.0000 0.0000 0.0000 0.0000 0.0000 90.0001 89.9999 0.0000 0.0000 0.0000 0.0000 0.0001 0.0000 0.0000 0.0000 40.8933 20.7046 -22.2077 -4.1067 -20.7048 22.2077 0.0000 0.0000 0.0000 0.0000 0.0003 0.0000 -0.0001 -0.0001 20.0000 0.0000 0.0001 -20.0000 0.0000 0.0000 0.0000 0.0000 0.0000 0.0000 0.0000 0.0000 0.0000 0.0000 -0.0001 10.0000 -0.0001 0.0000 -10.0000 0.0000 0.0000 0.0000 0.0000 0.0000 0.0000 0.0000 0.0000 0.0000 0.0000 -0.0001 -0.0001 -0.0001 0.0001 0.0000 0.0000 0.0000 0.0000 0.0000 0.0000 0.0000 0.0000 0.0000 0.0000 0.0000 -0.0001 -10.0001 -0.0001 0.0001 10.0000 0.0000 0.0000 0.0000 0.0000 0.0000 0.0000 0.0000 0.0000 0.0000 0.0000 0.0000 -90.0000 -89.9999 0.0000 0.0000 0.0001 0.0000 0.0001 0.0000 0.0000 0.0000 0.0001 -0.0001 -20.0000 0.0000 0.0001 20.0000 -0.0003 0.0000 -0.0001 0.0000 0.0000 0.0000 0.0000 0.0000 0.0000 0.0000 -0.0001 -9.9999 -0.0002 0.0001 9.9999 0.0000 0.0000 0.0000 0.0000 0.0000 0.0000 0.0000 0.0000 0.0000 -0.0001 0.0000 0.0000 0.0000 0.0000 0.0000 0.0000 0.0001 0.0000 0.0001 0.0000 0.0000 0.0000 0.0000 0.0000 0.0000 0.0000 10.0001 -0.0001 0.0000 -10.0001 0.0000 0.0000 0.0000 0.0000 0.0000 0.0000 0.0002 0.0000 0.0000 -40.8933 20.7047 22.2076 4.1067 -20.7047 -22.2077 0.0000 0.0000 0.0000 0.0000 0.0004 0.0000 90.0000 0.0000 0.0000 0.0000 0.0000 0.0000 -270.0000 90.0000 0.0000 0.0000 0.0000 0.0000 0.0000 0.0000 0.0000 -90.0000 0.0000 0.0000 0.0000 -0.0001 0.0000 270.0002 90.0000 0.0000 0.0000 0.0000 0.0000 0.0000 0.0000 0.0000 
0.0000 94.0000 0.0000 0.0000 0.0000 0.0000 0.0000 0.0001 180.0000 0.0000 0.0000 0.0000 0.0000 0.0000 0.0000 0.0000 0.0000 0.0000 0.0000 0.0000 0.0000 0.0000 0.0000 0.0000 0.0000 0.0000 0.0000 0.0000 0.0000 90.0001 89.9999 0.0000 0.0000 0.0000 0.0000 0.0001 0.0000 0.0000 0.0000 40.8933 20.7046 -22.2077 -4.1067 -20.7048 22.2077 0.0000 0.0000 0.0000 0.0000 0.0003 0.0000 -0.0001 -0.0001 20.0000 0.0000 0.0001 -20.0000 0.0000 0.0000 0.0000 0.0000 0.0000 0.0000 0.0000 0.0000 0.0000 0.0000 -0.0001 10.0000 -0.0001 0.0000 -10.0000 0.0000 0.0000 0.0000 0.0000 0.0000 0.0000 0.0000 0.0000 0.0000 0.0000 -0.0001 -0.0001 -0.0001 0.0001 0.0000 0.0000 0.0000 0.0000 0.0000 0.0000 0.0000 0.0000 0.0000 0.0000 0.0000 -0.0001 -10.0001 -0.0001 0.0001 10.0000 0.0000 0.0000 0.0000 0.0000 0.0000 0.0000 0.0000 0.0000 0.0000 0.0000 0.0000 -90.0000 -89.9999 0.0000 0.0000 0.0001 0.0000 0.0001 0.0000 0.0000 0.0000 0.0001 -0.0001 -20.0000 0.0000 0.0001 20.0000 -0.0003 0.0000 -0.0001 0.0000 0.0000 0.0000 0.0000 0.0000 0.0000 0.0000 -0.0001 -9.9999 -0.0002 0.0001 9.9999 0.0000 0.0000 0.0000 0.0000 0.0000 0.0000 0.0000 0.0000 0.0000 -0.0001 0.0000 0.0000 0.0000 0.0000 0.0000 0.0000 0.0001 0.0000 0.0001 0.0000 0.0000 0.0000 0.0000 0.0000 0.0000 0.0000 10.0001 -0.0001 0.0000 -10.0001 0.0000 0.0000 0.0000 0.0000 0.0000 0.0000 0.0002 0.0000 0.0000 -40.8933 20.7047 22.2076 4.1067 -20.7047 -22.2077 0.0000 0.0000 0.0000 0.0000 0.0004 0.0000 90.0000 0.0000 0.0000 0.0000 0.0000 0.0000 -270.0000 90.0000 0.0000 0.0000 0.0000 0.0000 0.0000 0.0000 0.0000 -90.0000 0.0000 0.0000 0.0000 -0.0001 0.0000 270.0002 90.0000 0.0000 0.0000 0.0000 0.0000 0.0000 0.0000 0.0000 
0.0000 94.0000 0.0000 0.0000 0.0000 0.0000 0.0000 0.0001 180.0000 0.0000 0.0000 0.0000 0.0000 0.0000 0.0000 0.0000 0.0000 0.0000 0.0000 0.0000 0.0000 0.0000 0.0000 0.0000 0.0000 0.0000 0.0000 0.0000 0.0000 90.0001 89.9999 0.0000 0.0000 0.0000 0.0000 0.0001 0.0000 0.0000 0.0000 40.8933 20.7046 -22.2077 -4.1067 -20.7048 22.2077 0.0000 0.0000 0.0000 0.0000 0.0003 0.0000 -0.0001 -0.0001 20.0000 0.0000 0.0001 -20.0000 0.0000 0.0000 0.0000 0.0000 0.0000 0.0000 0.0000 0.0000 0.0000 0.0000 -0.0001 10.0000 -0.0001 0.0000 -10.0000 0.0000 0.0000 0.0000 0.0000 0.0000 0.0000 0.0000 0.0000 0.0000 0.0000 -0.0001 -0.0001 -0.0001 0.0001 0.0000 0.0000 0.0000 0.0000 0.0000 0.0000 0.0000 0.0000 0.0000 0.0000 0.0000 -0.0001 -10.0001 -0.0001 0.0001 10.0000 0.0000 0.0000 0.0000 0.0000 0.0000 0.0000 0.0000 0.0000 0.0000 0.0000 0.0000 -90.0000 -89.9999 0.0000 0.0000 0.0001 0.0000 0.0001 0.0000 0.0000 0.0000 0.0001 -0.0001 -20.0000 0.0000 0.0001 20.0000 -0.0003 0.0000 -0.0001 0.0000 0.0000 0.0000 0.0000 0.0000 0.0000 0.0000 -0.0001 -9.9999 -0.0002 0.0001 9.9999 0.0000 0.0000 0.0000 0.0000 0.0000 0.0000 0.0000 0.0000 0.0000 -0.0001 0.0000 0.0000 0.0000 0.0000 0.0000 0.0000 0.0001 0.0000 0.0001 0.0000 0.0000 0.0000 0.0000 0.0000 0.0000 0.0000 10.0001 -0.0001 0.0000 -10.0001 0.0000 0.0000 0.0000 0.0000 0.0000 0.0000 0.0002 0.0000 0.0000 -40.8933 20.7047 22.2076 4.1067 -20.7047 -22.2077 0.0000 0.0000 0.0000 0.0000 0.0004 0.0000 90.0000 0.0000 0.0000 0.0000 0.0000 0.0000 -270.0000 90.0000 0.0000 0.0000 0.0000 0.0000 0.0000 0.0000 0.0000 -90.0000 0.0000 0.0000 0.0000 -0.0001 0.0000 270.0002 90.0000 0.0000 0.0000 0.0000 0.0000 0.0000 0.0000 0.0000 
0.0000 94.0000 0.0000 0.0000 0.0000 0.0000 0.0000 0.0001 180.0000 0.0000 0.0000 0.0000 0.0000 0.0000 0.0000 0.0000 0.0000 0.0000 0.0000 0.0000 0.0000 0.0000 0.0000 0.0000 0.0000 0.0000 0.0000 0.0000 0.0000 90.0001 89.9999 0.0000 0.0000 0.0000 0.0000 0.0001 0.0000 0.0000 0.0000 40.8933 20.7046 -22.2077 -4.1067 -20.7048 22.2077 0.0000 0.0000 0.0000 0.0000 0.0003 0.0000 -0.0001 -0.0001 20.0000 0.0000 0.0001 -20.0000 0.0000 0.0000 0.0000 0.0000 0.0000 0.0000 0.0000 0.0000 0.0000 0.0000 -0.0001 10.0000 -0.0001 0.0000 -10.0000 0.0000 0.0000 0.0000 0.0000 0.0000 0.0000 0.0000 0.0000 0.0000 0.0000 -0.0001 -0.0001 -0.0001 0.0001 0.0000 0.0000 0.0000 0.0000 0.0000 0.0000 0.0000 0.0000 0.0000 0.0000 0.0000 -0.0001 -10.0001 -0.0001 0.0001 10.0000 0.0000 0.0000 0.0000 0.0000 0.0000 0.0000 0.0000 0.0000 0.0000 0.0000 0.0000 -90.0000 -89.9999 0.0000 0.0000 0.0001 0.0000 0.0001 0.0000 0.0000 0.0000 0.0001 -0.0001 -20.0000 0.0000 0.0001 20.0000 -0.0003 0.0000 -0.0001 0.0000 0.0000 0.0000 0.0000 0.0000 0.0000 0.0000 -0.0001 -9.9999 -0.0002 0.0001 9.9999 0.0000 0.0000 0.0000 0.0000 0.0000 0.0000 0.0000 0.0000 0.0000 -0.0001 0.0000 0.0000 0.0000 0.0000 0.0000 0.0000 0.0001 0.0000 0.0001 0.0000 0.0000 0.0000 0.0000 0.0000 0.0000 0.0000 10.0001 -0.0001 0.0000 -10.0001 0.0000 0.0000 0.0000 0.0000 0.0000 0.0000 0.0002 0.0000 0.0000 -40.8933 20.7047 22.2076 4.1067 -20.7047 -22.2077 0.0000 0.0000 0.0000 0.0000 0.0004 0.0000 90.0000 0.0000 0.0000 0.0000 0.0000 0.0000 -270.0000 90.0000 0.0000 0.0000 0.0000 0.0000 0.0000 0.0000 0.0000 -90.0000 0.0000 0.0000 0.0000 -0.0001 0.0000 270.0002 90.0000 0.0000 0.0000 0.0000 0.0000 0.0000 0.0000 0.0000 
0.0000 94.0000 0.0000 0.0000 0.0000 0.0000 0.0000 0.0001 180.0000 0.0000 0.0000 0.0000 0.0000 0.0000 0.0000 0.0000 0.0000 0.0000 0.0000 0.0000 0.0000 0.0000 0.0000 0.0000 0.0000 0.0000 0.0000 0.0000 0.0000 90.0001 89.9999 0.0000 0.0000 0.0000 0.0000 0.0001 0.0000 0.0000 0.0000 40.8933 20.7046 -22.2077 -4.1067 -20.7048 22.2077 0.0000 0.0000 0.0000 0.0000 0.0003 0.0000 -0.0001 -0.0001 20.0000 0.0000 0.0001 -20.0000 0.0000 0.0000 0.0000 0.0000 0.0000 0.0000 0.0000 0.0000 0.0000 0.0000 -0.0001 10.0000 -0.0001 0.0000 -10.0000 0.0000 0.0000 0.0000 0.0000 0.0000 0.0000 0.0000 0.0000 0.0000 0.0000 -0.0001 -0.0001 -0.0001 0.0001 0.0000 0.0000 0.0000 0.0000 0.0000 0.0000 0.0000 0.0000 0.0000 0.0000 0.0000 -0.0001 -10.0001 -0.0001 0.0001 10.0000 0.0000 0.0000 0.0000 0.0000 0.0000 0.0000 0.0000 0.0000 0.0000 0.0000 0.0000 -90.0000 -89.9999 0.0000 0.0000 0.0001 0.0000 0.0001 0.0000 0.0000 0.0000 0.0001 -0.0001 -20.0000 0.0000 0.0001 20.0000 -0.0003 0.0000 -0.0001 0.0000 0.0000 0.0000 0.0000 0.0000 0.0000 0.0000 -0.0001 -9.9999 -0.0002 0.0001 9.9999 0.0000 0.0000 0.0000 0.0000 0.0000 0.0000 0.0000 0.0000 0.0000 -0.0001 0.0000 0.0000 0.0000 0.0000 0.0000 0.0000 0.0001 0.0000 0.0001 0.0000 0.0000 0.0000 0.0000 0.0000 0.0000 0.0000 10.0001 -0.0001 0.0000 -10.0001 0.0000 0.0000 0.0000 0.0000 0.0000 0.0000 0.0002 0.0000 0.0000 -40.8933 20.7047 22.2076 4.1067 -20.7047 -22.2077 0.0000 0.0000 0.0000 0.0000 0.0004 0.0000 90.0000 0.0000 0.0000 0.0000 0.0000 0.0000 -270.0000 90.0000 0.0000 0.0000 0.0000 0.0000 0.0000 0.0000 0.0000 -90.0000 0.0000 0.0000 0.0000 -0.0001 0.0000 270.0002 90.0000 0.0000 0.0000 0.0000 0.0000 0.0000 0.0000 0.0000 
0.0000 94.0000 0.0000 0.0000 0.0000 0.0000 0.0000 0.0001 180.0000 0.0000 0.0000 0.0000 0.0000 0.0000 0.0000 0.0000 0.0000 0.0000 0.0000 0.0000 0.0000 0.0000 0.0000 0.0000 0.0000 0.0000 0.0000 0.0000 0.0000 90.0001 89.9999 0.0000 0.0000 0.0000 0.0000 0.0001 0.0000 0.0000 0.0000 40.8933 20.7046 -22.2077 -4.1067 -20.7048 22.2077 0.0000 0.0000 0.0000 0.0000 0.0003 0.0000 -0.0001 -0.0001 20.0000 0.0000 0.0001 -20.0000 0.0000 0.0000 0.0000 0.0000 0.0000 0.0000 0.0000 0.0000 0.0000 0.0000 -0.0001 10.0000 -0.0001 0.0000 -10.0000 0.0000 0.0000 0.0000 0.0000 0.0000 0.0000 0.0000 0.0000 0.0000 0.0000 -0.0001 -0.0001 -0.0001 0.0001 0.0000 0.0000 0.0000 0.0000 0.0000 0.0000 0.0000 0.0000 0.0000 0.0000 0.0000 -0.0001 -10.0001 -0.0001 0.0001 10.0000 0.0000 0.0000 0.0000 0.0000 0.0000 0.0000 0.0000 0.0000 0.0000 0.0000 0.0000 -90.0000 -89.9999 0.0000 0.0000 0.0001 0.0000 0.0001 0.0000 0.0000 0.0000 0.0001 -0.0001 -20.0000 0.0000 0.0001 20.0000 -0.0003 0.0000 -0.0001 0.0000 0.0000 0.0000 0.0000 0.0000 0.0000 0.0000 -0.0001 -9.9999 -0.0002 0.0001 9.9999 0.0000 0.0000 0.0000 0.0000 0.0000 0.0000 0.0000 0.0000 0.0000 -0.0001 0.0000 0.0000 0.0000 0.0000 0.0000 0.0000 0.0001 0.0000 0.0001 0.0000 0.0000 0.0000 0.0000 0.0000 0.0000 0.0000 10.0001 -0.0001 0.0000 -10.0001 0.0000 0.0000 0.0000 0.0000 0.0000 0.0000 0.0002 0.0000 0.0000 -40.8933 20.7047 22.2076 4.1067 -20.7047 -22.2077 0.0000 0.0000 0.0000 0.0000 0.0004 0.0000 90.0000 0.0000 0.0000 0.0000 0.0000 0.0000 -270.0000 90.0000 0.0000 0.0000 0.0000 0.0000 0.0000 0.0000 0.0000 -90.0000 0.0000 0.0000 0.0000 -0.0001 0.0000 270.0002 90.0000 0.0000 0.0000 0.0000 0.0000 0.0000 0.0000 0.0000 
0.0000 94.0000 0.0000 0.0000 0.0000 0.0000 0.0000 0.0001 180.0000 0.0000 0.0000 0.0000 0.0000 0.0000 0.0000 0.0000 0.0000 0.0000 0.0000 0.0000 0.0000 0.0000 0.0000 0.0000 0.0000 0.0000 0.0000 0.0000 0.0000 90.0001 89.9999 0.0000 0.0000 0.0000 0.0000 0.0001 0.0000 0.0000 0.0000 40.8933 20.7046 -22.2077 -4.1067 -20.7048 22.2077 0.0000 0.0000 0.0000 0.0000 0.0003 0.0000 -0.0001 -0.0001 20.0000 0.0000 0.0001 -20.0000 0.0000 0.0000 0.0000 0.0000 0.0000 0.0000 0.0000 0.0000 0.0000 0.0000 -0.0001 10.0000 -0.0001 0.0000 -10.0000 0.0000 0.0000 0.0000 0.0000 0.0000 0.0000 0.0000 0.0000 0.0000 0.0000 -0.0001 -0.0001 -0.0001 0.0001 0.0000 0.0000 0.0000 0.0000 0.0000 0.0000 0.0000 0.0000 0.0000 0.0000 0.0000 -0.0001 -10.0001 -0.0001 0.0001 10.0000 0.0000 0.0000 0.0000 0.0000 0.0000 0.0000 0.0000 0.0000 0.0000 0.0000 0.0000 -90.0000 -89.9999 0.0000 0.0000 0.0001 0.0000 0.0001 0.0000 0.0000 0.0000 0.0001 -0.0001 -20.0000 0.0000 0.0001 20.0000 -0.0003 0.0000 -0.0001 0.0000 0.0000 0.0000 0.0000 0.0000 0.0000 0.0000 -0.0001 -9.9999 -0.0002 0.0001 9.9999 0.0000 0.0000 0.0000 0.0000 0.0000 0.0000 0.0000 0.0000 0.0000 -0.0001 0.0000 0.0000 0.0000 0.0000 0.0000 0.0000 0.0001 0.0000 0.0001 0.0000 0.0000 0.0000 0.0000 0.0000 0.0000 0.0000 10.0001 -0.0001 0.0000 -10.0001 0.0000 0.0000 0.0000 0.0000 0.0000 0.0000 0.0002 0.0000 0.0000 -40.8933 20.7047 22.2076 4.1067 -20.7047 -22.2077 0.0000 0.0000 0.0000 0.0000 0.0004 0.0000 90.0000 0.0000 0.0000 0.0000 0.0000 0.0000 -270.0000 90.0000 0.0000 0.0000 0.0000 0.0000 0.0000 0.0000 0.0000 -90.0000 0.0000 0.0000 0.0000 -0.0001 0.0000 270.0002 90.0000 0.0000 0.0000 0.0000 0.0000 0.0000 0.0000 0.0000 
0.0000 94.0000 0.0000 0.0000 0.0000 0.0000 0.0000 0.0001 180.0000 0.0000 0.0000 0.0000 0.0000 0.0000 0.0000 0.0000 0.0000 0.0000 0.0000 0.0000 0.0000 0.0000 0.0000 0.0000 0.0000 0.0000 0.0000 0.0000 0.0000 90.0001 89.9999 0.0000 0.0000 0.0000 0.0000 0.0001 0.0000 0.0000 0.0000 40.8933 20.7046 -22.2077 -4.1067 -20.7048 22.2077 0.0000 0.0000 0.0000 0.0000 0.0003 0.0000 -0.0001 -0.0001 20.0000 0.0000 0.0001 -20.0000 0.0000 0.0000 0.0000 0.0000 0.0000 0.0000 0.0000 0.0000 0.0000 0.0000 -0.0001 10.0000 -0.0001 0.0000 -10.0000 0.0000 0.0000 0.0000 0.0000 0.0000 0.0000 0.0000 0.0000 0.0000 0.0000 -0.0001 -0.0001 -0.0001 0.0001 0.0000 0.0000 0.0000 0.0000 0.0000 0.0000 0.0000 0.0000 0.0000 0.0000 0.0000 -0.0001 -10.0001 -0.0001 0.0001 10.0000 0.0000 0.0000 0.0000 0.0000 0.0000 0.0000 0.0000 0.0000 0.0000 0.0000 0.0000 -90.0000 -89.9999 0.0000 0.0000 0.0001 0.0000 0.0001 0.0000 0.0000 0.0000 0.0001 -0.0001 -20.0000 0.0000 0.0001 20.0000 -0.0003 0.0000 -0.0001 0.0000 0.0000 0.0000 0.0000 0.0000 0.0000 0.0000 -0.0001 -9.9999 -0.0002 0.0001 9.9999 0.0000 0.0000 0.0000 0.0000 0.0000 0.0000 0.0000 0.0000 0.0000 -0.0001 0.0000 0.0000 0.0000 0.0000 0.0000 0.0000 0.0001 0.0000 0.0001 0.0000 0.0000 0.0000 0.0000 0.0000 0.0000 0.0000 10.0001 -0.0001 0.0000 -10.0001 0.0000 0.0000 0.0000 0.0000 0.0000 0.0000 0.0002 0.0000 0.0000 -40.8933 20.7047 22.2076 4.1067 -20.7047 -22.2077 0.0000 0.0000 0.0000 0.0000 0.0004 0.0000 90.0000 0.0000 0.0000 0.0000 0.0000 0.0000 -270.0000 90.0000 0.0000 0.0000 0.0000 0.0000 0.0000 0.0000 0.0000 -90.0000 0.0000 0.0000 0.0000 -0.0001 0.0000 270.0002 90.0000 0.0000 0.0000 0.0000 0.0000 0.0000 0.0000 0.0000
0.0000 94.0000 0.0000 0.0000 0.0000 0.0000 0.0000 0.0001 180.0000 0.0000 0.0000 0.0000 0.0000 0.0000 0.0000 0.0000 0.0000 0.0000 0.0000 0.0000 0.0000 0.0000 0.0000 0.0000 0.0000 0.0000 0.0000 0.0000 0.0000 90.0001 89.9999 0.0000 0.0000 0.0000 0.0000 0.0001 0.0000 0.0000 0.0000 40.8933 20.7046 -22.2077 -4.1067 -20.7048 22.2077 0.0000 0.0000 0.0000 0.0000 0.0003 0.0000 -0.0001 -0.0001 20.0000 0.0000 0.0001 -20.0000 0.0000 0.0000 0.0000 0.0000 0.0000 0.0000 0.0000 0.0000 0.0000 0.0000 -0.0001 10.0000 -0.0001 0.0000 -10.0000 0.0000 0.0000 0.0000 0.0000 0.0000 0.0000 0.0000 0.0000 0.0000 0.0000 -0.0001 -0.0001 -0.0001 0.0001 0.0000 0.0000 0.0000 0.0000 0.0000 0.0000 0.0000 0.0000 0.0000 0.0000 0.0000 -0.0001 -10.0001 -0.0001 0.0001 10.0000 0.0000 0.0000 0.0000 0.0000 0.0000 0.0000 0.0000 0.0000 0.0000 0.0000 0.0000 -90.0000 -89.9999 0.0000 0.0000 0.0001 0.0000 0.0001 0.0000 0.0000 0.0000 0.0001 -0.0001 -20.0000 0.0000 0.0001 20.0000 -0.0003 0.0000 -0.0001 0.0000 0.0000 0.0000 0.0000 0.0000 0.0000 0.0000 -0.0001 -9.9999 -0.0002 0.0001 9.9999 0.0000 0.0000 0.0000 0.0000 0.0000 0.0000 0.0000 0.0000 0.0000 -0.0001 0.0000 0.0000 0.0000 0.0000 0.0000 0.0000 0.0001 0.0000 0.0001 0.0000 0.0000 0.0000 0.0000 0.0000 0.0000 0.0000 10.0001 -0.0001 0.0000 -10.0001 0.0000 0.0000 0.0000 0.0000 0.0000 0.0000 0.0002 0.0000 0.0000 -40.8933 20.7047 22.2076 4.1067 -20.7047 -22.2077 0.0000 0.0000 0.0000 0.0000 0.0004 0.0000 90.0000 0.0000 0.0000 0.0000 0.0000 0.0000 -270.0000 90.0000 0.0000 0.0000 0.0000 0.0000 0.0000 0.0000 0.0000 -90.0000 0.0000 0.0000 0.0000 -0.0001 0.0000 270.0002 90.0000 0.0000 0.0000 0.0000 0.0000 0.0000 0.0000 0.0000 
0.0000 94.0000 0.0000 0.0000 0.0000 0.0000 0.0000 0.0001 180.0000 0.0000 0.0000 0.0000 0.0000 0.0000 0.0000 0.0000 0.0000 0.0000 0.0000 0.0000 0.0000 0.0000 0.0000 0.0000 0.0000 0.0000 0.0000 0.0000 0.0000 90.0001 89.9999 0.0000 0.0000 0.0000 0.0000 0.0001 0.0000 0.0000 0.0000 40.8933 20.7046 -22.2077 -4.1067 -20.7048 22.2077 0.0000 0.0000 0.0000 0.0000 0.0003 0.0000 -0.0001 -0.0001 20.0000 0.0000 0.0001 -20.0000 0.0000 0.0000 0.0000 0.0000 0.0000 0.0000 0.0000 0.0000 0.0000 0.0000 -0.0001 10.0000 -0.0001 0.0000 -10.0000 0.0000 0.0000 0.0000 0.0000 0.0000 0.0000 0.0000 0.0000 0.0000 0.0000 -0.0001 -0.0001 -0.0001 0.0001 0.0000 0.0000 0.0000 0.0000 0.0000 0.0000 0.0000 0.0000 0.0000 0.0000 0.0000 -0.0001 -10.0001 -0.0001 0.0001 10.0000 0.0000 0.0000 0.0000 0.0000 0.0000 0.0000 0.0000 0.0000 0.0000 0.0000 0.0000 -90.0000 -89.9999 0.0000 0.0000 0.0001 0.0000 0.0001 0.0000 0.0000 0.0000 0.0001 -0.0001 -20.0000 0.0000 0.0001 20.0000 -0.0003 0.0000 -0.0001 0.0000 0.0000 0.0000 0.0000 0.0000 0.0000 0.0000 -0.0001 -9.9999 -0.0002 0.0001 9.9999 0.0000 0.0000 0.0000 0.0000 0.0000 0.0000 0.0000 0.0000 0.0000 -0.0001 0.0000 0.0000 0.0000 0.0000 0.0000 0.0000 0.0001 0.0000 0.0001 0.0000 0.0000 0.0000 0.0000 0.0000 0.0000 0.0000 10.0001 -0.0001 0.0000 -10.0001 0.0000 0.0000 0.0000 0.0000 0.0000 0.0000 0.0002 0.0000 0.0000 -40.8933 20.7047 22.2076 4.1067 -20.7047 -22.2077 0.0000 0.0000 0.0000 0.0000 0.0004 0.0000 90.0000 0.0000 0.0000 0.0000 0.0000 0.0000 -270.0000 90.0000 0.0000 0.0000 0.0000 0.0000 0.0000 0.0000 0.0000 -90.0000 0.0000 0.0000 0.0000 -0.0001 0.0000 270.0002 90.0000 0.0000 0.0000 0.0000 0.0000 0.0000 0.0000 0.0000 
0.0000 94.0000 0.0000 0.0000 0.0000 0.0000 0.0000 0.0001 180.0000 0.0000 0.0000 0.0000 0.0000 0.0000 0.0000 0.0000 0.0000 0.0000 0.0000 0.0000 0.0000 0.0000 0.0000 0.0000 0.0000 0.0000 0.0000 0.0000 0.0000 90.0001 89.9999 0.0000 0.0000 0.0000 0.0000 0.0001 0.0000 0.0000 0.0000 40.8933 20.7046 -22.2077 -4.1067 -20.7048 22.2077 0.0000 0.0000 0.0000 0.0000 0.0003 0.0000 -0.0001 -0.0001 20.0000 0.0000 0.0001 -20.0000 0.0000 0.0000 0.0000 0.0000 0.0000 0.0000 0.0000 0.0000 0.0000 0.0000 -0.0001 10.0000 -0.0001 0.0000 -10.0000 0.0000 0.0000 0.0000 0.0000 0.0000 0.0000 0.0000 0.0000 0.0000 0.0000 -0.0001 -0.0001 -0.0001 0.0001 0.0000 0.0000 0.0000 0.0000 0.0000 0.0000 0.0000 0.0000 0.0000 0.0000 0.0000 -0.0001 -10.0001 -0.0001 0.0001 10.0000 0.0000 0.0000 0.0000 0.0000 0.0000 0.0000 0.0000 0.0000 0.0000 0.0000 0.0000 -90.0000 -89.9999 0.0000 0.0000 0.0001 0.0000 0.0001 0.0000 0.0000 0.0000 0.0001 -0.0001 -20.0000 0.0000 0.0001 20.0000 -0.0003 0.0000 -0.0001 0.0000 0.0000 0.0000 0.0000 0.0000 0.0000 0.0000 -0.0001 -9.9999 -0.0002 0.0001 9.9999 0.0000 0.0000 0.0000 0.0000 0.0000 0.0000 0.0000 0.0000 0.0000 -0.0001 0.0000 0.0000 0.0000 0.0000 0.0000 0.0000 0.0001 0.0000 0.0001 0.0000 0.0000 0.0000 0.0000 0.0000 0.0000 0.0000 10.0001 -0.0001 0.0000 -10.0001 0.0000 0.0000 0.0000 0.0000 0.0000 0.0000 0.0002 0.0000 0.0000 -40.8933 20.7047 22.2076 4.1067 -20.7047 -22.2077 0.0000 0.0000 0.0000 0.0000 0.0004 0.0000 90.0000 0.0000 0.0000 0.0000 0.0000 0.0000 -270.0000 90.0000 0.0000 0.0000 0.0000 0.0000 0.0000 0.0000 0.0000 -90.0000 0.0000 0.0000 0.0000 -0.0001 0.0000 270.0002 90.0000 0.0000 0.0000 0.0000 0.0000 0.0000 0.0000 0.0000 
0.0000 94.0000 0.0000 0.0000 0.0000 0.0000 0.0000 0.0001 180.0000 0.0000 0.0000 0.0000 0.0000 0.0000 0.0000 0.0000 0.0000 0.0000 0.0000 0.0000 0.0000 0.0000 0.0000 0.0000 0.0000 0.0000 0.0000 0.0000 0.0000 90.0001 89.9999 0.0000 0.0000 0.0000 0.0000 0.0001 0.0000 0.0000 0.0000 40.8933 20.7046 -22.2077 -4.1067 -20.7048 22.2077 0.0000 0.0000 0.0000 0.0000 0.0003 0.0000 -0.0001 -0.0001 20.0000 0.0000 0.0001 -20.0000 0.0000 0.0000 0.0000 0.0000 0.0000 0.0000 0.0000 0.0000 0.0000 0.0000 -0.0001 10.0000 -0.0001 0.0000 -10.0000 0.0000 0.0000 0.0000 0.0000 0.0000 0.0000 0.0000 0.0000 0.0000 0.0000 -0.0001 -0.0001 -0.0001 0.0001 0.0000 0.0000 0.0000 0.0000 0.0000 0.0000 0.0000 0.0000 0.0000 0.0000 0.0000 -0.0001 -10.0001 -0.0001 0.0001 10.0000 0.0000 0.0000 0.0000 0.0000 0.0000 0.0000 0.0000 0.0000 0.0000 0.0000 0.0000 -90.0000 -89.9999 0.0000 0.0000 0.0001 0.0000 0.0001 0.0000 0.0000 0.0000 0.0001 -0.0001 -20.0000 0.0000 0.0001 20.0000 -0.0003 0.0000 -0.0001 0.0000 0.0000 0.0000 0.0000 0.0000 0.0000 0.0000 -0.0001 -9.9999 -0.0002 0.0001 9.9999 0.0000 0.0000 0.0000 0.0000 0.0000 0.0000 0.0000 0.0000 0.0000 -0.0001 0.0000 0.0000 0.0000 0.0000 0.0000 0.0000 0.0001 0.0000 0.0001 0.0000 0.0000 0.0000 0.0000 0.0000 0.0000 0.0000 10.0001 -0.0001 0.0000 -10.0001 0.0000 0.0000 0.0000 0.0000 0.0000 0.0000 0.0002 0.0000 0.0000 -40.8933 20.7047 22.2076 4.1067 -20.7047 -22.2077 0.0000 0.0000 0.0000 0.0000 0.0004 0.0000 90.0000 0.0000 0.0000 0.0000 0.0000 0.0000 -270.0000 90.0000 0.0000 0.0000 0.0000 0.0000 0.0000 0.0000 0.0000 -90.0000 0.0000 0.0000 0.0000 -0.0001 0.0000 270.0002 90.0000 0.0000 0.0000 0.0000 0.0000 0.0000 0.0000 0.0000 
0.0000 94.0000 0.0000 0.0000 0.0000 0.0000 0.0000 0.0001 180.0000 0.0000 0.0000 0.0000 0.0000 0.0000 0.0000 0.0000 0.0000 0.0000 0.0000 0.0000 0.0000 0.0000 0.0000 0.0000 0.0000 0.0000 0.0000 0.0000 0.0000 90.0001 89.9999 0.0000 0.0000 0.0000 0.0000 0.0001 0.0000 0.0000 0.0000 40.8933 20.7046 -22.2077 -4.1067 -20.7048 22.2077 0.0000 0.0000 0.0000 0.0000 0.0003 0.0000 -0.0001 -0.0001 20.0000 0.0000 0.0001 -20.0000 0.0000 0.0000 0.0000 0.0000 0.0000 0.0000 0.0000 0.0000 0.0000 0.0000 -0.0001 10.0000 -0.0001 0.0000 -10.0000 0.0000 0.0000 0.0000 0.0000 0.0000 0.0000 0.0000 0.0000 0.0000 0.0000 -0.0001 -0.0001 -0.0001 0.0001 0.0000 0.0000 0.0000 0.0000 0.0000 0.0000 0.0000 0.0000 0.0000 0.0000 0.0000 -0.0001 -10.0001 -0.0001 0.0001 10.0000 0.0000 0.0000 0.0000 0.0000 0.0000 0.0000 0.0000 0.0000 0.0000 0.0000 0.0000 -90.0000 -89.9999 0.0000 0.0000 0.0001 0.0000 0.0001 0.0000 0.0000 0.0000 0.0001 -0.0001 -20.0000 0.0000 0.0001 20.0000 -0.0003 0.0000 -0.0001 0.0000 0.0000 0.0000 0.0000 0.0000 0.0000 0.0000 -0.0001 -9.9999 -0.0002 0.0001 9.9999 0.0000 0.0000 0.0000 0.0000 0.0000 0.0000 0.0000 0.0000 0.0000 -0.0001 0.0000 0.0000 0.0000 0.0000 0.0000 0.0000 0.0001 0.0000 0.0001 0.0000 0.0000 0.0000 0.0000 0.0000 0.0000 0.0000 10.0001 -0.0001 0.0000 -10.0001 0.0000 0.0000 0.0000 0.0000 0.0000 0.0000 0.0002 0.0000 0.0000 -40.8933 20.7047 22.2076 4.1067 -20.7047 -22.2077 0.0000 0.0000 0.0000 0.0000 0.0004 0.0000 90.0000 0.0000 0.0000 0.0000 0.0000 0.0000 -270.0000 90.0000 0.0000 0.0000 0.0000 0.0000 0.0000 0.0000 0.0000 -90.0000 0.0000 0.0000 0.0000 -0.0001 0.0000 270.0002 90.0000 0.0000 0.0000 0.0000 0.0000 0.0000 0.0000 0.0000 
0.0000 94.0000 0.0000 0.0000 0.0000 0.0000 0.0000 0.0001 180.0000 0.0000 0.0000 0.0000 0.0000 0.0000 0.0000 0.0000 0.0000 0.0000 0.0000 0.0000 0.0000 0.0000 0.0000 0.0000 0.0000 0.0000 0.0000 0.0000 0.0000 90.0001 89.9999 0.0000 0.0000 0.0000 0.0000 0.0001 0.0000 0.0000 0.0000 40.8933 20.7046 -22.2077 -4.1067 -20.7048 22.2077 0.0000 0.0000 0.0000 0.0000 0.0003 0.0000 -0.0001 -0.0001 20.0000 0.0000 0.0001 -20.0000 0.0000 0.0000 0.0000 0.0000 0.0000 0.0000 0.0000 0.0000 0.0000 0.0000 -0.0001 10.0000 -0.0001 0.0000 -10.0000 0.0000 0.0000 0.0000 0.0000 0.0000 0.0000 0.0000 0.0000 0.0000 0.0000 -0.0001 -0.0001 -0.0001 0.0001 0.0000 0.0000 0.0000 0.0000 0.0000 0.0000 0.0000 0.0000 0.0000 0.0000 0.0000 -0.0001 -10.0001 -0.0001 0.0001 10.0000 0.0000 0.0000 0.0000 0.0000 0.0000 0.0000 0.0000 0.0000 0.0000 0.0000 0.0000 -90.0000 -89.9999 0.0000 0.0000 0.0001 0.0000 0.0001 0.0000 0.0000 0.0000 0.0001 -0.0001 -20.0000 0.0000 0.0001 20.0000 -0.0003 0.0000 -0.0001 0.0000 0.0000 0.0000 0.0000 0.0000 0.0000 0.0000 -0.0001 -9.9999 -0.0002 0.0001 9.9999 0.0000 0.0000 0.0000 0.0000 0.0000 0.0000 0.0000 0.0000 0.0000 -0.0001 0.0000 0.0000 0.0000 0.0000 0.0000 0.0000 0.0001 0.0000 0.0001 0.0000 0.0000 0.0000 0.0000 0.0000 0.0000 0.0000 10.0001 -0.0001 0.0000 -10.0001 0.0000 0.0000 0.0000 0.0000 0.0000 0.0000 0.0002 0.0000 0.0000 -40.8933 20.7047 22.2076 4.1067 -20.7047 -22.2077 0.0000 0.0000 0.0000 0.0000 0.0004 0.0000 90.0000 0.0000 0.0000 0.0000 0.0000 0.0000 -270.0000 90.0000 0.0000 0.0000 0.0000 0.0000 0.0000 0.0000 0.0000 -90.0000 0.0000 0.0000 0.0000 -0.0001 0.0000 270.0002 90.0000 0.0000 0.0000 0.0000 0.0000 0.0000 0.0000 0.0000 
0.0000 94.0000 0.0000 0.0000 0.0000 0.0000 0.0000 0.0001 180.0000 0.0000 0.0000 0.0000 0.0000 0.0000 0.0000 0.0000 0.0000 0.0000 0.0000 0.0000 0.0000 0.0000 0.0000 0.0000 0.0000 0.0000 0.0000 0.0000 0.0000 90.0001 89.9999 0.0000 0.0000 0.0000 0.0000 0.0001 0.0000 0.0000 0.0000 40.8933 20.7046 -22.2077 -4.1067 -20.7048 22.2077 0.0000 0.0000 0.0000 0.0000 0.0003 0.0000 -0.0001 -0.0001 20.0000 0.0000 0.0001 -20.0000 0.0000 0.0000 0.0000 0.0000 0.0000 0.0000 0.0000 0.0000 0.0000 0.0000 -0.0001 10.0000 -0.0001 0.0000 -10.0000 0.0000 0.0000 0.0000 0.0000 0.0000 0.0000 0.0000 0.0000 0.0000 0.0000 -0.0001 -0.0001 -0.0001 0.0001 0.0000 0.0000 0.0000 0.0000 0.0000 0.0000 0.0000 0.0000 0.0000 0.0000 0.0000 -0.0001 -10.0001 -0.0001 0.0001 10.0000 0.0000 0.0000 0.0000 0.0000 0.0000 0.0000 0.0000 0.0000 0.0000 0.0000 0.0000 -90.0000 -89.9999 0.0000 0.0000 0.0001 0.0000 0.0001 0.0000 0.0000 0.0000 0.0001 -0.0001 -20.0000 0.0000 0.0001 20.0000 -0.0003 0.0000 -0.0001 0.0000 0.0000 0.0000 0.0000 0.0000 0.0000 0.0000 -0.0001 -9.9999 -0.0002 0.0001 9.9999 0.0000 0.0000 0.0000 0.0000 0.0000 0.0000 0.0000 0.0000 0.0000 -0.0001 0.0000 0.0000 0.0000 0.0000 0.0000 0.0000 0.0001 0.0000 0.0001 0.0000 0.0000 0.0000 0.0000 0.0000 0.0000 0.0000 10.0001 -0.0001 0.0000 -10.0001 0.0000 0.0000 0.0000 0.0000 0.0000 0.0000 0.0002 0.0000 0.0000 -40.8933 20.7047 22.2076 4.1067 -20.7047 -22.2077 0.0000 0.0000 0.0000 0.0000 0.0004 0.0000 90.0000 0.0000 0.0000 0.0000 0.0000 0.0000 -270.0000 90.0000 0.0000 0.0000 0.0000 0.0000 0.0000 0.0000 0.0000 -90.0000 0.0000 0.0000 0.0000 -0.0001 0.0000 270.0002 90.0000 0.0000 0.0000 0.0000 0.0000 0.0000 0.0000 0.0000 
0.0000 94.0000 0.0000 0.0000 0.0000 0.0000 0.0000 0.0001 180.0000 0.0000 0.0000 0.0000 0.0000 0.0000 0.0000 0.0000 0.0000 0.0000 0.0000 0.0000 0.0000 0.0000 0.0000 0.0000 0.0000 0.0000 0.0000 0.0000 0.0000 90.0001 89.9999 0.0000 0.0000 0.0000 0.0000 0.0001 0.0000 0.0000 0.0000 40.8933 20.7046 -22.2077 -4.1067 -20.7048 22.2077 0.0000 0.0000 0.0000 0.0000 0.0003 0.0000 -0.0001 -0.0001 20.0000 0.0000 0.0001 -20.0000 0.0000 0.0000 0.0000 0.0000 0.0000 0.0000 0.0000 0.0000 0.0000 0.0000 -0.0001 10.0000 -0.0001 0.0000 -10.0000 0.0000 0.0000 0.0000 0.0000 0.0000 0.0000 0.0000 0.0000 0.0000 0.0000 -0.0001 -0.0001 -0.0001 0.0001 0.0000 0.0000 0.0000 0.0000 0.0000 0.0000 0.0000 0.0000 0.0000 0.0000 0.0000 -0.0001 -10.0001 -0.0001 0.0001 10.0000 0.0000 0.0000 0.0000 0.0000 0.0000 0.0000 0.0000 0.0000 0.0000 0.0000 0.0000 -90.0000 -89.9999 0.0000 0.0000 0.0001 0.0000 0.0001 0.0000 0.0000 0.0000 0.0001 -0.0001 -20.0000 0.0000 0.0001 20.0000 -0.0003 0.0000 -0.0001 0.0000 0.0000 0.0000 0.0000 0.0000 0.0000 0.0000 -0.0001 -9.9999 -0.0002 0.0001 9.9999 0.0000 0.0000 0.0000 0.0000 0.0000 0.0000 0.0000 0.0000 0.0000 -0.0001 0.0000 0.0000 0.0000 0.0000 0.0000 0.0000 0.0001 0.0000 0.0001 0.0000 0.0000 0.0000 0.0000 0.0000 0.0000 0.0000 10.0001 -0.0001 0.0000 -10.0001 0.0000 0.0000 0.0000 0.0000 0.0000 0.0000 0.0002 0.0000 0.0000 -40.8933 20.7047 22.2076 4.1067 -20.7047 -22.2077 0.0000 0.0000 0.0000 0.0000 0.0004 0.0000 90.0000 0.0000 0.0000 0.0000 0.0000 0.0000 -270.0000 90.0000 0.0000 0.0000 0.0000 0.0000 0.0000 0.0000 0.0000 -90.0000 0.0000 0.0000 0.0000 -0.0001 0.0000 270.0002 90.0000 0.0000 0.0000 0.0000 0.0000 0.0000 0.0000 0.0000 
0.0000 94.0000 0.0000 0.0000 0.0000 0.0000 0.0000 0.0001 180.0000 0.0000 0.0000 0.0000 0.0000 0.0000 0.0000 0.0000 0.0000 0.0000 0.0000 0.0000 0.0000 0.0000 0.0000 0.0000 0.0000 0.0000 0.0000 0.0000 0.0000 90.0001 89.9999 0.0000 0.0000 0.0000 0.0000 0.0001 0.0000 0.0000 0.0000 40.8933 20.7046 -22.2077 -4.1067 -20.7048 22.2077 0.0000 0.0000 0.0000 0.0000 0.0003 0.0000 -0.0001 -0.0001 20.0000 0.0000 0.0001 -20.0000 0.0000 0.0000 0.0000 0.0000 0.0000 0.0000 0.0000 0.0000 0.0000 0.0000 -0.0001 10.0000 -0.0001 0.0000 -10.0000 0.0000 0.0000 0.0000 0.0000 0.0000 0.0000 0.0000 0.0000 0.0000 0.0000 -0.0001 -0.0001 -0.0001 0.0001 0.0000 0.0000 0.0000 0.0000 0.0000 0.0000 0.0000 0.0000 0.0000 0.0000 0.0000 -0.0001 -10.0001 -0.0001 0.0001 10.0000 0.0000 0.0000 0.0000 0.0000 0.0000 0.0000 0.0000 0.0000 0.0000 0.0000 0.0000 -90.0000 -89.9999 0.0000 0.0000 0.0001 0.0000 0.0001 0.0000 0.0000 0.0000 0.0001 -0.0001 -20.0000 0.0000 0.0001 20.0000 -0.0003 0.0000 -0.0001 0.0000 0.0000 0.0000 0.0000 0.0000 0.0000 0.0000 -0.0001 -9.9999 -0.0002 0.0001 9.9999 0.0000 0.0000 0.0000 0.0000 0.0000 0.0000 0.0000 0.0000 0.0000 -0.0001 0.0000 0.0000 0.0000 0.0000 0.0000 0.0000 0.0001 0.0000 0.0001 0.0000 0.0000 0.0000 0.0000 0.0000 0.0000 0.0000 10.0001 -0.0001 0.0000 -10.0001 0.0000 0.0000 0.0000 0.0000 0.0000 0.0000 0.0002 0.0000 0.0000 -40.8933 20.7047 22.2076 4.1067 -20.7047 -22.2077 0.0000 0.0000 0.0000 0.0000 0.0004 0.0000 90.0000 0.0000 0.0000 0.0000 0.0000 0.0000 -270.0000 90.0000 0.0000 0.0000 0.0000 0.0000 0.0000 0.0000 0.0000 -90.0000 0.0000 0.0000 0.0000 -0.0001 0.0000 270.0002 90.0000 0.0000 0.0000 0.0000 0.0000 0.0000 0.0000 0.0000 
0.0000 94.0000 0.0000 0.0000 0.0000 0.0000 0.0000 0.0001 180.0000 0.0000 0.0000 0.0000 0.0000 0.0000 0.0000 0.0000 0.0000 0.0000 0.0000 0.0000 0.0000 0.0000 0.0000 0.0000 0.0000 0.0000 0.0000 0.0000 0.0000 90.0001 89.9999 0.0000 0.0000 0.0000 0.0000 0.0001 0.0000 0.0000 0.0000 40.8933 20.7046 -22.2077 -4.1067 -20.7048 22.2077 0.0000 0.0000 0.0000 0.0000 0.0003 0.0000 -0.0001 -0.0001 20.0000 0.0000 0.0001 -20.0000 0.0000 0.0000 0.0000 0.0000 0.0000 0.0000 0.0000 0.0000 0.0000 0.0000 -0.0001 10.0000 -0.0001 0.0000 -10.0000 0.0000 0.0000 0.0000 0.0000 0.0000 0.0000 0.0000 0.0000 0.0000 0.0000 -0.0001 -0.0001 -0.0001 0.0001 0.0000 0.0000 0.0000 0.0000 0.0000 0.0000 0.0000 0.0000 0.0000 0.0000 0.0000 -0.0001 -10.0001 -0.0001 0.0001 10.0000 0.0000 0.0000 0.0000 0.0000 0.0000 0.0000 0.0000 0.0000 0.0000 0.0000 0.0000 -90.0000 -89.9999 0.0000 0.0000 0.0001 0.0000 0.0001 0.0000 0.0000 0.0000 0.0001 -0.0001 -20.0000 0.0000 0.0001 20.0000 -0.0003 0.0000 -0.0001 0.0000 0.0000 0.0000 0.0000 0.0000 0.0000 0.0000 -0.0001 -9.9999 -0.0002 0.0001 9.9999 0.0000 0.0000 0.0000 0.0000 0.0000 0.0000 0.0000 0.0000 0.0000 -0.0001 0.0000 0.0000 0.0000 0.0000 0.0000 0.0000 0.0001 0.0000 0.0001 0.0000 0.0000 0.0000 0.0000 0.0000 0.0000 0.0000 10.0001 -0.0001 0.0000 -10.0001 0.0000 0.0000 0.0000 0.0000 0.0000 0.0000 0.0002 0.0000 0.0000 -40.8933 20.7047 22.2076 4.1067 -20.7047 -22.2077 0.0000 0.0000 0.0000 0.0000 0.0004 0.0000 90.0000 0.0000 0.0000 0.0000 0.0000 0.0000 -270.0000 90.0000 0.0000 0.0000 0.0000 0.0000 0.0000 0.0000 0.0000 -90.0000 0.0000 0.0000 0.0000 -0.0001 0.0000 270.0002 90.0000 0.0000 0.0000 0.0000 0.0000 0.0000 0.0000 0.0000
0.0000 94.0000 0.0000 0.0000 0.0000 0.0000 0.0000 0.0001 180.0000 0.0000 0.0000 0.0000 0.0000 0.0000 0.0000 0.0000 0.0000 0.0000 0.0000 0.0000 0.0000 0.0000 0.0000 0.0000 0.0000 0.0000 0.0000 0.0000 0.0000 90.0001 89.9999 0.0000 0.0000 0.0000 0.0000 0.0001 0.0000 0.0000 0.0000 40.8933 20.7046 -22.2077 -4.1067 -20.7048 22.2077 0.0000 0.0000 0.0000 0.0000 0.0003 0.0000 -0.0001 -0.0001 20.0000 0.0000 0.0001 -20.0000 0.0000 0.0000 0.0000 0.0000 0.0000 0.0000 0.0000 0.0000 0.0000 0.0000 -0.0001 10.0000 -0.0001 0.0000 -10.0000 0.0000 0.0000 0.0000 0.0000 0.0000 0.0000 0.0000 0.0000 0.0000 0.0000 -0.0001 -0.0001 -0.0001 0.0001 0.0000 0.0000 0.0000 0.0000 0.0000 0.0000 0.0000 0.0000 0.0000 0.0000 0.0000 -0.0001 -10.0001 -0.0001 0.0001 10.0000 0.0000 0.0000 0.0000 0.0000 0.0000 0.0000 0.0000 0.0000 0.0000 0.0000 0.0000 -90.0000 -89.9999 0.0000 0.0000 0.0001 0.0000 0.0001 0.0000 0.0000 0.0000 0.0001 -0.0001 -20.0000 0.0000 0.0001 20.0000 -0.0003 0.0000 -0.0001 0.0000 0.0000 0.0000 0.0000 0.0000 0.0000 0.0000 -0.0001 -9.9999 -0.0002 0.0001 9.9999 0.0000 0.0000 0.0000 0.0000 0.0000 0.0000 0.0000 0.0000 0.0000 -0.0001 0.0000 0.0000 0.0000 0.0000 0.0000 0.0000 0.0001 0.0000 0.0001 0.0000 0.0000 0.0000 0.0000 0.0000 0.0000 0.0000 10.0001 -0.0001 0.0000 -10.0001 0.0000 0.0000 0.0000 0.0000 0.0000 0.0000 0.0002 0.0000 0.0000 -40.8933 20.7047 22.2076 4.1067 -20.7047 -22.2077 0.0000 0.0000 0.0000 0.0000 0.0004 0.0000 90.0000 0.0000 0.0000 0.0000 0.0000 0.0000 -270.0000 90.0000 0.0000 0.0000 0.0000 0.0000 0.0000 0.0000 0.0000 -90.0000 0.0000 0.0000 0.0000 -0.0001 0.0000 270.0002 90.0000 0.0000 0.0000 0.0000 0.0000 0.0000 0.0000 0.0000 
0.0000 94.0000 0.0000 0.0000 0.0000 0.0000 0.0000 0.0001 180.0000 0.0000 0.0000 0.0000 0.0000 0.0000 0.0000 0.0000 0.0000 0.0000 0.0000 0.0000 0.0000 0.0000 0.0000 0.0000 0.0000 0.0000 0.0000 0.0000 0.0000 90.0001 89.9999 0.0000 0.0000 0.0000 0.0000 0.0001 0.0000 0.0000 0.0000 40.8933 20.7046 -22.2077 -4.1067 -20.7048 22.2077 0.0000 0.0000 0.0000 0.0000 0.0003 0.0000 -0.0001 -0.0001 20.0000 0.0000 0.0001 -20.0000 0.0000 0.0000 0.0000 0.0000 0.0000 0.0000 0.0000 0.0000 0.0000 0.0000 -0.0001 10.0000 -0.0001 0.0000 -10.0000 0.0000 0.0000 0.0000 0.0000 0.0000 0.0000 0.0000 0.0000 0.0000 0.0000 -0.0001 -0.0001 -0.0001 0.0001 0.0000 0.0000 0.0000 0.0000 0.0000 0.0000 0.0000 0.0000 0.0000 0.0000 0.0000 -0.0001 -10.0001 -0.0001 0.0001 10.0000 0.0000 0.0000 0.0000 0.0000 0.0000 0.0000 0.0000 0.0000 0.0000 0.0000 0.0000 -90.0000 -89.9999 0.0000 0.0000 0.0001 0.0000 0.0001 0.0000 0.0000 0.0000 0.0001 -0.0001 -20.0000 0.0000 0.0001 20.0000 -0.0003 0.0000 -0.0001 0.0000 0.0000 0.0000 0.0000 0.0000 0.0000 0.0000 -0.0001 -9.9999 -0.0002 0.0001 9.9999 0.0000 0.0000 0.0000 0.0000 0.0000 0.0000 0.0000 0.0000 0.0000 -0.0001 0.0000 0.0000 0.0000 0.0000 0.0000 0.0000 0.0001 0.0000 0.0001 0.0000 0.0000 0.0000 0.0000 0.0000 0.0000 0.0000 10.0001 -0.0001 0.0000 -10.0001 0.0000 0.0000 0.0000 0.0000 0.0000 0.0000 0.0002 0.0000 0.0000 -40.8933 20.7047 22.2076 4.1067 -20.7047 -22.2077 0.0000 0.0000 0.0000 0.0000 0.0004 0.0000 90.0000 0.0000 0.0000 0.0000 0.0000 0.0000 -270.0000 90.0000 0.0000 0.0000 0.0000 0.0000 0.0000 0.0000 0.0000 -90.0000 0.0000 0.0000 0.0000 -0.0001 0.0000 270.0002 90.0000 0.0000 0.0000 0.0000 0.0000 0.0000 0.0000 0.0000 
0.0000 94.0000 0.0000 0.0000 0.0000 0.0000 0.0000 0.0001 180.0000 0.0000 0.0000 0.0000 0.0000 0.0000 0.0000 0.0000 0.0000 0.0000 0.0000 0.0000 0.0000 0.0000 0.0000 0.0000 0.0000 0.0000 0.0000 0.0000 0.0000 90.0001 89.9999 0.0000 0.0000 0.0000 0.0000 0.0001 0.0000 0.0000 0.0000 40.8933 20.7046 -22.2077 -4.1067 -20.7048 22.2077 0.0000 0.0000 0.0000 0.0000 0.0003 0.0000 -0.0001 -0.0001 20.0000 0.0000 0.0001 -20.0000 0.0000 0.0000 0.0000 0.0000 0.0000 0.0000 0.0000 0.0000 0.0000 0.0000 -0.0001 10.0000 -0.0001 0.0000 -10.0000 0.0000 0.0000 0.0000 0.0000 0.0000 0.0000 0.0000 0.0000 0.0000 0.0000 -0.0001 -0.0001 -0.0001 0.0001 0.0000 0.0000 0.0000 0.0000 0.0000 0.0000 0.0000 0.0000 0.0000 0.0000 0.0000 -0.0001 -10.0001 -0.0001 0.0001 10.0000 0.0000 0.0000 0.0000 0.0000 0.0000 0.0000 0.0000 0.0000 0.0000 0.0000 0.0000 -90.0000 -89.9999 0.0000 0.0000 0.0001 0.0000 0.0001 0.0000 0.0000 0.0000 0.0001 -0.0001 -20.0000 0.0000 0.0001 20.0000 -0.0003 0.0000 -0.0001 0.0000 0.0000 0.0000 0.0000 0.0000 0.0000 0.0000 -0.0001 -9.9999 -0.0002 0.0001 9.9999 0.0000 0.0000 0.0000 0.0000 0.0000 0.0000 0.0000 0.0000 0.0000 -0.0001 0.0000 0.0000 0.0000 0.0000 0.0000 0.0000 0.0001 0.0000 0.0001 0.0000 0.0000 0.0000 0.0000 0.0000 0.0000 0.0000 10.0001 -0.0001 0.0000 -10.0001 0.0000 0.0000 0.0000 0.0000 0.0000 0.0000 0.0002 0.0000 0.0000 -40.8933 20.7047 22.2076 4.1067 -20.7047 -22.2077 0.0000 0.0000 0.0000 0.0000 0.0004 0.0000 90.0000 0.0000 0.0000 0.0000 0.0000 0.0000 -270.0000 90.0000 0.0000 0.0000 0.0000 0.0000 0.0000 0.0000 0.0000 -90.0000 0.0000 0.0000 0.0000 -0.0001 0.0000 270.0002 90.0000 0.0000 0.0000 0.0000 0.0000 0.0000 0.0000 0.0000 
0.0000 94.0000 0.0000 0.0000 0.0000 0.0000 0.0000 0.0001 180.0000 0.0000 0.0000 0.0000 0.0000 0.0000 0.0000 0.0000 0.0000 0.0000 0.0000 0.0000 0.0000 0.0000 0.0000 0.0000 0.0000 0.0000 0.0000 0.0000 0.0000 90.0001 89.9999 0.0000 0.0000 0.0000 0.0000 0.0001 0.0000 0.0000 0.0000 40.8933 20.7046 -22.2077 -4.1067 -20.7048 22.2077 0.0000 0.0000 0.0000 0.0000 0.0003 0.0000 -0.0001 -0.0001 20.0000 0.0000 0.0001 -20.0000 0.0000 0.0000 0.0000 0.0000 0.0000 0.0000 0.0000 0.0000 0.0000 0.0000 -0.0001 10.0000 -0.0001 0.0000 -10.0000 0.0000 0.0000 0.0000 0.0000 0.0000 0.0000 0.0000 0.0000 0.0000 0.0000 -0.0001 -0.0001 -0.0001 0.0001 0.0000 0.0000 0.0000 0.0000 0.0000 0.0000 0.0000 0.0000 0.0000 0.0000 0.0000 -0.0001 -10.0001 -0.0001 0.0001 10.0000 0.0000 0.0000 0.0000 0.0000 0.0000 0.0000 0.0000 0.0000 0.0000 0.0000 0.0000 -90.0000 -89.9999 0.0000 0.0000 0.0001 0.0000 0.0001 0.0000 0.0000 0.0000 0.0001 -0.0001 -20.0000 0.0000 0.0001 20.0000 -0.0003 0.0000 -0.0001 0.0000 0.0000 0.0000 0.0000 0.0000 0.0000 0.0000 -0.0001 -9.9999 -0.0002 0.0001 9.9999 0.0000 0.0000 0.0000 0.0000 0.0000 0.0000 0.0000 0.0000 0.0000 -0.0001 0.0000 0.0000 0.0000 0.0000 0.0000 0.0000 0.0001 0.0000 0.0001 0.0000 0.0000 0.0000 0.0000 0.0000 0.0000 0.0000 10.0001 -0.0001 0.0000 -10.0001 0.0000 0.0000 0.0000 0.0000 0.0000 0.0000 0.0002 0.0000 0.0000 -40.8933 20.7047 22.2076 4.1067 -20.7047 -22.2077 0.0000 0.0000 0.0000 0.0000 0.0004 0.0000 90.0000 0.0000 0.0000 0.0000 0.0000 0.0000 -270.0000 90.0000 0.0000 0.0000 0.0000 0.0000 0.0000 0.0000 0.0000 -90.0000 0.0000 0.0000 0.0000 -0.0001 0.0000 270.0002 90.0000 0.0000 0.0000 0.0000 0.0000 0.0000 0.0000 0.0000 
0.0000 94.0000 0.0000 0.0000 0.0000 0.0000 0.0000 0.0001 180.0000 0.0000 0.0000 0.0000 0.0000 0.0000 0.0000 0.0000 0.0000 0.0000 0.0000 0.0000 0.0000 0.0000 0.0000 0.0000 0.0000 0.0000 0.0000 0.0000 0.0000 90.0001 89.9999 0.0000 0.0000 0.0000 0.0000 0.0001 0.0000 0.0000 0.0000 40.8933 20.7046 -22.2077 -4.1067 -20.7048 22.2077 0.0000 0.0000 0.0000 0.0000 0.0003 0.0000 -0.0001 -0.0001 20.0000 0.0000 0.0001 -20.0000 0.0000 0.0000 0.0000 0.0000 0.0000 0.0000 0.0000 0.0000 0.0000 0.0000 -0.0001 10.0000 -0.0001 0.0000 -10.0000 0.0000 0.0000 0.0000 0.0000 0.0000 0.0000 0.0000 0.0000 0.0000 0.0000 -0.0001 -0.0001 -0.0001 0.0001 0.0000 0.0000 0.0000 0.0000 0.0000 0.0000 0.0000 0.0000 0.0000 0.0000 0.0000 -0.0001 -10.0001 -0.0001 0.0001 10.0000 0.0000 0.0000 0.0000 0.0000 0.0000 0.0000 0.0000 0.0000 0.0000 0.0000 0.0000 -90.0000 -89.9999 0.0000 0.0000 0.0001 0.0000 0.0001 0.0000 0.0000 0.0000 0.0001 -0.0001 -20.0000 0.0000 0.0001 20.0000 -0.0003 0.0000 -0.0001 0.0000 0.0000 0.0000 0.0000 0.0000 0.0000 0.0000 -0.0001 -9.9999 -0.0002 0.0001 9.9999 0.0000 0.0000 0.0000 0.0000 0.0000 0.0000 0.0000 0.0000 0.0000 -0.0001 0.0000 0.0000 0.0000 0.0000 0.0000 0.0000 0.0001 0.0000 0.0001 0.0000 0.0000 0.0000 0.0000 0.0000 0.0000 0.0000 10.0001 -0.0001 0.0000 -10.0001 0.0000 0.0000 0.0000 0.0000 0.0000 0.0000 0.0002 0.0000 0.0000 -40.8933 20.7047 22.2076 4.1067 -20.7047 -22.2077 0.0000 0.0000 0.0000 0.0000 0.0004 0.0000 90.0000 0.0000 0.0000 0.0000 0.0000 0.0000 -270.0000 90.0000 0.0000 0.0000 0.0000 0.0000 0.0000 0.0000 0.0000 -90.0000 0.0000 0.0000 0.0000 -0.0001 0.0000 270.0002 90.0000 0.0000 0.0000 0.0000 0.0000 0.0000 0.0000 0.0000 
0.0000 94.0000 0.0000 0.0000 0.0000 0.0000 0.0000 0.0001 180.0000 0.0000 0.0000 0.0000 0.0000 0.0000 0.0000 0.0000 0.0000 0.0000 0.0000 0.0000 0.0000 0.0000 0.0000 0.0000 0.0000 0.0000 0.0000 0.0000 0.0000 90.0001 89.9999 0.0000 0.0000 0.0000 0.0000 0.0001 0.0000 0.0000 0.0000 40.8933 20.7046 -22.2077 -4.1067 -20.7048 22.2077 0.0000 0.0000 0.0000 0.0000 0.0003 0.0000 -0.0001 -0.0001 20.0000 0.0000 0.0001 -20.0000 0.0000 0.0000 0.0000 0.0000 0.0000 0.0000 0.0000 0.0000 0.0000 0.0000 -0.0001 10.0000 -0.0001 0.0000 -10.0000 0.0000 0.0000 0.0000 0.0000 0.0000 0.0000 0.0000 0.0000 0.0000 0.0000 -0.0001 -0.0001 -0.0001 0.0001 0.0000 0.0000 0.0000 0.0000 0.0000 0.0000 0.0000 0.0000 0.0000 0.0000 0.0000 -0.0001 -10.0001 -0.0001 0.0001 10.0000 0.0000 0.0000 0.0000 0.0000 0.0000 0.0000 0.0000 0.0000 0.0000 0.0000 0.0000 -90.0000 -89.9999 0.0000 0.0000 0.0001 0.0000 0.0001 0.0000 0.0000 0.0000 0.0001 -0.0001 -20.0000 0.0000 0.0001 20.0000 -0.0003 0.0000 -0.0001 0.0000 0.0000 0.0000 0.0000 0.0000 0.0000 0.0000 -0.0001 -9.9999 -0.0002 0.0001 9.9999 0.0000 0.0000 0.0000 0.0000 0.0000 0.0000 0.0000 0.0000 0.0000 -0.0001 0.0000 0.0000 0.0000 0.0000 0.0000 0.0000 0.0001 0.0000 0.0001 0.0000 0.0000 0.0000 0.0000 0.0000 0.0000 0.0000 10.0001 -0.0001 0.0000 -10.0001 0.0000 0.0000 0.0000 0.0000 0.0000 0.0000 0.0002 0.0000 0.0000 -40.8933 20.7047 22.2076 4.1067 -20.7047 -22.2077 0.0000 0.0000 0.0000 0.0000 0.0004 0.0000 90.0000 0.0000 0.0000 0.0000 0.0000 0.0000 -270.0000 90.0000 0.0000 0.0000 0.0000 0.0000 0.0000 0.0000 0.0000 -90.0000 0.0000 0.0000 0.0000 -0.0001 0.0000 270.0002 90.0000 0.0000 0.0000 0.0000 0.0000 0.0000 0.0000 0.0000 
0.0000 94.0000 0.0000 0.0000 0.0000 0.0000 0.0000 0.0001 180.0000 0.0000 0.0000 0.0000 0.0000 0.0000 0.0000 0.0000 0.0000 0.0000 0.0000 0.0000 0.0000 0.0000 0.0000 0.0000 0.0000 0.0000 0.0000 0.0000 0.0000 90.0001 89.9999 0.0000 0.0000 0.0000 0.0000 0.0001 0.0000 0.0000 0.0000 40.8933 20.7046 -22.2077 -4.1067 -20.7048 22.2077 0.0000 0.0000 0.0000 0.0000 0.0003 0.0000 -0.0001 -0.0001 20.0000 0.0000 0.0001 -20.0000 0.0000 0.0000 0.0000 0.0000 0.0000 0.0000 0.0000 0.0000 0.0000 0.0000 -0.0001 10.0000 -0.0001 0.0000 -10.0000 0.0000 0.0000 0.0000 0.0000 0.0000 0.0000 0.0000 0.0000 0.0000 0.0000 -0.0001 -0.0001 -0.0001 0.0001 0.0000 0.0000 0.0000 0.0000 0.0000 0.0000 0.0000 0.0000 0.0000 0.0000 0.0000 -0.0001 -10.0001 -0.0001 0.0001 10.0000 0.0000 0.0000 0.0000 0.0000 0.0000 0.0000 0.0000 0.0000 0.0000 0.0000 0.0000 -90.0000 -89.9999 0.0000 0.0000 0.0001 0.0000 0.0001 0.0000 0.0000 0.0000 0.0001 -0.0001 -20.0000 0.0000 0.0001 20.0000 -0.0003 0.0000 -0.0001 0.0000 0.0000 0.0000 0.0000 0.0000 0.0000 0.0000 -0.0001 -9.9999 -0.0002 0.0001 9.9999 0.0000 0.0000 0.0000 0.0000 0.0000 0.0000 0.0000 0.0000 0.0000 -0.0001 0.0000 0.0000 0.0000 0.0000 0.0000 0.0000 0.0001 0.0000 0.0001 0.0000 0.0000 0.0000 0.0000 0.0000 0.0000 0.0000 10.0001 -0.0001 0.0000 -10.0001 0.0000 0.0000 0.0000 0.0000 0.0000 0.0000 0.0002 0.0000 0.0000 -40.8933 20.7047 22.2076 4.1067 -20.7047 -22.2077 0.0000 0.0000 0.0000 0.0000 0.0004 0.0000 90.0000 0.0000 0.0000 0.0000 0.0000 0.0000 -270.0000 90.0000 0.0000 0.0000 0.0000 0.0000 0.0000 0.0000 0.0000 -90.0000 0.0000 0.0000 0.0000 -0.0001 0.0000 270.0002 90.0000 0.0000 0.0000 0.0000 0.0000 0.0000 0.0000 0.0000 
0.0000 94.0000 0.0000 0.0000 0.0000 0.0000 0.0000 0.0001 180.0000 0.0000 0.0000 0.0000 0.0000 0.0000 0.0000 0.0000 0.0000 0.0000 0.0000 0.0000 0.0000 0.0000 0.0000 0.0000 0.0000 0.0000 0.0000 0.0000 0.0000 90.0001 89.9999 0.0000 0.0000 0.0000 0.0000 0.0001 0.0000 0.0000 0.0000 40.8933 20.7046 -22.2077 -4.1067 -20.7048 22.2077 0.0000 0.0000 0.0000 0.0000 0.0003 0.0000 -0.0001 -0.0001 20.0000 0.0000 0.0001 -20.0000 0.0000 0.0000 0.0000 0.0000 0.0000 0.0000 0.0000 0.0000 0.0000 0.0000 -0.0001 10.0000 -0.0001 0.0000 -10.0000 0.0000 0.0000 0.0000 0.0000 0.0000 0.0000 0.0000 0.0000 0.0000 0.0000 -0.0001 -0.0001 -0.0001 0.0001 0.0000 0.0000 0.0000 0.0000 0.0000 0.0000 0.0000 0.0000 0.0000 0.0000 0.0000 -0.0001 -10.0001 -0.0001 0.0001 10.0000 0.0000 0.0000 0.0000 0.0000 0.0000 0.0000 0.0000 0.0000 0.0000 0.0000 0.0000 -90.0000 -89.9999 0.0000 0.0000 0.0001 0.0000 0.0001 0.0000 0.0000 0.0000 0.0001 -0.0001 -20.0000 0.0000 0.0001 20.0000 -0.0003 0.0000 -0.0001 0.0000 0.0000 0.0000 0.0000 0.0000 0.0000 0.0000 -0.0001 -9.9999 -0.0002 0.0001 9.9999 0.0000 0.0000 0.0000 0.0000 0.0000 0.0000 0.0000 0.0000 0.0000 -0.0001 0.0000 0.0000 0.0000 0.0000 0.0000 0.0000 0.0001 0.0000 0.0001 0.0000 0.0000 0.0000 0.0000 0.0000 0.0000 0.0000 10.0001 -0.0001 0.0000 -10.0001 0.0000 0.0000 0.0000 0.0000 0.0000 0.0000 0.0002 0.0000 0.0000 -40.8933 20.7047 22.2076 4.1067 -20.7047 -22.2077 0.0000 0.0000 0.0000 0.0000 0.0004 0.0000 90.0000 0.0000 0.0000 0.0000 0.0000 0.0000 -270.0000 90.0000 0.0000 0.0000 0.0000 0.0000 0.0000 0.0000 0.0000 -90.0000 0.0000 0.0000 0.0000 -0.0001 0.0000 270.0002 90.0000 0.0000 0.0000 0.0000 0.0000 0.0000 0.0000 0.0000 
0.0000 94.0000 0.0000 0.0000 0.0000 0.0000 0.0000 0.0001 180.0000 0.0000 0.0000 0.0000 0.0000 0.0000 0.0000 0.0000 0.0000 0.0000 0.0000 0.0000 0.0000 0.0000 0.0000 0.0000 0.0000 0.0000 0.0000 0.0000 0.0000 90.0001 89.9999 0.0000 0.0000 0.0000 0.0000 0.0001 0.0000 0.0000 0.0000 40.8933 20.7046 -22.2077 -4.1067 -20.7048 22.2077 0.0000 0.0000 0.0000 0.0000 0.0003 0.0000 -0.0001 -0.0001 20.0000 0.0000 0.0001 -20.0000 0.0000 0.0000 0.0000 0.0000 0.0000 0.0000 0.0000 0.0000 0.0000 0.0000 -0.0001 10.0000 -0.0001 0.0000 -10.0000 0.0000 0.0000 0.0000 0.0000 0.0000 0.0000 0.0000 0.0000 0.0000 0.0000 -0.0001 -0.0001 -0.0001 0.0001 0.0000 0.0000 0.0000 0.0000 0.0000 0.0000 0.0000 0.0000 0.0000 0.0000 0.0000 -0.0001 -10.0001 -0.0001 0.0001 10.0000 0.0000 0.0000 0.0000 0.0000 0.0000 0.0000 0.0000 0.0000 0.0000 0.0000 0.0000 -90.0000 -89.9999 0.0000 0.0000 0.0001 0.0000 0.0001 0.0000 0.0000 0.0000 0.0001 -0.0001 -20.0000 0.0000 0.0001 20.0000 -0.0003 0.0000 -0.0001 0.0000 0.0000 0.0000 0.0000 0.0000 0.0000 0.0000 -0.0001 -9.9999 -0.0002 0.0001 9.9999 0.0000 0.0000 0.0000 0.0000 0.0000 0.0000 0.0000 0.0000 0.0000 -0.0001 0.0000 0.0000 0.0000 0.0000 0.0000 0.0000 0.0001 0.0000 0.0001 0.0000 0.0000 0.0000 0.0000 0.0000 0.0000 0.0000 10.0001 -0.0001 0.0000 -10.0001 0.0000 0.0000 0.0000 0.0000 0.0000 0.0000 0.0002 0.0000 0.0000 -40.8933 20.7047 22.2076 4.1067 -20.7047 -22.2077 0.0000 0.0000 0.0000 0.0000 0.0004 0.0000 90.0000 0.0000 0.0000 0.0000 0.0000 0.0000 -270.0000 90.0000 0.0000 0.0000 0.0000 0.0000 0.0000 0.0000 0.0000 -90.0000 0.0000 0.0000 0.0000 -0.0001 0.0000 270.0002 90.0000 0.0000 0.0000 0.0000 0.0000 0.0000 0.0000 0.0000 
0.0000 94.0000 0.0000 0.0000 0.0000 0.0000 0.0000 0.0001 180.0000 0.0000 0.0000 0.0000 0.0000 0.0000 0.0000 0.0000 0.0000 0.0000 0.0000 0.0000 0.0000 0.0000 0.0000 0.0000 0.0000 0.0000 0.0000 0.0000 0.0000 90.0001 89.9999 0.0000 0.0000 0.0000 0.0000 0.0001 0.0000 0.0000 0.0000 40.8933 20.7046 -22.2077 -4.1067 -20.7048 22.2077 0.0000 0.0000 0.0000 0.0000 0.0003 0.0000 -0.0001 -0.0001 20.0000 0.0000 0.0001 -20.0000 0.0000 0.0000 0.0000 0.0000 0.0000 0.0000 0.0000 0.0000 0.0000 0.0000 -0.0001 10.0000 -0.0001 0.0000 -10.0000 0.0000 0.0000 0.0000 0.0000 0.0000 0.0000 0.0000 0.0000 0.0000 0.0000 -0.0001 -0.0001 -0.0001 0.0001 0.0000 0.0000 0.0000 0.0000 0.0000 0.0000 0.0000 0.0000 0.0000 0.0000 0.0000 -0.0001 -10.0001 -0.0001 0.0001 10.0000 0.0000 0.0000 0.0000 0.0000 0.0000 0.0000 0.0000 0.0000 0.0000 0.0000 0.0000 -90.0000 -89.9999 0.0000 0.0000 0.0001 0.0000 0.0001 0.0000 0.0000 0.0000 0.0001 -0.0001 -20.0000 0.0000 0.0001 20.0000 -0.0003 0.0000 -0.0001 0.0000 0.0000 0.0000 0.0000 0.0000 0.0000 0.0000 -0.0001 -9.9999 -0.0002 0.0001 9.9999 0.0000 0.0000 0.0000 0.0000 0.0000 0.0000 0.0000 0.0000 0.0000 -0.0001 0.0000 0.0000 0.0000 0.0000 0.0000 0.0000 0.0001 0.0000 0.0001 0.0000 0.0000 0.0000 0.0000 0.0000 0.0000 0.0000 10.0001 -0.0001 0.0000 -10.0001 0.0000 0.0000 0.0000 0.0000 0.0000 0.0000 0.0002 0.0000 0.0000 -40.8933 20.7047 22.2076 4.1067 -20.7047 -22.2077 0.0000 0.0000 0.0000 0.0000 0.0004 0.0000 90.0000 0.0000 0.0000 0.0000 0.0000 0.0000 -270.0000 90.0000 0.0000 0.0000 0.0000 0.0000 0.0000 0.0000 0.0000 -90.0000 0.0000 0.0000 0.0000 -0.0001 0.0000 270.0002 90.0000 0.0000 0.0000 0.0000 0.0000 0.0000 0.0000 0.0000
0.0000 94.0000 0.0000 0.0000 0.0000 0.0000 0.0000 0.0001 180.0000 0.0000 0.0000 0.0000 0.0000 0.0000 0.0000 0.0000 0.0000 0.0000 0.0000 0.0000 0.0000 0.0000 0.0000 0.0000 0.0000 0.0000 0.0000 0.0000 0.0000 90.0001 89.9999 0.0000 0.0000 0.0000 0.0000 0.0001 0.0000 0.0000 0.0000 40.8933 20.7046 -22.2077 -4.1067 -20.7048 22.2077 0.0000 0.0000 0.0000 0.0000 0.0003 0.0000 -0.0001 -0.0001 20.0000 0.0000 0.0001 -20.0000 0.0000 0.0000 0.0000 0.0000 0.0000 0.0000 0.0000 0.0000 0.0000 0.0000 -0.0001 10.0000 -0.0001 0.0000 -10.0000 0.0000 0.0000 0.0000 0.0000 0.0000 0.0000 0.0000 0.0000 0.0000 0.0000 -0.0001 -0.0001 -0.0001 0.0001 0.0000 0.0000 0.0000 0.0000 0.0000 0.0000 0.0000 0.0000 0.0000 0.0000 0.0000 -0.0001 -10.0001 -0.0001 0.0001 10.0000 0.0000 0.0000 0.0000 0.0000 0.0000 0.0000 0.0000 0.0000 0.0000 0.0000 0.0000 -90.0000 -89.9999 0.0000 0.0000 0.0001 0.0000 0.0001 0.0000 0.0000 0.0000 0.0001 -0.0001 -20.0000 0.0000 0.0001 20.0000 -0.0003 0.0000 -0.0001 0.0000 0.0000 0.0000 0.0000 0.0000 0.0000 0.0000 -0.0001 -9.9999 -0.0002 0.0001 9.9999 0.0000 0.0000 0.0000 0.0000 0.0000 0.0000 0.0000 0.0000 0.0000 -0.0001 0.0000 0.0000 0.0000 0.0000 0.0000 0.0000 0.0001 0.0000 0.0001 0.0000 0.0000 0.0000 0.0000 0.0000 0.0000 0.0000 10.0001 -0.0001 0.0000 -10.0001 0.0000 0.0000 0.0000 0.0000 0.0000 0.0000 0.0002 0.0000 0.0000 -40.8933 20.7047 22.2076 4.1067 -20.7047 -22.2077 0.0000 0.0000 0.0000 0.0000 0.0004 0.0000 90.0000 0.0000 0.0000 0.0000 0.0000 0.0000 -270.0000 90.0000 0.0000 0.0000 0.0000 0.0000 0.0000 0.0000 0.0000 -90.0000 0.0000 0.0000 0.0000 -0.0001 0.0000 270.0002 90.0000 0.0000 0.0000 0.0000 0.0000 0.0000 0.0000 0.0000 
0.0000 94.0000 0.0000 0.0000 0.0000 0.0000 0.0000 0.0001 180.0000 0.0000 0.0000 0.0000 0.0000 0.0000 0.0000 0.0000 0.0000 0.0000 0.0000 0.0000 0.0000 0.0000 0.0000 0.0000 0.0000 0.0000 0.0000 0.0000 0.0000 90.0001 89.9999 0.0000 0.0000 0.0000 0.0000 0.0001 0.0000 0.0000 0.0000 40.8933 20.7046 -22.2077 -4.1067 -20.7048 22.2077 0.0000 0.0000 0.0000 0.0000 0.0003 0.0000 -0.0001 -0.0001 20.0000 0.0000 0.0001 -20.0000 0.0000 0.0000 0.0000 0.0000 0.0000 0.0000 0.0000 0.0000 0.0000 0.0000 -0.0001 10.0000 -0.0001 0.0000 -10.0000 0.0000 0.0000 0.0000 0.0000 0.0000 0.0000 0.0000 0.0000 0.0000 0.0000 -0.0001 -0.0001 -0.0001 0.0001 0.0000 0.0000 0.0000 0.0000 0.0000 0.0000 0.0000 0.0000 0.0000 0.0000 0.0000 -0.0001 -10.0001 -0.0001 0.0001 10.0000 0.0000 0.0000 0.0000 0.0000 0.0000 0.0000 0.0000 0.0000 0.0000 0.0000 0.0000 -90.0000 -89.9999 0.0000 0.0000 0.0001 0.0000 0.0001 0.0000 0.0000 0.0000 0.0001 -0.0001 -20.0000 0.0000 0.0001 20.0000 -0.0003 0.0000 -0.0001 0.0000 0.0000 0.0000 0.0000 0.0000 0.0000 0.0000 -0.0001 -9.9999 -0.0002 0.0001 9.9999 0.0000 0.0000 0.0000 0.0000 0.0000 0.0000 0.0000 0.0000 0.0000 -0.0001 0.0000 0.0000 0.0000 0.0000 0.0000 0.0000 0.0001 0.0000 0.0001 0.0000 0.0000 0.0000 0.0000 0.0000 0.0000 0.0000 10.0001 -0.0001 0.0000 -10.0001 0.0000 0.0000 0.0000 0.0000 0.0000 0.0000 0.0002 0.0000 0.0000 -40.8933 20.7047 22.2076 4.1067 -20.7047 -22.2077 0.0000 0.0000 0.0000 0.0000 0.0004 0.0000 90.0000 0.0000 0.0000 0.0000 0.0000 0.0000 -270.0000 90.0000 0.0000 0.0000 0.0000 0.0000 0.0000 0.0000 0.0000 -90.0000 0.0000 0.0000 0.0000 -0.0001 0.0000 270.0002 90.0000 0.0000 0.0000 0.0000 0.0000 0.0000 0.0000 0.0000 
0.0000 94.0000 0.0000 0.0000 0.0000 0.0000 0.0000 0.0001 180.0000 0.0000 0.0000 0.0000 0.0000 0.0000 0.0000 0.0000 0.0000 0.0000 0.0000 0.0000 0.0000 0.0000 0.0000 0.0000 0.0000 0.0000 0.0000 0.0000 0.0000 90.0001 89.9999 0.0000 0.0000 0.0000 0.0000 0.0001 0.0000 0.0000 0.0000 40.8933 20.7046 -22.2077 -4.1067 -20.7048 22.2077 0.0000 0.0000 0.0000 0.0000 0.0003 0.0000 -0.0001 -0.0001 20.0000 0.0000 0.0001 -20.0000 0.0000 0.0000 0.0000 0.0000 0.0000 0.0000 0.0000 0.0000 0.0000 0.0000 -0.0001 10.0000 -0.0001 0.0000 -10.0000 0.0000 0.0000 0.0000 0.0000 0.0000 0.0000 0.0000 0.0000 0.0000 0.0000 -0.0001 -0.0001 -0.0001 0.0001 0.0000 0.0000 0.0000 0.0000 0.0000 0.0000 0.0000 0.0000 0.0000 0.0000 0.0000 -0.0001 -10.0001 -0.0001 0.0001 10.0000 0.0000 0.0000 0.0000 0.0000 0.0000 0.0000 0.0000 0.0000 0.0000 0.0000 0.0000 -90.0000 -89.9999 0.0000 0.0000 0.0001 0.0000 0.0001 0.0000 0.0000 0.0000 0.0001 -0.0001 -20.0000 0.0000 0.0001 20.0000 -0.0003 0.0000 -0.0001 0.0000 0.0000 0.0000 0.0000 0.0000 0.0000 0.0000 -0.0001 -9.9999 -0.0002 0.0001 9.9999 0.0000 0.0000 0.0000 0.0000 0.0000 0.0000 0.0000 0.0000 0.0000 -0.0001 0.0000 0.0000 0.0000 0.0000 0.0000 0.0000 0.0001 0.0000 0.0001 0.0000 0.0000 0.0000 0.0000 0.0000 0.0000 0.0000 10.0001 -0.0001 0.0000 -10.0001 0.0000 0.0000 0.0000 0.0000 0.0000 0.0000 0.0002 0.0000 0.0000 -40.8933 20.7047 22.2076 4.1067 -20.7047 -22.2077 0.0000 0.0000 0.0000 0.0000 0.0004 0.0000 90.0000 0.0000 0.0000 0.0000 0.0000 0.0000 -270.0000 90.0000 0.0000 0.0000 0.0000 0.0000 0.0000 0.0000 0.0000 -90.0000 0.0000 0.0000 0.0000 -0.0001 0.0000 270.0002 90.0000 0.0000 0.0000 0.0000 0.0000 0.0000 0.0000 0.0000 
0.0000 94.0000 0.0000 0.0000 0.0000 0.0000 0.0000 0.0001 180.0000 0.0000 0.0000 0.0000 0.0000 0.0000 0.0000 0.0000 0.0000 0.0000 0.0000 0.0000 0.0000 0.0000 0.0000 0.0000 0.0000 0.0000 0.0000 0.0000 0.0000 90.0001 89.9999 0.0000 0.0000 0.0000 0.0000 0.0001 0.0000 0.0000 0.0000 40.8933 20.7046 -22.2077 -4.1067 -20.7048 22.2077 0.0000 0.0000 0.0000 0.0000 0.0003 0.0000 -0.0001 -0.0001 20.0000 0.0000 0.0001 -20.0000 0.0000 0.0000 0.0000 0.0000 0.0000 0.0000 0.0000 0.0000 0.0000 0.0000 -0.0001 10.0000 -0.0001 0.0000 -10.0000 0.0000 0.0000 0.0000 0.0000 0.0000 0.0000 0.0000 0.0000 0.0000 0.0000 -0.0001 -0.0001 -0.0001 0.0001 0.0000 0.0000 0.0000 0.0000 0.0000 0.0000 0.0000 0.0000 0.0000 0.0000 0.0000 -0.0001 -10.0001 -0.0001 0.0001 10.0000 0.0000 0.0000 0.0000 0.0000 0.0000 0.0000 0.0000 0.0000 0.0000 0.0000 0.0000 -90.0000 -89.9999 0.0000 0.0000 0.0001 0.0000 0.0001 0.0000 0.0000 0.0000 0.0001 -0.0001 -20.0000 0.0000 0.0001 20.0000 -0.0003 0.0000 -0.0001 0.0000 0.0000 0.0000 0.0000 0.0000 0.0000 0.0000 -0.0001 -9.9999 -0.0002 0.0001 9.9999 0.0000 0.0000 0.0000 0.0000 0.0000 0.0000 0.0000 0.0000 0.0000 -0.0001 0.0000 0.0000 0.0000 0.0000 0.0000 0.0000 0.0001 0.0000 0.0001 0.0000 0.0000 0.0000 0.0000 0.0000 0.0000 0.0000 10.0001 -0.0001 0.0000 -10.0001 0.0000 0.0000 0.0000 0.0000 0.0000 0.0000 0.0002 0.0000 0.0000 -40.8933 20.7047 22.2076 4.1067 -20.7047 -22.2077 0.0000 0.0000 0.0000 0.0000 0.0004 0.0000 90.0000 0.0000 0.0000 0.0000 0.0000 0.0000 -270.0000 90.0000 0.0000 0.0000 0.0000 0.0000 0.0000 0.0000 0.0000 -90.0000 0.0000 0.0000 0.0000 -0.0001 0.0000 270.0002 90.0000 0.0000 0.0000 0.0000 0.0000 0.0000 0.0000 0.0000 
0.0000 94.0000 0.0000 0.0000 0.0000 0.0000 0.0000 0.0001 180.0000 0.0000 0.0000 0.0000 0.0000 0.0000 0.0000 0.0000 0.0000 0.0000 0.0000 0.0000 0.0000 0.0000 0.0000 0.0000 0.0000 0.0000 0.0000 0.0000 0.0000 90.0001 89.9999 0.0000 0.0000 0.0000 0.0000 0.0001 0.0000 0.0000 0.0000 40.8933 20.7046 -22.2077 -4.1067 -20.7048 22.2077 0.0000 0.0000 0.0000 0.0000 0.0003 0.0000 -0.0001 -0.0001 20.0000 0.0000 0.0001 -20.0000 0.0000 0.0000 0.0000 0.0000 0.0000 0.0000 0.0000 0.0000 0.0000 0.0000 -0.0001 10.0000 -0.0001 0.0000 -10.0000 0.0000 0.0000 0.0000 0.0000 0.0000 0.0000 0.0000 0.0000 0.0000 0.0000 -0.0001 -0.0001 -0.0001 0.0001 0.0000 0.0000 0.0000 0.0000 0.0000 0.0000 0.0000 0.0000 0.0000 0.0000 0.0000 -0.0001 -10.0001 -0.0001 0.0001 10.0000 0.0000 0.0000 0.0000 0.0000 0.0000 0.0000 0.0000 0.0000 0.0000 0.0000 0.0000 -90.0000 -89.9999 0.0000 0.0000 0.0001 0.0000 0.0001 0.0000 0.0000 0.0000 0.0001 -0.0001 -20.0000 0.0000 0.0001 20.0000 -0.0003 0.0000 -0.0001 0.0000 0.0000 0.0000 0.0000 0.0000 0.0000 0.0000 -0.0001 -9.9999 -0.0002 0.0001 9.9999 0.0000 0.0000 0.0000 0.0000 0.0000 0.0000 0.0000 0.0000 0.0000 -0.0001 0.0000 0.0000 0.0000 0.0000 0.0000 0.0000 0.0001 0.0000 0.0001 0.0000 0.0000 0.0000 0.0000 0.0000 0.0000 0.0000 10.0001 -0.0001 0.0000 -10.0001 0.0000 0.0000 0.0000 0.0000 0.0000 0.0000 0.0002 0.0000 0.0000 -40.8933 20.7047 22.2076 4.1067 -20.7047 -22.2077 0.0000 0.0000 0.0000 0.0000 0.0004 0.0000 90.0000 0.0000 0.0000 0.0000 0.0000 0.0000 -270.0000 90.0000 0.0000 0.0000 0.0000 0.0000 0.0000 0.0000 0.0000 -90.0000 0.0000 0.0000 0.0000 -0.0001 0.0000 270.0002 90.0000 0.0000 0.0000 0.0000 0.0000 0.0000 0.0000 0.0000 
0.0000 94.0000 0.0000 0.0000 0.0000 0.0000 0.0000 0.0001 180.0000 0.0000 0.0000 0.0000 0.0000 0.0000 0.0000 0.0000 0.0000 0.0000 0.0000 0.0000 0.0000 0.0000 0.0000 0.0000 0.0000 0.0000 0.0000 0.0000 0.0000 90.0001 89.9999 0.0000 0.0000 0.0000 0.0000 0.0001 0.0000 0.0000 0.0000 40.8933 20.7046 -22.2077 -4.1067 -20.7048 22.2077 0.0000 0.0000 0.0000 0.0000 0.0003 0.0000 -0.0001 -0.0001 20.0000 0.0000 0.0001 -20.0000 0.0000 0.0000 0.0000 0.0000 0.0000 0.0000 0.0000 0.0000 0.0000 0.0000 -0.0001 10.0000 -0.0001 0.0000 -10.0000 0.0000 0.0000 0.0000 0.0000 0.0000 0.0000 0.0000 0.0000 0.0000 0.0000 -0.0001 -0.0001 -0.0001 0.0001 0.0000 0.0000 0.0000 0.0000 0.0000 0.0000 0.0000 0.0000 0.0000 0.0000 0.0000 -0.0001 -10.0001 -0.0001 0.0001 10.0000 0.0000 0.0000 0.0000 0.0000 0.0000 0.0000 0.0000 0.0000 0.0000 0.0000 0.0000 -90.0000 -89.9999 0.0000 0.0000 0.0001 0.0000 0.0001 0.0000 0.0000 0.0000 0.0001 -0.0001 -20.0000 0.0000 0.0001 20.0000 -0.0003 0.0000 -0.0001 0.0000 0.0000 0.0000 0.0000 0.0000 0.0000 0.0000 -0.0001 -9.9999 -0.0002 0.0001 9.9999 0.0000 0.0000 0.0000 0.0000 0.0000 0.0000 0.0000 0.0000 0.0000 -0.0001 0.0000 0.0000 0.0000 0.0000 0.0000 0.0000 0.0001 0.0000 0.0001 0.0000 0.0000 0.0000 0.0000 0.0000 0.0000 0.0000 10.0001 -0.0001 0.0000 -10.0001 0.0000 0.0000 0.0000 0.0000 0.0000 0.0000 0.0002 0.0000 0.0000 -40.8933 20.7047 22.2076 4.1067 -20.7047 -22.2077 0.0000 0.0000 0.0000 0.0000 0.0004 0.0000 90.0000 0.0000 0.0000 0.0000 0.0000 0.0000 -270.0000 90.0000 0.0000 0.0000 0.0000 0.0000 0.0000 0.0000 0.0000 -90.0000 0.0000 0.0000 0.0000 -0.0001 0.0000 270.0002 90.0000 0.0000 0.0000 0.0000 0.0000 0.0000 0.0000 0.0000 
0.0000 94.0000 0.0000 0.0000 0.0000 0.0000 0.0000 0.0001 180.0000 0.0000 0.0000 0.0000 0.0000 0.0000 0.0000 0.0000 0.0000 0.0000 0.0000 0.0000 0.0000 0.0000 0.0000 0.0000 0.0000 0.0000 0.0000 0.0000 0.0000 90.0001 89.9999 0.0000 0.0000 0.0000 0.0000 0.0001 0.0000 0.0000 0.0000 40.8933 20.7046 -22.2077 -4.1067 -20.7048 22.2077 0.0000 0.0000 0.0000 0.0000 0.0003 0.0000 -0.0001 -0.0001 20.0000 0.0000 0.0001 -20.0000 0.0000 0.0000 0.0000 0.0000 0.0000 0.0000 0.0000 0.0000 0.0000 0.0000 -0.0001 10.0000 -0.0001 0.0000 -10.0000 0.0000 0.0000 0.0000 0.0000 0.0000 0.0000 0.0000 0.0000 0.0000 0.0000 -0.0001 -0.0001 -0.0001 0.0001 0.0000 0.0000 0.0000 0.0000 0.0000 0.0000 0.0000 0.0000 0.0000 0.0000 0.0000 -0.0001 -10.0001 -0.0001 0.0001 10.0000 0.0000 0.0000 0.0000 0.0000 0.0000 0.0000 0.0000 0.0000 0.0000 0.0000 0.0000 -90.0000 -89.9999 0.0000 0.0000 0.0001 0.0000 0.0001 0.0000 0.0000 0.0000 0.0001 -0.0001 -20.0000 0.0000 0.0001 20.0000 -0.0003 0.0000 -0.0001 0.0000 0.0000 0.0000 0.0000 0.0000 0.0000 0.0000 -0.0001 -9.9999 -0.0002 0.0001 9.9999 0.0000 0.0000 0.0000 0.0000 0.0000 0.0000 0.0000 0.0000 0.0000 -0.0001 0.0000 0.0000 0.0000 0.0000 0.0000 0.0000 0.0001 0.0000 0.0001 0.0000 0.0000 0.0000 0.0000 0.0000 0.0000 0.0000 10.0001 -0.0001 0.0000 -10.0001 0.0000 0.0000 0.0000 0.0000 0.0000 0.0000 0.0002 0.0000 0.0000 -40.8933 20.7047 22.2076 4.1067 -20.7047 -22.2077 0.0000 0.0000 0.0000 0.0000 0.0004 0.0000 90.0000 0.0000 0.0000 0.0000 0.0000 0.0000 -270.0000 90.0000 0.0000 0.0000 0.0000 0.0000 0.0000 0.0000 0.0000 -90.0000 0.0000 0.0000 0.0000 -0.0001 0.0000 270.0002 90.0000 0.0000 0.0000 0.0000 0.0000 0.0000 0.0000 0.0000 
0.0000 94.0000 0.0000 0.0000 0.0000 0.0000 0.0000 0.0001 180.0000 0.0000 0.0000 0.0000 0.0000 0.0000 0.0000 0.0000 0.0000 0.0000 0.0000 0.0000 0.0000 0.0000 0.0000 0.0000 0.0000 0.0000 0.0000 0.0000 0.0000 90.0001 89.9999 0.0000 0.0000 0.0000 0.0000 0.0001 0.0000 0.0000 0.0000 40.8933 20.7046 -22.2077 -4.1067 -20.7048 22.2077 0.0000 0.0000 0.0000 0.0000 0.0003 0.0000 -0.0001 -0.0001 20.0000 0.0000 0.0001 -20.0000 0.0000 0.0000 0.0000 0.0000 0.0000 0.0000 0.0000 0.0000 0.0000 0.0000 -0.0001 10.0000 -0.0001 0.0000 -10.0000 0.0000 0.0000 0.0000 0.0000 0.0000 0.0000 0.0000 0.0000 0.0000 0.0000 -0.0001 -0.0001 -0.0001 0.0001 0.0000 0.0000 0.0000 0.0000 0.0000 0.0000 0.0000 0.0000 0.0000 0.0000 0.0000 -0.0001 -10.0001 -0.0001 0.0001 10.0000 0.0000 0.0000 0.0000 0.0000 0.0000 0.0000 0.0000 0.0000 0.0000 0.0000 0.0000 -90.0000 -89.9999 0.0000 0.0000 0.0001 0.0000 0.0001 0.0000 0.0000 0.0000 0.0001 -0.0001 -20.0000 0.0000 0.0001 20.0000 -0.0003 0.0000 -0.0001 0.0000 0.0000 0.0000 0.0000 0.0000 0.0000 0.0000 -0.0001 -9.9999 -0.0002 0.0001 9.9999 0.0000 0.0000 0.0000 0.0000 0.0000 0.0000 0.0000 0.0000 0.0000 -0.0001 0.0000 0.0000 0.0000 0.0000 0.0000 0.0000 0.0001 0.0000 0.0001 0.0000 0.0000 0.0000 0.0000 0.0000 0.0000 0.0000 10.0001 -0.0001 0.0000 -10.0001 0.0000 0.0000 0.0000 0.0000 0.0000 0.0000 0.0002 0.0000 0.0000 -40.8933 20.7047 22.2076 4.1067 -20.7047 -22.2077 0.0000 0.0000 0.0000 0.0000 0.0004 0.0000 90.0000 0.0000 0.0000 0.0000 0.0000 0.0000 -270.0000 90.0000 0.0000 0.0000 0.0000 0.0000 0.0000 0.0000 0.0000 -90.0000 0.0000 0.0000 0.0000 -0.0001 0.0000 270.0002 90.0000 0.0000 0.0000 0.0000 0.0000 0.0000 0.0000 0.0000 
0.0000 94.0000 0.0000 0.0000 0.0000 0.0000 0.0000 0.0001 180.0000 0.0000 0.0000 0.0000 0.0000 0.0000 0.0000 0.0000 0.0000 0.0000 0.0000 0.0000 0.0000 0.0000 0.0000 0.0000 0.0000 0.0000 0.0000 0.0000 0.0000 90.0001 89.9999 0.0000 0.0000 0.0000 0.0000 0.0001 0.0000 0.0000 0.0000 40.8933 20.7046 -22.2077 -4.1067 -20.7048 22.2077 0.0000 0.0000 0.0000 0.0000 0.0003 0.0000 -0.0001 -0.0001 20.0000 0.0000 0.0001 -20.0000 0.0000 0.0000 0.0000 0.0000 0.0000 0.0000 0.0000 0.0000 0.0000 0.0000 -0.0001 10.0000 -0.0001 0.0000 -10.0000 0.0000 0.0000 0.0000 0.0000 0.0000 0.0000 0.0000 0.0000 0.0000 0.0000 -0.0001 -0.0001 -0.0001 0.0001 0.0000 0.0000 0.0000 0.0000 0.0000 0.0000 0.0000 0.0000 0.0000 0.0000 0.0000 -0.0001 -10.0001 -0.0001 0.0001 10.0000 0.0000 0.0000 0.0000 0.0000 0.0000 0.0000 0.0000 0.0000 0.0000 0.0000 0.0000 -90.0000 -89.9999 0.0000 0.0000 0.0001 0.0000 0.0001 0.0000 0.0000 0.0000 0.0001 -0.0001 -20.0000 0.0000 0.0001 20.0000 -0.0003 0.0000 -0.0001 0.0000 0.0000 0.0000 0.0000 0.0000 0.0000 0.0000 -0.0001 -9.9999 -0.0002 0.0001 9.9999 0.0000 0.0000 0.0000 0.0000 0.0000 0.0000 0.0000 0.0000 0.0000 -0.0001 0.0000 0.0000 0.0000 0.0000 0.0000 0.0000 0.0001 0.0000 0.0001 0.0000 0.0000 0.0000 0.0000 0.0000 0.0000 0.0000 10.0001 -0.0001 0.0000 -10.0001 0.0000 0.0000 0.0000 0.0000 0.0000 0.0000 0.0002 0.0000 0.0000 -40.8933 20.7047 22.2076 4.1067 -20.7047 -22.2077 0.0000 0.0000 0.0000 0.0000 0.0004 0.0000 90.0000 0.0000 0.0000 0.0000 0.0000 0.0000 -270.0000 90.0000 0.0000 0.0000 0.0000 0.0000 0.0000 0.0000 0.0000 -90.0000 0.0000 0.0000 0.0000 -0.0001 0.0000 270.0002 90.0000 0.0000 0.0000 0.0000 0.0000 0.0000 0.0000 0.0000 
0.0000 94.0000 0.0000 0.0000 0.0000 0.0000 0.0000 0.0001 180.0000 0.0000 0.0000 0.0000 0.0000 0.0000 0.0000 0.0000 0.0000 0.0000 0.0000 0.0000 0.0000 0.0000 0.0000 0.0000 0.0000 0.0000 0.0000 0.0000 0.0000 90.0001 89.9999 0.0000 0.0000 0.0000 0.0000 0.0001 0.0000 0.0000 0.0000 40.8933 20.7046 -22.2077 -4.1067 -20.7048 22.2077 0.0000 0.0000 0.0000 0.0000 0.0003 0.0000 -0.0001 -0.0001 20.0000 0.0000 0.0001 -20.0000 0.0000 0.0000 0.0000 0.0000 0.0000 0.0000 0.0000 0.0000 0.0000 0.0000 -0.0001 10.0000 -0.0001 0.0000 -10.0000 0.0000 0.0000 0.0000 0.0000 0.0000 0.0000 0.0000 0.0000 0.0000 0.0000 -0.0001 -0.0001 -0.0001 0.0001 0.0000 0.0000 0.0000 0.0000 0.0000 0.0000 0.0000 0.0000 0.0000 0.0000 0.0000 -0.0001 -10.0001 -0.0001 0.0001 10.0000 0.0000 0.0000 0.0000 0.0000 0.0000 0.0000 0.0000 0.0000 0.0000 0.0000 0.0000 -90.0000 -89.9999 0.0000 0.0000 0.0001 0.0000 0.0001 0.0000 0.0000 0.0000 0.0001 -0.0001 -20.0000 0.0000 0.0001 20.0000 -0.0003 0.0000 -0.0001 0.0000 0.0000 0.0000 0.0000 0.0000 0.0000 0.0000 -0.0001 -9.9999 -0.0002 0.0001 9.9999 0.0000 0.0000 0.0000 0.0000 0.0000 0.0000 0.0000 0.0000 0.0000 -0.0001 0.0000 0.0000 0.0000 0.0000 0.0000 0.0000 0.0001 0.0000 0.0001 0.0000 0.0000 0.0000 0.0000 0.0000 0.0000 0.0000 10.0001 -0.0001 0.0000 -10.0001 0.0000 0.0000 0.0000 0.0000 0.0000 0.0000 0.0002 0.0000 0.0000 -40.8933 20.7047 22.2076 4.1067 -20.7047 -22.2077 0.0000 0.0000 0.0000 0.0000 0.0004 0.0000 90.0000 0.0000 0.0000 0.0000 0.0000 0.0000 -270.0000 90.0000 0.0000 0.0000 0.0000 0.0000 0.0000 0.0000 0.0000 -90.0000 0.0000 0.0000 0.0000 -0.0001 0.0000 270.0002 90.0000 0.0000 0.0000 0.0000 0.0000 0.0000 0.0000 0.0000
0.0000 94.0000 0.0000 0.0000 0.0000 0.0000 0.0000 0.0001 180.0000 0.0000 0.0000 0.0000 0.0000 0.0000 0.0000 0.0000 0.0000 0.0000 0.0000 0.0000 0.0000 0.0000 0.0000 0.0000 0.0000 0.0000 0.0000 0.0000 0.0000 90.0001 89.9999 0.0000 0.0000 0.0000 0.0000 0.0001 0.0000 0.0000 0.0000 40.8933 20.7046 -22.2077 -4.1067 -20.7048 22.2077 0.0000 0.0000 0.0000 0.0000 0.0003 0.0000 -0.0001 -0.0001 20.0000 0.0000 0.0001 -20.0000 0.0000 0.0000 0.0000 0.0000 0.0000 0.0000 0.0000 0.0000 0.0000 0.0000 -0.0001 10.0000 -0.0001 0.0000 -10.0000 0.0000 0.0000 0.0000 0.0000 0.0000 0.0000 0.0000 0.0000 0.0000 0.0000 -0.0001 -0.0001 -0.0001 0.0001 0.0000 0.0000 0.0000 0.0000 0.0000 0.0000 0.0000 0.0000 0.0000 0.0000 0.0000 -0.0001 -10.0001 -0.0001 0.0001 10.0000 0.0000 0.0000 0.0000 0.0000 0.0000 0.0000 0.0000 0.0000 0.0000 0.0000 0.0000 -90.0000 -89.9999 0.0000 0.0000 0.0001 0.0000 0.0001 0.0000 0.0000 0.0000 0.0001 -0.0001 -20.0000 0.0000 0.0001 20.0000 -0.0003 0.0000 -0.0001 0.0000 0.0000 0.0000 0.0000 0.0000 0.0000 0.0000 -0.0001 -9.9999 -0.0002 0.0001 9.9999 0.0000 0.0000 0.0000 0.0000 0.0000 0.0000 0.0000 0.0000 0.0000 -0.0001 0.0000 0.0000 0.0000 0.0000 0.0000 0.0000 0.0001 0.0000 0.0001 0.0000 0.0000 0.0000 0.0000 0.0000 0.0000 0.0000 10.0001 -0.0001 0.0000 -10.0001 0.0000 0.0000 0.0000 0.0000 0.0000 0.0000 0.0002 0.0000 0.0000 -40.8933 20.7047 22.2076 4.1067 -20.7047 -22.2077 0.0000 0.0000 0.0000 0.0000 0.0004 0.0000 90.0000 0.0000 0.0000 0.0000 0.0000 0.0000 -270.0000 90.0000 0.0000 0.0000 0.0000 0.0000 0.0000 0.0000 0.0000 -90.0000 0.0000 0.0000 0.0000 -0.0001 0.0000 270.0002 90.0000 0.0000 0.0000 0.0000 0.0000 0.0000 0.0000 0.0000 
0.0000 94.0000 0.0000 0.0000 0.0000 0.0000 0.0000 0.0001 180.0000 0.0000 0.0000 0.0000 0.0000 0.0000 0.0000 0.0000 0.0000 0.0000 0.0000 0.0000 0.0000 0.0000 0.0000 0.0000 0.0000 0.0000 0.0000 0.0000 0.0000 90.0001 89.9999 0.0000 0.0000 0.0000 0.0000 0.0001 0.0000 0.0000 0.0000 40.8933 20.7046 -22.2077 -4.1067 -20.7048 22.2077 0.0000 0.0000 0.0000 0.0000 0.0003 0.0000 -0.0001 -0.0001 20.0000 0.0000 0.0001 -20.0000 0.0000 0.0000 0.0000 0.0000 0.0000 0.0000 0.0000 0.0000 0.0000 0.0000 -0.0001 10.0000 -0.0001 0.0000 -10.0000 0.0000 0.0000 0.0000 0.0000 0.0000 0.0000 0.0000 0.0000 0.0000 0.0000 -0.0001 -0.0001 -0.0001 0.0001 0.0000 0.0000 0.0000 0.0000 0.0000 0.0000 0.0000 0.0000 0.0000 0.0000 0.0000 -0.0001 -10.0001 -0.0001 0.0001 10.0000 0.0000 0.0000 0.0000 0.0000 0.0000 0.0000 0.0000 0.0000 0.0000 0.0000 0.0000 -90.0000 -89.9999 0.0000 0.0000 0.0001 0.0000 0.0001 0.0000 0.0000 0.0000 0.0001 -0.0001 -20.0000 0.0000 0.0001 20.0000 -0.0003 0.0000 -0.0001 0.0000 0.0000 0.0000 0.0000 0.0000 0.0000 0.0000 -0.0001 -9.9999 -0.0002 0.0001 9.9999 0.0000 0.0000 0.0000 0.0000 0.0000 0.0000 0.0000 0.0000 0.0000 -0.0001 0.0000 0.0000 0.0000 0.0000 0.0000 0.0000 0.0001 0.0000 0.0001 0.0000 0.0000 0.0000 0.0000 0.0000 0.0000 0.0000 10.0001 -0.0001 0.0000 -10.0001 0.0000 0.0000 0.0000 0.0000 0.0000 0.0000 0.0002 0.0000 0.0000 -40.8933 20.7047 22.2076 4.1067 -20.7047 -22.2077 0.0000 0.0000 0.0000 0.0000 0.0004 0.0000 90.0000 0.0000 0.0000 0.0000 0.0000 0.0000 -270.0000 90.0000 0.0000 0.0000 0.0000 0.0000 0.0000 0.0000 0.0000 -90.0000 0.0000 0.0000 0.0000 -0.0001 0.0000 270.0002 90.0000 0.0000 0.0000 0.0000 0.0000 0.0000 0.0000 0.0000 
0.0000 94.0000 0.0000 0.0000 0.0000 0.0000 0.0000 0.0001 180.0000 0.0000 0.0000 0.0000 0.0000 0.0000 0.0000 0.0000 0.0000 0.0000 0.0000 0.0000 0.0000 0.0000 0.0000 0.0000 0.0000 0.0000 0.0000 0.0000 0.0000 90.0001 89.9999 0.0000 0.0000 0.0000 0.0000 0.0001 0.0000 0.0000 0.0000 40.8933 20.7046 -22.2077 -4.1067 -20.7048 22.2077 0.0000 0.0000 0.0000 0.0000 0.0003 0.0000 -0.0001 -0.0001 20.0000 0.0000 0.0001 -20.0000 0.0000 0.0000 0.0000 0.0000 0.0000 0.0000 0.0000 0.0000 0.0000 0.0000 -0.0001 10.0000 -0.0001 0.0000 -10.0000 0.0000 0.0000 0.0000 0.0000 0.0000 0.0000 0.0000 0.0000 0.0000 0.0000 -0.0001 -0.0001 -0.0001 0.0001 0.0000 0.0000 0.0000 0.0000 0.0000 0.0000 0.0000 0.0000 0.0000 0.0000 0.0000 -0.0001 -10.0001 -0.0001 0.0001 10.0000 0.0000 0.0000 0.0000 0.0000 0.0000 0.0000 0.0000 0.0000 0.0000 0.0000 0.0000 -90.0000 -89.9999 0.0000 0.0000 0.0001 0.0000 0.0001 0.0000 0.0000 0.0000 0.0001 -0.0001 -20.0000 0.0000 0.0001 20.0000 -0.0003 0.0000 -0.0001 0.0000 0.0000 0.0000 0.0000 0.0000 0.0000 0.0000 -0.0001 -9.9999 -0.0002 0.0001 9.9999 0.0000 0.0000 0.0000 0.0000 0.0000 0.0000 0.0000 0.0000 0.0000 -0.0001 0.0000 0.0000 0.0000 0.0000 0.0000 0.0000 0.0001 0.0000 0.0001 0.0000 0.0000 0.0000 0.0000 0.0000 0.0000 0.0000 10.0001 -0.0001 0.0000 -10.0001 0.0000 0.0000 0.0000 0.0000 0.0000 0.0000 0.0002 0.0000 0.0000 -40.8933 20.7047 22.2076 4.1067 -20.7047 -22.2077 0.0000 0.0000 0.0000 0.0000 0.0004 0.0000 90.0000 0.0000 0.0000 0.0000 0.0000 0.0000 -270.0000 90.0000 0.0000 0.0000 0.0000 0.0000 0.0000 0.0000 0.0000 -90.0000 0.0000 0.0000 0.0000 -0.0001 0.0000 270.0002 90.0000 0.0000 0.0000 0.0000 0.0000 0.0000 0.0000 0.0000 
0.0000 94.0000 0.0000 0.0000 0.0000 0.0000 0.0000 0.0001 180.0000 0.0000 0.0000 0.0000 0.0000 0.0000 0.0000 0.0000 0.0000 0.0000 0.0000 0.0000 0.0000 0.0000 0.0000 0.0000 0.0000 0.0000 0.0000 0.0000 0.0000 90.0001 89.9999 0.0000 0.0000 0.0000 0.0000 0.0001 0.0000 0.0000 0.0000 40.8933 20.7046 -22.2077 -4.1067 -20.7048 22.2077 0.0000 0.0000 0.0000 0.0000 0.0003 0.0000 -0.0001 -0.0001 20.0000 0.0000 0.0001 -20.0000 0.0000 0.0000 0.0000 0.0000 0.0000 0.0000 0.0000 0.0000 0.0000 0.0000 -0.0001 10.0000 -0.0001 0.0000 -10.0000 0.0000 0.0000 0.0000 0.0000 0.0000 0.0000 0.0000 0.0000 0.0000 0.0000 -0.0001 -0.0001 -0.0001 0.0001 0.0000 0.0000 0.0000 0.0000 0.0000 0.0000 0.0000 0.0000 0.0000 0.0000 0.0000 -0.0001 -10.0001 -0.0001 0.0001 10.0000 0.0000 0.0000 0.0000 0.0000 0.0000 0.0000 0.0000 0.0000 0.0000 0.0000 0.0000 -90.0000 -89.9999 0.0000 0.0000 0.0001 0.0000 0.0001 0.0000 0.0000 0.0000 0.0001 -0.0001 -20.0000 0.0000 0.0001 20.0000 -0.0003 0.0000 -0.0001 0.0000 0.0000 0.0000 0.0000 0.0000 0.0000 0.0000 -0.0001 -9.9999 -0.0002 0.0001 9.9999 0.0000 0.0000 0.0000 0.0000 0.0000 0.0000 0.0000 0.0000 0.0000 -0.0001 0.0000 0.0000 0.0000 0.0000 0.0000 0.0000 0.0001 0.0000 0.0001 0.0000 0.0000 0.0000 0.0000 0.0000 0.0000 0.0000 10.0001 -0.0001 0.0000 -10.0001 0.0000 0.0000 0.0000 0.0000 0.0000 0.0000 0.0002 0.0000 0.0000 -40.8933 20.7047 22.2076 4.1067 -20.7047 -22.2077 0.0000 0.0000 0.0000 0.0000 0.0004 0.0000 90.0000 0.0000 0.0000 0.0000 0.0000 0.0000 -270.0000 90.0000 0.0000 0.0000 0.0000 0.0000 0.0000 0.0000 0.0000 -90.0000 0.0000 0.0000 0.0000 -0.0001 0.0000 270.0002 90.0000 0.0000 0.0000 0.0000 0.0000 0.0000 0.0000 0.0000 
0.0000 94.0000 0.0000 0.0000 0.0000 0.0000 0.0000 0.0001 180.0000 0.0000 0.0000 0.0000 0.0000 0.0000 0.0000 0.0000 0.0000 0.0000 0.0000 0.0000 0.0000 0.0000 0.0000 0.0000 0.0000 0.0000 0.0000 0.0000 0.0000 90.0001 89.9999 0.0000 0.0000 0.0000 0.0000 0.0001 0.0000 0.0000 0.0000 40.8933 20.7046 -22.2077 -4.1067 -20.7048 22.2077 0.0000 0.0000 0.0000 0.0000 0.0003 0.0000 -0.0001 -0.0001 20.0000 0.0000 0.0001 -20.0000 0.0000 0.0000 0.0000 0.0000 0.0000 0.0000 0.0000 0.0000 0.0000 0.0000 -0.0001 10.0000 -0.0001 0.0000 -10.0000 0.0000 0.0000 0.0000 0.0000 0.0000 0.0000 0.0000 0.0000 0.0000 0.0000 -0.0001 -0.0001 -0.0001 0.0001 0.0000 0.0000 0.0000 0.0000 0.0000 0.0000 0.0000 0.0000 0.0000 0.0000 0.0000 -0.0001 -10.0001 -0.0001 0.0001 10.0000 0.0000 0.0000 0.0000 0.0000 0.0000 0.0000 0.0000 0.0000 0.0000 0.0000 0.0000 -90.0000 -89.9999 0.0000 0.0000 0.0001 0.0000 0.0001 0.0000 0.0000 0.0000 0.0001 -0.0001 -20.0000 0.0000 0.0001 20.0000 -0.0003 0.0000 -0.0001 0.0000 0.0000 0.0000 0.0000 0.0000 0.0000 0.0000 -0.0001 -9.9999 -0.0002 0.0001 9.9999 0.0000 0.0000 0.0000 0.0000 0.0000 0.0000 0.0000 0.0000 0.0000 -0.0001 0.0000 0.0000 0.0000 0.0000 0.0000 0.0000 0.0001 0.0000 0.0001 0.0000 0.0000 0.0000 0.0000 0.0000 0.0000 0.0000 10.0001 -0.0001 0.0000 -10.0001 0.0000 0.0000 0.0000 0.0000 0.0000 0.0000 0.0002 0.0000 0.0000 -40.8933 20.7047 22.2076 4.1067 -20.7047 -22.2077 0.0000 0.0000 0.0000 0.0000 0.0004 0.0000 90.0000 0.0000 0.0000 0.0000 0.0000 0.0000 -270.0000 90.0000 0.0000 0.0000 0.0000 0.0000 0.0000 0.0000 0.0000 -90.0000 0.0000 0.0000 0.0000 -0.0001 0.0000 270.0002 90.0000 0.0000 0.0000 0.0000 0.0000 0.0000 0.0000 0.0000 
0.0000 94.0000 0.0000 0.0000 0.0000 0.0000 0.0000 0.0001 180.0000 0.0000 0.0000 0.0000 0.0000 0.0000 0.0000 0.0000 0.0000 0.0000 0.0000 0.0000 0.0000 0.0000 0.0000 0.0000 0.0000 0.0000 0.0000 0.0000 0.0000 90.0001 89.9999 0.0000 0.0000 0.0000 0.0000 0.0001 0.0000 0.0000 0.0000 40.8933 20.7046 -22.2077 -4.1067 -20.7048 22.2077 0.0000 0.0000 0.0000 0.0000 0.0003 0.0000 -0.0001 -0.0001 20.0000 0.0000 0.0001 -20.0000 0.0000 0.0000 0.0000 0.0000 0.0000 0.0000 0.0000 0.0000 0.0000 0.0000 -0.0001 10.0000 -0.0001 0.0000 -10.0000 0.0000 0.0000 0.0000 0.0000 0.0000 0.0000 0.0000 0.0000 0.0000 0.0000 -0.0001 -0.0001 -0.0001 0.0001 0.0000 0.0000 0.0000 0.0000 0.0000 0.0000 0.0000 0.0000 0.0000 0.0000 0.0000 -0.0001 -10.0001 -0.0001 0.0001 10.0000 0.0000 0.0000 0.0000 0.0000 0.0000 0.0000 0.0000 0.0000 0.0000 0.0000 0.0000 -90.0000 -89.9999 0.0000 0.0000 0.0001 0.0000 0.0001 0.0000 0.0000 0.0000 0.0001 -0.0001 -20.0000 0.0000 0.0001 20.0000 -0.0003 0.0000 -0.0001 0.0000 0.0000 0.0000 0.0000 0.0000 0.0000 0.0000 -0.0001 -9.9999 -0.0002 0.0001 9.9999 0.0000 0.0000 0.0000 0.0000 0.0000 0.0000 0.0000 0.0000 0.0000 -0.0001 0.0000 0.0000 0.0000 0.0000 0.0000 0.0000 0.0001 0.0000 0.0001 0.0000 0.0000 0.0000 0.0000 0.0000 0.0000 0.0000 10.0001 -0.0001 0.0000 -10.0001 0.0000 0.0000 0.0000 0.0000 0.0000 0.0000 0.0002 0.0000 0.0000 -40.8933 20.7047 22.2076 4.1067 -20.7047 -22.2077 0.0000 0.0000 0.0000 0.0000 0.0004 0.0000 90.0000 0.0000 0.0000 0.0000 0.0000 0.0000 -270.0000 90.0000 0.0000 0.0000 0.0000 0.0000 0.0000 0.0000 0.0000 -90.0000 0.0000 0.0000 0.0000 -0.0001 0.0000 270.0002 90.0000 0.0000 0.0000 0.0000 0.0000 0.0000 0.0000 0.0000 
0.0000 94.0000 0.0000 0.0000 0.0000 0.0000 0.0000 0.0001 180.0000 0.0000 0.0000 0.0000 0.0000 0.0000 0.0000 0.0000 0.0000 0.0000 0.0000 0.0000 0.0000 0.0000 0.0000 0.0000 0.0000 0.0000 0.0000 0.0000 0.0000 90.0001 89.9999 0.0000 0.0000 0.0000 0.0000 0.0001 0.0000 0.0000 0.0000 40.8933 20.7046 -22.2077 -4.1067 -20.7048 22.2077 0.0000 0.0000 0.0000 0.0000 0.0003 0.0000 -0.0001 -0.0001 20.0000 0.0000 0.0001 -20.0000 0.0000 0.0000 0.0000 0.0000 0.0000 0.0000 0.0000 0.0000 0.0000 0.0000 -0.0001 10.0000 -0.0001 0.0000 -10.0000 0.0000 0.0000 0.0000 0.0000 0.0000 0.0000 0.0000 0.0000 0.0000 0.0000 -0.0001 -0.0001 -0.0001 0.0001 0.0000 0.0000 0.0000 0.0000 0.0000 0.0000 0.0000 0.0000 0.0000 0.0000 0.0000 -0.0001 -10.0001 -0.0001 0.0001 10.0000 0.0000 0.0000 0.0000 0.0000 0.0000 0.0000 0.0000 0.0000 0.0000 0.0000 0.0000 -90.0000 -89.9999 0.0000 0.0000 0.0001 0.0000 0.0001 0.0000 0.0000 0.0000 0.0001 -0.0001 -20.0000 0.0000 0.0001 20.0000 -0.0003 0.0000 -0.0001 0.0000 0.0000 0.0000 0.0000 0.0000 0.0000 0.0000 -0.0001 -9.9999 -0.0002 0.0001 9.9999 0.0000 0.0000 0.0000 0.0000 0.0000 0.0000 0.0000 0.0000 0.0000 -0.0001 0.0000 0.0000 0.0000 0.0000 0.0000 0.0000 0.0001 0.0000 0.0001 0.0000 0.0000 0.0000 0.0000 0.0000 0.0000 0.0000 10.0001 -0.0001 0.0000 -10.0001 0.0000 0.0000 0.0000 0.0000 0.0000 0.0000 0.0002 0.0000 0.0000 -40.8933 20.7047 22.2076 4.1067 -20.7047 -22.2077 0.0000 0.0000 0.0000 0.0000 0.0004 0.0000 90.0000 0.0000 0.0000 0.0000 0.0000 0.0000 -270.0000 90.0000 0.0000 0.0000 0.0000 0.0000 0.0000 0.0000 0.0000 -90.0000 0.0000 0.0000 0.0000 -0.0001 0.0000 270.0002 90.0000 0.0000 0.0000 0.0000 0.0000 0.0000 0.0000 0.0000 
0.0000 94.0000 0.0000 0.0000 0.0000 0.0000 0.0000 0.0001 180.0000 0.0000 0.0000 0.0000 0.0000 0.0000 0.0000 0.0000 0.0000 0.0000 0.0000 0.0000 0.0000 0.0000 0.0000 0.0000 0.0000 0.0000 0.0000 0.0000 0.0000 90.0001 89.9999 0.0000 0.0000 0.0000 0.0000 0.0001 0.0000 0.0000 0.0000 40.8933 20.7046 -22.2077 -4.1067 -20.7048 22.2077 0.0000 0.0000 0.0000 0.0000 0.0003 0.0000 -0.0001 -0.0001 20.0000 0.0000 0.0001 -20.0000 0.0000 0.0000 0.0000 0.0000 0.0000 0.0000 0.0000 0.0000 0.0000 0.0000 -0.0001 10.0000 -0.0001 0.0000 -10.0000 0.0000 0.0000 0.0000 0.0000 0.0000 0.0000 0.0000 0.0000 0.0000 0.0000 -0.0001 -0.0001 -0.0001 0.0001 0.0000 0.0000 0.0000 0.0000 0.0000 0.0000 0.0000 0.0000 0.0000 0.0000 0.0000 -0.0001 -10.0001 -0.0001 0.0001 10.0000 0.0000 0.0000 0.0000 0.0000 0.0000 0.0000 0.0000 0.0000 0.0000 0.0000 0.0000 -90.0000 -89.9999 0.0000 0.0000 0.0001 0.0000 0.0001 0.0000 0.0000 0.0000 0.0001 -0.0001 -20.0000 0.0000 0.0001 20.0000 -0.0003 0.0000 -0.0001 0.0000 0.0000 0.0000 0.0000 0.0000 0.0000 0.0000 -0.0001 -9.9999 -0.0002 0.0001 9.9999 0.0000 0.0000 0.0000 0.0000 0.0000 0.0000 0.0000 0.0000 0.0000 -0.0001 0.0000 0.0000 0.0000 0.0000 0.0000 0.0000 0.0001 0.0000 0.0001 0.0000 0.0000 0.0000 0.0000 0.0000 0.0000 0.0000 10.0001 -0.0001 0.0000 -10.0001 0.0000 0.0000 0.0000 0.0000 0.0000 0.0000 0.0002 0.0000 0.0000 -40.8933 20.7047 22.2076 4.1067 -20.7047 -22.2077 0.0000 0.0000 0.0000 0.0000 0.0004 0.0000 90.0000 0.0000 0.0000 0.0000 0.0000 0.0000 -270.0000 90.0000 0.0000 0.0000 0.0000 0.0000 0.0000 0.0000 0.0000 -90.0000 0.0000 0.0000 0.0000 -0.0001 0.0000 270.0002 90.0000 0.0000 0.0000 0.0000 0.0000 0.0000 0.0000 0.0000 
0.0000 94.0000 0.0000 0.0000 0.0000 0.0000 0.0000 0.0001 180.0000 0.0000 0.0000 0.0000 0.0000 0.0000 0.0000 0.0000 0.0000 0.0000 0.0000 0.0000 0.0000 0.0000 0.0000 0.0000 0.0000 0.0000 0.0000 0.0000 0.0000 90.0001 89.9999 0.0000 0.0000 0.0000 0.0000 0.0001 0.0000 0.0000 0.0000 40.8933 20.7046 -22.2077 -4.1067 -20.7048 22.2077 0.0000 0.0000 0.0000 0.0000 0.0003 0.0000 -0.0001 -0.0001 20.0000 0.0000 0.0001 -20.0000 0.0000 0.0000 0.0000 0.0000 0.0000 0.0000 0.0000 0.0000 0.0000 0.0000 -0.0001 10.0000 -0.0001 0.0000 -10.0000 0.0000 0.0000 0.0000 0.0000 0.0000 0.0000 0.0000 0.0000 0.0000 0.0000 -0.0001 -0.0001 -0.0001 0.0001 0.0000 0.0000 0.0000 0.0000 0.0000 0.0000 0.0000 0.0000 0.0000 0.0000 0.0000 -0.0001 -10.0001 -0.0001 0.0001 10.0000 0.0000 0.0000 0.0000 0.0000 0.0000 0.0000 0.0000 0.0000 0.0000 0.0000 0.0000 -90.0000 -89.9999 0.0000 0.0000 0.0001 0.0000 0.0001 0.0000 0.0000 0.0000 0.0001 -0.0001 -20.0000 0.0000 0.0001 20.0000 -0.0003 0.0000 -0.0001 0.0000 0.0000 0.0000 0.0000 0.0000 0.0000 0.0000 -0.0001 -9.9999 -0.0002 0.0001 9.9999 0.0000 0.0000 0.0000 0.0000 0.0000 0.0000 0.0000 0.0000 0.0000 -0.0001 0.0000 0.0000 0.0000 0.0000 0.0000 0.0000 0.0001 0.0000 0.0001 0.0000 0.0000 0.0000 0.0000 0.0000 0.0000 0.0000 10.0001 -0.0001 0.0000 -10.0001 0.0000 0.0000 0.0000 0.0000 0.0000 0.0000 0.0002 0.0000 0.0000 -40.8933 20.7047 22.2076 4.1067 -20.7047 -22.2077 0.0000 0.0000 0.0000 0.0000 0.0004 0.0000 90.0000 0.0000 0.0000 0.0000 0.0000 0.0000 -270.0000 90.0000 0.0000 0.0000 0.0000 0.0000 0.0000 0.0000 0.0000 -90.0000 0.0000 0.0000 0.0000 -0.0001 0.0000 270.0002 90.0000 0.0000 0.0000 0.0000 0.0000 0.0000 0.0000 0.0000 
0.0000 94.0000 0.0000 0.0000 0.0000 0.0000 0.0000 0.0001 180.0000 0.0000 0.0000 0.0000 0.0000 0.0000 0.0000 0.0000 0.0000 0.0000 0.0000 0.0000 0.0000 0.0000 0.0000 0.0000 0.0000 0.0000 0.0000 0.0000 0.0000 90.0001 89.9999 0.0000 0.0000 0.0000 0.0000 0.0001 0.0000 0.0000 0.0000 40.8933 20.7046 -22.2077 -4.1067 -20.7048 22.2077 0.0000 0.0000 0.0000 0.0000 0.0003 0.0000 -0.0001 -0.0001 20.0000 0.0000 0.0001 -20.0000 0.0000 0.0000 0.0000 0.0000 0.0000 0.0000 0.0000 0.0000 0.0000 0.0000 -0.0001 10.0000 -0.0001 0.0000 -10.0000 0.0000 0.0000 0.0000 0.0000 0.0000 0.0000 0.0000 0.0000 0.0000 0.0000 -0.0001 -0.0001 -0.0001 0.0001 0.0000 0.0000 0.0000 0.0000 0.0000 0.0000 0.0000 0.0000 0.0000 0.0000 0.0000 -0.0001 -10.0001 -0.0001 0.0001 10.0000 0.0000 0.0000 0.0000 0.0000 0.0000 0.0000 0.0000 0.0000 0.0000 0.0000 0.0000 -90.0000 -89.9999 0.0000 0.0000 0.0001 0.0000 0.0001 0.0000 0.0000 0.0000 0.0001 -0.0001 -20.0000 0.0000 0.0001 20.0000 -0.0003 0.0000 -0.0001 0.0000 0.0000 0.0000 0.0000 0.0000 0.0000 0.0000 -0.0001 -9.9999 -0.0002 0.0001 9.9999 0.0000 0.0000 0.0000 0.0000 0.0000 0.0000 0.0000 0.0000 0.0000 -0.0001 0.0000 0.0000 0.0000 0.0000 0.0000 0.0000 0.0001 0.0000 0.0001 0.0000 0.0000 0.0000 0.0000 0.0000 0.0000 0.0000 10.0001 -0.0001 0.0000 -10.0001 0.0000 0.0000 0.0000 0.0000 0.0000 0.0000 0.0002 0.0000 0.0000 -40.8933 20.7047 22.2076 4.1067 -20.7047 -22.2077 0.0000 0.0000 0.0000 0.0000 0.0004 0.0000 90.0000 0.0000 0.0000 0.0000 0.0000 0.0000 -270.0000 90.0000 0.0000 0.0000 0.0000 0.0000 0.0000 0.0000 0.0000 -90.0000 0.0000 0.0000 0.0000 -0.0001 0.0000 270.0002 90.0000 0.0000 0.0000 0.0000 0.0000 0.0000 0.0000 0.0000
0.0000 94.0000 0.0000 0.0000 0.0000 0.0000 0.0000 0.0001 180.0000 0.0000 0.0000 0.0000 0.0000 0.0000 0.0000 0.0000 0.0000 0.0000 0.0000 0.0000 0.0000 0.0000 0.0000 0.0000 0.0000 0.0000 0.0000 0.0000 0.0000 90.0001 89.9999 0.0000 0.0000 0.0000 0.0000 0.0001 0.0000 0.0000 0.0000 40.8933 20.7046 -22.2077 -4.1067 -20.7048 22.2077 0.0000 0.0000 0.0000 0.0000 0.0003 0.0000 -0.0001 -0.0001 20.0000 0.0000 0.0001 -20.0000 0.0000 0.0000 0.0000 0.0000 0.0000 0.0000 0.0000 0.0000 0.0000 0.0000 -0.0001 10.0000 -0.0001 0.0000 -10.0000 0.0000 0.0000 0.0000 0.0000 0.0000 0.0000 0.0000 0.0000 0.0000 0.0000 -0.0001 -0.0001 -0.0001 0.0001 0.0000 0.0000 0.0000 0.0000 0.0000 0.0000 0.0000 0.0000 0.0000 0.0000 0.0000 -0.0001 -10.0001 -0.0001 0.0001 10.0000 0.0000 0.0000 0.0000 0.0000 0.0000 0.0000 0.0000 0.0000 0.0000 0.0000 0.0000 -90.0000 -89.9999 0.0000 0.0000 0.0001 0.0000 0.0001 0.0000 0.0000 0.0000 0.0001 -0.0001 -20.0000 0.0000 0.0001 20.0000 -0.0003 0.0000 -0.0001 0.0000 0.0000 0.0000 0.0000 0.0000 0.0000 0.0000 -0.0001 -9.9999 -0.0002 0.0001 9.9999 0.0000 0.0000 0.0000 0.0000 0.0000 0.0000 0.0000 0.0000 0.0000 -0.0001 0.0000 0.0000 0.0000 0.0000 0.0000 0.0000 0.0001 0.0000 0.0001 0.0000 0.0000 0.0000 0.0000 0.0000 0.0000 0.0000 10.0001 -0.0001 0.0000 -10.0001 0.0000 0.0000 0.0000 0.0000 0.0000 0.0000 0.0002 0.0000 0.0000 -40.8933 20.7047 22.2076 4.1067 -20.7047 -22.2077 0.0000 0.0000 0.0000 0.0000 0.0004 0.0000 90.0000 0.0000 0.0000 0.0000 0.0000 0.0000 -270.0000 90.0000 0.0000 0.0000 0.0000 0.0000 0.0000 0.0000 0.0000 -90.0000 0.0000 0.0000 0.0000 -0.0001 0.0000 270.0002 90.0000 0.0000 0.0000 0.0000 0.0000 0.0000 0.0000 0.0000 
0.0000 94.0000 0.0000 0.0000 0.0000 0.0000 0.0000 0.0001 180.0000 0.0000 0.0000 0.0000 0.0000 0.0000 0.0000 0.0000 0.0000 0.0000 0.0000 0.0000 0.0000 0.0000 0.0000 0.0000 0.0000 0.0000 0.0000 0.0000 0.0000 90.0001 89.9999 0.0000 0.0000 0.0000 0.0000 0.0001 0.0000 0.0000 0.0000 40.8933 20.7046 -22.2077 -4.1067 -20.7048 22.2077 0.0000 0.0000 0.0000 0.0000 0.0003 0.0000 -0.0001 -0.0001 20.0000 0.0000 0.0001 -20.0000 0.0000 0.0000 0.0000 0.0000 0.0000 0.0000 0.0000 0.0000 0.0000 0.0000 -0.0001 10.0000 -0.0001 0.0000 -10.0000 0.0000 0.0000 0.0000 0.0000 0.0000 0.0000 0.0000 0.0000 0.0000 0.0000 -0.0001 -0.0001 -0.0001 0.0001 0.0000 0.0000 0.0000 0.0000 0.0000 0.0000 0.0000 0.0000 0.0000 0.0000 0.0000 -0.0001 -10.0001 -0.0001 0.0001 10.0000 0.0000 0.0000 0.0000 0.0000 0.0000 0.0000 0.0000 0.0000 0.0000 0.0000 0.0000 -90.0000 -89.9999 0.0000 0.0000 0.0001 0.0000 0.0001 0.0000 0.0000 0.0000 0.0001 -0.0001 -20.0000 0.0000 0.0001 20.0000 -0.0003 0.0000 -0.0001 0.0000 0.0000 0.0000 0.0000 0.0000 0.0000 0.0000 -0.0001 -9.9999 -0.0002 0.0001 9.9999 0.0000 0.0000 0.0000 0.0000 0.0000 0.0000 0.0000 0.0000 0.0000 -0.0001 0.0000 0.0000 0.0000 0.0000 0.0000 0.0000 0.0001 0.0000 0.0001 0.0000 0.0000 0.0000 0.0000 0.0000 0.0000 0.0000 10.0001 -0.0001 0.0000 -10.0001 0.0000 0.0000 0.0000 0.0000 0.0000 0.0000 0.0002 0.0000 0.0000 -40.8933 20.7047 22.2076 4.1067 -20.7047 -22.2077 0.0000 0.0000 0.0000 0.0000 0.0004 0.0000 90.0000 0.0000 0.0000 0.0000 0.0000 0.0000 -270.0000 90.0000 0.0000 0.0000 0.0000 0.0000 0.0000 0.0000 0.0000 -90.0000 0.0000 0.0000 0.0000 -0.0001 0.0000 270.0002 90.0000 0.0000 0.0000 0.0000 0.0000 0.0000 0.0000 0.0000 
0.0000 94.0000 0.0000 0.0000 0.0000 0.0000 0.0000 0.0001 180.0000 0.0000 0.0000 0.0000 0.0000 0.0000 0.0000 0.0000 0.0000 0.0000 0.0000 0.0000 0.0000 0.0000 0.0000 0.0000 0.0000 0.0000 0.0000 0.0000 0.0000 90.0001 89.9999 0.0000 0.0000 0.0000 0.0000 0.0001 0.0000 0.0000 0.0000 40.8933 20.7046 -22.2077 -4.1067 -20.7048 22.2077 0.0000 0.0000 0.0000 0.0000 0.0003 0.0000 -0.0001 -0.0001 20.0000 0.0000 0.0001 -20.0000 0.0000 0.0000 0.0000 0.0000 0.0000 0.0000 0.0000 0.0000 0.0000 0.0000 -0.0001 10.0000 -0.0001 0.0000 -10.0000 0.0000 0.0000 0.0000 0.0000 0.0000 0.0000 0.0000 0.0000 0.0000 0.0000 -0.0001 -0.0001 -0.0001 0.0001 0.0000 0.0000 0.0000 0.0000 0.0000 0.0000 0.0000 0.0000 0.0000 0.0000 0.0000 -0.0001 -10.0001 -0.0001 0.0001 10.0000 0.0000 0.0000 0.0000 0.0000 0.0000 0.0000 0.0000 0.0000 0.0000 0.0000 0.0000 -90.0000 -89.9999 0.0000 0.0000 0.0001 0.0000 0.0001 0.0000 0.0000 0.0000 0.0001 -0.0001 -20.0000 0.0000 0.0001 20.0000 -0.0003 0.0000 -0.0001 0.0000 0.0000 0.0000 0.0000 0.0000 0.0000 0.0000 -0.0001 -9.9999 -0.0002 0.0001 9.9999 0.0000 0.0000 0.0000 0.0000 0.0000 0.0000 0.0000 0.0000 0.0000 -0.0001 0.0000 0.0000 0.0000 0.0000 0.0000 0.0000 0.0001 0.0000 0.0001 0.0000 0.0000 0.0000 0.0000 0.0000 0.0000 0.0000 10.0001 -0.0001 0.0000 -10.0001 0.0000 0.0000 0.0000 0.0000 0.0000 0.0000 0.0002 0.0000 0.0000 -40.8933 20.7047 22.2076 4.1067 -20.7047 -22.2077 0.0000 0.0000 0.0000 0.0000 0.0004 0.0000 90.0000 0.0000 0.0000 0.0000 0.0000 0.0000 -270.0000 90.0000 0.0000 0.0000 0.0000 0.0000 0.0000 0.0000 0.0000 -90.0000 0.0000 0.0000 0.0000 -0.0001 0.0000 270.0002 90.0000 0.0000 0.0000 0.0000 0.0000 0.0000 0.0000 0.0000 
0.0000 94.0000 0.0000 0.0000 0.0000 0.0000 0.0000 0.0001 180.0000 0.0000 0.0000 0.0000 0.0000 0.0000 0.0000 0.0000 0.0000 0.0000 0.0000 0.0000 0.0000 0.0000 0.0000 0.0000 0.0000 0.0000 0.0000 0.0000 0.0000 90.0001 89.9999 0.0000 0.0000 0.0000 0.0000 0.0001 0.0000 0.0000 0.0000 40.8933 20.7046 -22.2077 -4.1067 -20.7048 22.2077 0.0000 0.0000 0.0000 0.0000 0.0003 0.0000 -0.0001 -0.0001 20.0000 0.0000 0.0001 -20.0000 0.0000 0.0000 0.0000 0.0000 0.0000 0.0000 0.0000 0.0000 0.0000 0.0000 -0.0001 10.0000 -0.0001 0.0000 -10.0000 0.0000 0.0000 0.0000 0.0000 0.0000 0.0000 0.0000 0.0000 0.0000 0.0000 -0.0001 -0.0001 -0.0001 0.0001 0.0000 0.0000 0.0000 0.0000 0.0000 0.0000 0.0000 0.0000 0.0000 0.0000 0.0000 -0.0001 -10.0001 -0.0001 0.0001 10.0000 0.0000 0.0000 0.0000 0.0000 0.0000 0.0000 0.0000 0.0000 0.0000 0.0000 0.0000 -90.0000 -89.9999 0.0000 0.0000 0.0001 0.0000 0.0001 0.0000 0.0000 0.0000 0.0001 -0.0001 -20.0000 0.0000 0.0001 20.0000 -0.0003 0.0000 -0.0001 0.0000 0.0000 0.0000 0.0000 0.0000 0.0000 0.0000 -0.0001 -9.9999 -0.0002 0.0001 9.9999 0.0000 0.0000 0.0000 0.0000 0.0000 0.0000 0.0000 0.0000 0.0000 -0.0001 0.0000 0.0000 0.0000 0.0000 0.0000 0.0000 0.0001 0.0000 0.0001 0.0000 0.0000 0.0000 0.0000 0.0000 0.0000 0.0000 10.0001 -0.0001 0.0000 -10.0001 0.0000 0.0000 0.0000 0.0000 0.0000 0.0000 0.0002 0.0000 0.0000 -40.8933 20.7047 22.2076 4.1067 -20.7047 -22.2077 0.0000 0.0000 0.0000 0.0000 0.0004 0.0000 90.0000 0.0000 0.0000 0.0000 0.0000 0.0000 -270.0000 90.0000 0.0000 0.0000 0.0000 0.0000 0.0000 0.0000 0.0000 -90.0000 0.0000 0.0000 0.0000 -0.0001 0.0000 270.0002 90.0000 0.0000 0.0000 0.0000 0.0000 0.0000 0.0000 0.0000 
0.0000 94.0000 0.0000 0.0000 0.0000 0.0000 0.0000 0.0001 180.0000 0.0000 0.0000 0.0000 0.0000 0.0000 0.0000 0.0000 0.0000 0.0000 0.0000 0.0000 0.0000 0.0000 0.0000 0.0000 0.0000 0.0000 0.0000 0.0000 0.0000 90.0001 89.9999 0.0000 0.0000 0.0000 0.0000 0.0001 0.0000 0.0000 0.0000 40.8933 20.7046 -22.2077 -4.1067 -20.7048 22.2077 0.0000 0.0000 0.0000 0.0000 0.0003 0.0000 -0.0001 -0.0001 20.0000 0.0000 0.0001 -20.0000 0.0000 0.0000 0.0000 0.0000 0.0000 0.0000 0.0000 0.0000 0.0000 0.0000 -0.0001 10.0000 -0.0001 0.0000 -10.0000 0.0000 0.0000 0.0000 0.0000 0.0000 0.0000 0.0000 0.0000 0.0000 0.0000 -0.0001 -0.0001 -0.0001 0.0001 0.0000 0.0000 0.0000 0.0000 0.0000 0.0000 0.0000 0.0000 0.0000 0.0000 0.0000 -0.0001 -10.0001 -0.0001 0.0001 10.0000 0.0000 0.0000 0.0000 0.0000 0.0000 0.0000 0.0000 0.0000 0.0000 0.0000 0.0000 -90.0000 -89.9999 0.0000 0.0000 0.0001 0.0000 0.0001 0.0000 0.0000 0.0000 0.0001 -0.0001 -20.0000 0.0000 0.0001 20.0000 -0.0003 0.0000 -0.0001 0.0000 0.0000 0.0000 0.0000 0.0000 0.0000 0.0000 -0.0001 -9.9999 -0.0002 0.0001 9.9999 0.0000 0.0000 0.0000 0.0000 0.0000 0.0000 0.0000 0.0000 0.0000 -0.0001 0.0000 0.0000 0.0000 0.0000 0.0000 0.0000 0.0001 0.0000 0.0001 0.0000 0.0000 0.0000 0.0000 0.0000 0.0000 0.0000 10.0001 -0.0001 0.0000 -10.0001 0.0000 0.0000 0.0000 0.0000 0.0000 0.0000 0.0002 0.0000 0.0000 -40.8933 20.7047 22.2076 4.1067 -20.7047 -22.2077 0.0000 0.0000 0.0000 0.0000 0.0004 0.0000 90.0000 0.0000 0.0000 0.0000 0.0000 0.0000 -270.0000 90.0000 0.0000 0.0000 0.0000 0.0000 0.0000 0.0000 0.0000 -90.0000 0.0000 0.0000 0.0000 -0.0001 0.0000 270.0002 90.0000 0.0000 0.0000 0.0000 0.0000 0.0000 0.0000 0.0000 
0.0000 94.0000 0.0000 0.0000 0.0000 0.0000 0.0000 0.0001 180.0000 0.0000 0.0000 0.0000 0.0000 0.0000 0.0000 0.0000 0.0000 0.0000 0.0000 0.0000 0.0000 0.0000 0.0000 0.0000 0.0000 0.0000 0.0000 0.0000 0.0000 90.0001 89.9999 0.0000 0.0000 0.0000 0.0000 0.0001 0.0000 0.0000 0.0000 40.8933 20.7046 -22.2077 -4.1067 -20.7048 22.2077 0.0000 0.0000 0.0000 0.0000 0.0003 0.0000 -0.0001 -0.0001 20.0000 0.0000 0.0001 -20.0000 0.0000 0.0000 0.0000 0.0000 0.0000 0.0000 0.0000 0.0000 0.0000 0.0000 -0.0001 10.0000 -0.0001 0.0000 -10.0000 0.0000 0.0000 0.0000 0.0000 0.0000 0.0000 0.0000 0.0000 0.0000 0.0000 -0.0001 -0.0001 -0.0001 0.0001 0.0000 0.0000 0.0000 0.0000 0.0000 0.0000 0.0000 0.0000 0.0000 0.0000 0.0000 -0.0001 -10.0001 -0.0001 0.0001 10.0000 0.0000 0.0000 0.0000 0.0000 0.0000 0.0000 0.0000 0.0000 0.0000 0.0000 0.0000 -90.0000 -89.9999 0.0000 0.0000 0.0001 0.0000 0.0001 0.0000 0.0000 0.0000 0.0001 -0.0001 -20.0000 0.0000 0.0001 20.0000 -0.0003 0.0000 -0.0001 0.0000 0.0000 0.0000 0.0000 0.0000 0.0000 0.0000 -0.0001 -9.9999 -0.0002 0.0001 9.9999 0.0000 0.0000 0.0000 0.0000 0.0000 0.0000 0.0000 0.0000 0.0000 -0.0001 0.0000 0.0000 0.0000 0.0000 0.0000 0.0000 0.0001 0.0000 0.0001 0.0000 0.0000 0.0000 0.0000 0.0000 0.0000 0.0000 10.0001 -0.0001 0.0000 -10.0001 0.0000 0.0000 0.0000 0.0000 0.0000 0.0000 0.0002 0.0000 0.0000 -40.8933 20.7047 22.2076 4.1067 -20.7047 -22.2077 0.0000 0.0000 0.0000 0.0000 0.0004 0.0000 90.0000 0.0000 0.0000 0.0000 0.0000 0.0000 -270.0000 90.0000 0.0000 0.0000 0.0000 0.0000 0.0000 0.0000 0.0000 -90.0000 0.0000 0.0000 0.0000 -0.0001 0.0000 270.0002 90.0000 0.0000 0.0000 0.0000 0.0000 0.0000 0.0000 0.0000 
0.0000 94.0000 0.0000 0.0000 0.0000 0.0000 0.0000 0.0001 180.0000 0.0000 0.0000 0.0000 0.0000 0.0000 0.0000 0.0000 0.0000 0.0000 0.0000 0.0000 0.0000 0.0000 0.0000 0.0000 0.0000 0.0000 0.0000 0.0000 0.0000 90.0001 89.9999 0.0000 0.0000 0.0000 0.0000 0.0001 0.0000 0.0000 0.0000 40.8933 20.7046 -22.2077 -4.1067 -20.7048 22.2077 0.0000 0.0000 0.0000 0.0000 0.0003 0.0000 -0.0001 -0.0001 20.0000 0.0000 0.0001 -20.0000 0.0000 0.0000 0.0000 0.0000 0.0000 0.0000 0.0000 0.0000 0.0000 0.0000 -0.0001 10.0000 -0.0001 0.0000 -10.0000 0.0000 0.0000 0.0000 0.0000 0.0000 0.0000 0.0000 0.0000 0.0000 0.0000 -0.0001 -0.0001 -0.0001 0.0001 0.0000 0.0000 0.0000 0.0000 0.0000 0.0000 0.0000 0.0000 0.0000 0.0000 0.0000 -0.0001 -10.0001 -0.0001 0.0001 10.0000 0.0000 0.0000 0.0000 0.0000 0.0000 0.0000 0.0000 0.0000 0.0000 0.0000 0.0000 -90.0000 -89.9999 0.0000 0.0000 0.0001 0.0000 0.0001 0.0000 0.0000 0.0000 0.0001 -0.0001 -20.0000 0.0000 0.0001 20.0000 -0.0003 0.0000 -0.0001 0.0000 0.0000 0.0000 0.0000 0.0000 0.0000 0.0000 -0.0001 -9.9999 -0.0002 0.0001 9.9999 0.0000 0.0000 0.0000 0.0000 0.0000 0.0000 0.0000 0.0000 0.0000 -0.0001 0.0000 0.0000 0.0000 0.0000 0.0000 0.0000 0.0001 0.0000 0.0001 0.0000 0.0000 0.0000 0.0000 0.0000 0.0000 0.0000 10.0001 -0.0001 0.0000 -10.0001 0.0000 0.0000 0.0000 0.0000 0.0000 0.0000 0.0002 0.0000 0.0000 -40.8933 20.7047 22.2076 4.1067 -20.7047 -22.2077 0.0000 0.0000 0.0000 0.0000 0.0004 0.0000 90.0000 0.0000 0.0000 0.0000 0.0000 0.0000 -270.0000 90.0000 0.0000 0.0000 0.0000 0.0000 0.0000 0.0000 0.0000 -90.0000 0.0000 0.0000 0.0000 -0.0001 0.0000 270.0002 90.0000 0.0000 0.0000 0.0000 0.0000 0.0000 0.0000 0.0000 
0.0000 94.0000 0.0000 0.0000 0.0000 0.0000 0.0000 0.0001 180.0000 0.0000 0.0000 0.0000 0.0000 0.0000 0.0000 0.0000 0.0000 0.0000 0.0000 0.0000 0.0000 0.0000 0.0000 0.0000 0.0000 0.0000 0.0000 0.0000 0.0000 90.0001 89.9999 0.0000 0.0000 0.0000 0.0000 0.0001 0.0000 0.0000 0.0000 40.8933 20.7046 -22.2077 -4.1067 -20.7048 22.2077 0.0000 0.0000 0.0000 0.0000 0.0003 0.0000 -0.0001 -0.0001 20.0000 0.0000 0.0001 -20.0000 0.0000 0.0000 0.0000 0.0000 0.0000 0.0000 0.0000 0.0000 0.0000 0.0000 -0.0001 10.0000 -0.0001 0.0000 -10.0000 0.0000 0.0000 0.0000 0.0000 0.0000 0.0000 0.0000 0.0000 0.0000 0.0000 -0.0001 -0.0001 -0.0001 0.0001 0.0000 0.0000 0.0000 0.0000 0.0000 0.0000 0.0000 0.0000 0.0000 0.0000 0.0000 -0.0001 -10.0001 -0.0001 0.0001 10.0000 0.0000 0.0000 0.0000 0.0000 0.0000 0.0000 0.0000 0.0000 0.0000 0.0000 0.0000 -90.0000 -89.9999 0.0000 0.0000 0.0001 0.0000 0.0001 0.0000 0.0000 0.0000 0.0001 -0.0001 -20.0000 0.0000 0.0001 20.0000 -0.0003 0.0000 -0.0001 0.0000 0.0000 0.0000 0.0000 0.0000 0.0000 0.0000 -0.0001 -9.9999 -0.0002 0.0001 9.9999 0.0000 0.0000 0.0000 0.0000 0.0000 0.0000 0.0000 0.0000 0.0000 -0.0001 0.0000 0.0000 0.0000 0.0000 0.0000 0.0000 0.0001 0.0000 0.0001 0.0000 0.0000 0.0000 0.0000 0.0000 0.0000 0.0000 10.0001 -0.0001 0.0000 -10.0001 0.0000 0.0000 0.0000 0.0000 0.0000 0.0000 0.0002 0.0000 0.0000 -40.8933 20.7047 22.2076 4.1067 -20.7047 -22.2077 0.0000 0.0000 0.0000 0.0000 0.0004 0.0000 90.0000 0.0000 0.0000 0.0000 0.0000 0.0000 -270.0000 90.0000 0.0000 0.0000 0.0000 0.0000 0.0000 0.0000 0.0000 -90.0000 0.0000 0.0000 0.0000 -0.0001 0.0000 270.0002 90.0000 0.0000 0.0000 0.0000 0.0000 0.0000 0.0000 0.0000 
0.0000 94.0000 0.0000 0.0000 0.0000 0.0000 0.0000 0.0001 180.0000 0.0000 0.0000 0.0000 0.0000 0.0000 0.0000 0.0000 0.0000 0.0000 0.0000 0.0000 0.0000 0.0000 0.0000 0.0000 0.0000 0.0000 0.0000 0.0000 0.0000 90.0001 89.9999 0.0000 0.0000 0.0000 0.0000 0.0001 0.0000 0.0000 0.0000 40.8933 20.7046 -22.2077 -4.1067 -20.7048 22.2077 0.0000 0.0000 0.0000 0.0000 0.0003 0.0000 -0.0001 -0.0001 20.0000 0.0000 0.0001 -20.0000 0.0000 0.0000 0.0000 0.0000 0.0000 0.0000 0.0000 0.0000 0.0000 0.0000 -0.0001 10.0000 -0.0001 0.0000 -10.0000 0.0000 0.0000 0.0000 0.0000 0.0000 0.0000 0.0000 0.0000 0.0000 0.0000 -0.0001 -0.0001 -0.0001 0.0001 0.0000 0.0000 0.0000 0.0000 0.0000 0.0000 0.0000 0.0000 0.0000 0.0000 0.0000 -0.0001 -10.0001 -0.0001 0.0001 10.0000 0.0000 0.0000 0.0000 0.0000 0.0000 0.0000 0.0000 0.0000 0.0000 0.0000 0.0000 -90.0000 -89.9999 0.0000 0.0000 0.0001 0.0000 0.0001 0.0000 0.0000 0.0000 0.0001 -0.0001 -20.0000 0.0000 0.0001 20.0000 -0.0003 0.0000 -0.0001 0.0000 0.0000 0.0000 0.0000 0.0000 0.0000 0.0000 -0.0001 -9.9999 -0.0002 0.0001 9.9999 0.0000 0.0000 0.0000 0.0000 0.0000 0.0000 0.0000 0.0000 0.0000 -0.0001 0.0000 0.0000 0.0000 0.0000 0.0000 0.0000 0.0001 0.0000 0.0001 0.0000 0.0000 0.0000 0.0000 0.0000 0.0000 0.0000 10.0001 -0.0001 0.0000 -10.0001 0.0000 0.0000 0.0000 0.0000 0.0000 0.0000 0.0002 0.0000 0.0000 -40.8933 20.7047 22.2076 4.1067 -20.7047 -22.2077 0.0000 0.0000 0.0000 0.0000 0.0004 0.0000 90.0000 0.0000 0.0000 0.0000 0.0000 0.0000 -270.0000 90.0000 0.0000 0.0000 0.0000 0.0000 0.0000 0.0000 0.0000 -90.0000 0.0000 0.0000 0.0000 -0.0001 0.0000 270.0002 90.0000 0.0000 0.0000 0.0000 0.0000 0.0000 0.0000 0.0000 
0.0000 94.0000 0.0000 0.0000 0.0000 0.0000 0.0000 0.0001 180.0000 0.0000 0.0000 0.0000 0.0000 0.0000 0.0000 0.0000 0.0000 0.0000 0.0000 0.0000 0.0000 0.0000 0.0000 0.0000 0.0000 0.0000 0.0000 0.0000 0.0000 90.0001 89.9999 0.0000 0.0000 0.0000 0.0000 0.0001 0.0000 0.0000 0.0000 40.8933 20.7046 -22.2077 -4.1067 -20.7048 22.2077 0.0000 0.0000 0.0000 0.0000 0.0003 0.0000 -0.0001 -0.0001 20.0000 0.0000 0.0001 -20.0000 0.0000 0.0000 0.0000 0.0000 0.0000 0.0000 0.0000 0.0000 0.0000 0.0000 -0.0001 10.0000 -0.0001 0.0000 -10.0000 0.0000 0.0000 0.0000 0.0000 0.0000 0.0000 0.0000 0.0000 0.0000 0.0000 -0.0001 -0.0001 -0.0001 0.0001 0.0000 0.0000 0.0000 0.0000 0.0000 0.0000 0.0000 0.0000 0.0000 0.0000 0.0000 -0.0001 -10.0001 -0.0001 0.0001 10.0000 0.0000 0.0000 0.0000 0.0000 0.0000 0.0000 0.0000 0.0000 0.0000 0.0000 0.0000 -90.0000 -89.9999 0.0000 0.0000 0.0001 0.0000 0.0001 0.0000 0.0000 0.0000 0.0001 -0.0001 -20.0000 0.0000 0.0001 20.0000 -0.0003 0.0000 -0.0001 0.0000 0.0000 0.0000 0.0000 0.0000 0.0000 0.0000 -0.0001 -9.9999 -0.0002 0.0001 9.9999 0.0000 0.0000 0.0000 0.0000 0.0000 0.0000 0.0000 0.0000 0.0000 -0.0001 0.0000 0.0000 0.0000 0.0000 0.0000 0.0000 0.0001 0.0000 0.0001 0.0000 0.0000 0.0000 0.0000 0.0000 0.0000 0.0000 10.0001 -0.0001 0.0000 -10.0001 0.0000 0.0000 0.0000 0.0000 0.0000 0.0000 0.0002 0.0000 0.0000 -40.8933 20.7047 22.2076 4.1067 -20.7047 -22.2077 0.0000 0.0000 0.0000 0.0000 0.0004 0.0000 90.0000 0.0000 0.0000 0.0000 0.0000 0.0000 -270.0000 90.0000 0.0000 0.0000 0.0000 0.0000 0.0000 0.0000 0.0000 -90.0000 0.0000 0.0000 0.0000 -0.0001 0.0000 270.0002 90.0000 0.0000 0.0000 0.0000 0.0000 0.0000 0.0000 0.0000
0.0000 94.0000 0.0000 0.0000 0.0000 0.0000 0.0000 0.0001 180.0000 0.0000 0.0000 0.0000 0.0000 0.0000 0.0000 0.0000 0.0000 0.0000 0.0000 0.0000 0.0000 0.0000 0.0000 0.0000 0.0000 0.0000 0.0000 0.0000 0.0000 90.0001 89.9999 0.0000 0.0000 0.0000 0.0000 0.0001 0.0000 0.0000 0.0000 40.8933 20.7046 -22.2077 -4.1067 -20.7048 22.2077 0.0000 0.0000 0.0000 0.0000 0.0003 0.0000 -0.0001 -0.0001 20.0000 0.0000 0.0001 -20.0000 0.0000 0.0000 0.0000 0.0000 0.0000 0.0000 0.0000 0.0000 0.0000 0.0000 -0.0001 10.0000 -0.0001 0.0000 -10.0000 0.0000 0.0000 0.0000 0.0000 0.0000 0.0000 0.0000 0.0000 0.0000 0.0000 -0.0001 -0.0001 -0.0001 0.0001 0.0000 0.0000 0.0000 0.0000 0.0000 0.0000 0.0000 0.0000 0.0000 0.0000 0.0000 -0.0001 -10.0001 -0.0001 0.0001 10.0000 0.0000 0.0000 0.0000 0.0000 0.0000 0.0000 0.0000 0.0000 0.0000 0.0000 0.0000 -90.0000 -89.9999 0.0000 0.0000 0.0001 0.0000 0.0001 0.0000 0.0000 0.0000 0.0001 -0.0001 -20.0000 0.0000 0.0001 20.0000 -0.0003 0.0000 -0.0001 0.0000 0.0000 0.0000 0.0000 0.0000 0.0000 0.0000 -0.0001 -9.9999 -0.0002 0.0001 9.9999 0.0000 0.0000 0.0000 0.0000 0.0000 0.0000 0.0000 0.0000 0.0000 -0.0001 0.0000 0.0000 0.0000 0.0000 0.0000 0.0000 0.0001 0.0000 0.0001 0.0000 0.0000 0.0000 0.0000 0.0000 0.0000 0.0000 10.0001 -0.0001 0.0000 -10.0001 0.0000 0.0000 0.0000 0.0000 0.0000 0.0000 0.0002 0.0000 0.0000 -40.8933 20.7047 22.2076 4.1067 -20.7047 -22.2077 0.0000 0.0000 0.0000 0.0000 0.0004 0.0000 90.0000 0.0000 0.0000 0.0000 0.0000 0.0000 -270.0000 90.0000 0.0000 0.0000 0.0000 0.0000 0.0000 0.0000 0.0000 -90.0000 0.0000 0.0000 0.0000 -0.0001 0.0000 270.0002 90.0000 0.0000 0.0000 0.0000 0.0000 0.0000 0.0000 0.0000 
0.0000 94.0000 0.0000 0.0000 0.0000 0.0000 0.0000 0.0001 180.0000 0.0000 0.0000 0.0000 0.0000 0.0000 0.0000 0.0000 0.0000 0.0000 0.0000 0.0000 0.0000 0.0000 0.0000 0.0000 0.0000 0.0000 0.0000 0.0000 0.0000 90.0001 89.9999 0.0000 0.0000 0.0000 0.0000 0.0001 0.0000 0.0000 0.0000 40.8933 20.7046 -22.2077 -4.1067 -20.7048 22.2077 0.0000 0.0000 0.0000 0.0000 0.0003 0.0000 -0.0001 -0.0001 20.0000 0.0000 0.0001 -20.0000 0.0000 0.0000 0.0000 0.0000 0.0000 0.0000 0.0000 0.0000 0.0000 0.0000 -0.0001 10.0000 -0.0001 0.0000 -10.0000 0.0000 0.0000 0.0000 0.0000 0.0000 0.0000 0.0000 0.0000 0.0000 0.0000 -0.0001 -0.0001 -0.0001 0.0001 0.0000 0.0000 0.0000 0.0000 0.0000 0.0000 0.0000 0.0000 0.0000 0.0000 0.0000 -0.0001 -10.0001 -0.0001 0.0001 10.0000 0.0000 0.0000 0.0000 0.0000 0.0000 0.0000 0.0000 0.0000 0.0000 0.0000 0.0000 -90.0000 -89.9999 0.0000 0.0000 0.0001 0.0000 0.0001 0.0000 0.0000 0.0000 0.0001 -0.0001 -20.0000 0.0000 0.0001 20.0000 -0.0003 0.0000 -0.0001 0.0000 0.0000 0.0000 0.0000 0.0000 0.0000 0.0000 -0.0001 -9.9999 -0.0002 0.0001 9.9999 0.0000 0.0000 0.0000 0.0000 0.0000 0.0000 0.0000 0.0000 0.0000 -0.0001 0.0000 0.0000 0.0000 0.0000 0.0000 0.0000 0.0001 0.0000 0.0001 0.0000 0.0000 0.0000 0.0000 0.0000 0.0000 0.0000 10.0001 -0.0001 0.0000 -10.0001 0.0000 0.0000 0.0000 0.0000 0.0000 0.0000 0.0002 0.0000 0.0000 -40.8933 20.7047 22.2076 4.1067 -20.7047 -22.2077 0.0000 0.0000 0.0000 0.0000 0.0004 0.0000 90.0000 0.0000 0.0000 0.0000 0.0000 0.0000 -270.0000 90.0000 0.0000 0.0000 0.0000 0.0000 0.0000 0.0000 0.0000 -90.0000 0.0000 0.0000 0.0000 -0.0001 0.0000 270.0002 90.0000 0.0000 0.0000 0.0000 0.0000 0.0000 0.0000 0.0000 
0.0000 94.0000 0.0000 0.0000 0.0000 0.0000 0.0000 0.0001 180.0000 0.0000 0.0000 0.0000 0.0000 0.0000 0.0000 0.0000 0.0000 0.0000 0.0000 0.0000 0.0000 0.0000 0.0000 0.0000 0.0000 0.0000 0.0000 0.0000 0.0000 90.0001 89.9999 0.0000 0.0000 0.0000 0.0000 0.0001 0.0000 0.0000 0.0000 40.8933 20.7046 -22.2077 -4.1067 -20.7048 22.2077 0.0000 0.0000 0.0000 0.0000 0.0003 0.0000 -0.0001 -0.0001 20.0000 0.0000 0.0001 -20.0000 0.0000 0.0000 0.0000 0.0000 0.0000 0.0000 0.0000 0.0000 0.0000 0.0000 -0.0001 10.0000 -0.0001 0.0000 -10.0000 0.0000 0.0000 0.0000 0.0000 0.0000 0.0000 0.0000 0.0000 0.0000 0.0000 -0.0001 -0.0001 -0.0001 0.0001 0.0000 0.0000 0.0000 0.0000 0.0000 0.0000 0.0000 0.0000 0.0000 0.0000 0.0000 -0.0001 -10.0001 -0.0001 0.0001 10.0000 0.0000 0.0000 0.0000 0.0000 0.0000 0.0000 0.0000 0.0000 0.0000 0.0000 0.0000 -90.0000 -89.9999 0.0000 0.0000 0.0001 0.0000 0.0001 0.0000 0.0000 0.0000 0.0001 -0.0001 -20.0000 0.0000 0.0001 20.0000 -0.0003 0.0000 -0.0001 0.0000 0.0000 0.0000 0.0000 0.0000 0.0000 0.0000 -0.0001 -9.9999 -0.0002 0.0001 9.9999 0.0000 0.0000 0.0000 0.0000 0.0000 0.0000 0.0000 0.0000 0.0000 -0.0001 0.0000 0.0000 0.0000 0.0000 0.0000 0.0000 0.0001 0.0000 0.0001 0.0000 0.0000 0.0000 0.0000 0.0000 0.0000 0.0000 10.0001 -0.0001 0.0000 -10.0001 0.0000 0.0000 0.0000 0.0000 0.0000 0.0000 0.0002 0.0000 0.0000 -40.8933 20.7047 22.2076 4.1067 -20.7047 -22.2077 0.0000 0.0000 0.0000 0.0000 0.0004 0.0000 90.0000 0.0000 0.0000 0.0000 0.0000 0.0000 -270.0000 90.0000 0.0000 0.0000 0.0000 0.0000 0.0000 0.0000 0.0000 -90.0000 0.0000 0.0000 0.0000 -0.0001 0.0000 270.0002 90.0000 0.0000 0.0000 0.0000 0.0000 0.0000 0.0000 0.0000 
0.0000 94.0000 0.0000 0.0000 0.0000 0.0000 0.0000 0.0001 180.0000 0.0000 0.0000 0.0000 0.0000 0.0000 0.0000 0.0000 0.0000 0.0000 0.0000 0.0000 0.0000 0.0000 0.0000 0.0000 0.0000 0.0000 0.0000 0.0000 0.0000 90.0001 89.9999 0.0000 0.0000 0.0000 0.0000 0.0001 0.0000 0.0000 0.0000 40.8933 20.7046 -22.2077 -4.1067 -20.7048 22.2077 0.0000 0.0000 0.0000 0.0000 0.0003 0.0000 -0.0001 -0.0001 20.0000 0.0000 0.0001 -20.0000 0.0000 0.0000 0.0000 0.0000 0.0000 0.0000 0.0000 0.0000 0.0000 0.0000 -0.0001 10.0000 -0.0001 0.0000 -10.0000 0.0000 0.0000 0.0000 0.0000 0.0000 0.0000 0.0000 0.0000 0.0000 0.0000 -0.0001 -0.0001 -0.0001 0.0001 0.0000 0.0000 0.0000 0.0000 0.0000 0.0000 0.0000 0.0000 0.0000 0.0000 0.0000 -0.0001 -10.0001 -0.0001 0.0001 10.0000 0.0000 0.0000 0.0000 0.0000 0.0000 0.0000 0.0000 0.0000 0.0000 0.0000 0.0000 -90.0000 -89.9999 0.0000 0.0000 0.0001 0.0000 0.0001 0.0000 0.0000 0.0000 0.0001 -0.0001 -20.0000 0.0000 0.0001 20.0000 -0.0003 0.0000 -0.0001 0.0000 0.0000 0.0000 0.0000 0.0000 0.0000 0.0000 -0.0001 -9.9999 -0.0002 0.0001 9.9999 0.0000 0.0000 0.0000 0.0000 0.0000 0.0000 0.0000 0.0000 0.0000 -0.0001 0.0000 0.0000 0.0000 0.0000 0.0000 0.0000 0.0001 0.0000 0.0001 0.0000 0.0000 0.0000 0.0000 0.0000 0.0000 0.0000 10.0001 -0.0001 0.0000 -10.0001 0.0000 0.0000 0.0000 0.0000 0.0000 0.0000 0.0002 0.0000 0.0000 -40.8933 20.7047 22.2076 4.1067 -20.7047 -22.2077 0.0000 0.0000 0.0000 0.0000 0.0004 0.0000 90.0000 0.0000 0.0000 0.0000 0.0000 0.0000 -270.0000 90.0000 0.0000 0.0000 0.0000 0.0000 0.0000 0.0000 0.0000 -90.0000 0.0000 0.0000 0.0000 -0.0001 0.0000 270.0002 90.0000 0.0000 0.0000 0.0000 0.0000 0.0000 0.0000 0.0000 
0.0000 94.0000 0.0000 0.0000 0.0000 0.0000 0.0000 0.0001 180.0000 0.0000 0.0000 0.0000 0.0000 0.0000 0.0000 0.0000 0.0000 0.0000 0.0000 0.0000 0.0000 0.0000 0.0000 0.0000 0.0000 0.0000 0.0000 0.0000 0.0000 90.0001 89.9999 0.0000 0.0000 0.0000 0.0000 0.0001 0.0000 0.0000 0.0000 40.8933 20.7046 -22.2077 -4.1067 -20.7048 22.2077 0.0000 0.0000 0.0000 0.0000 0.0003 0.0000 -0.0001 -0.0001 20.0000 0.0000 0.0001 -20.0000 0.0000 0.0000 0.0000 0.0000 0.0000 0.0000 0.0000 0.0000 0.0000 0.0000 -0.0001 10.0000 -0.0001 0.0000 -10.0000 0.0000 0.0000 0.0000 0.0000 0.0000 0.0000 0.0000 0.0000 0.0000 0.0000 -0.0001 -0.0001 -0.0001 0.0001 0.0000 0.0000 0.0000 0.0000 0.0000 0.0000 0.0000 0.0000 0.0000 0.0000 0.0000 -0.0001 -10.0001 -0.0001 0.0001 10.0000 0.0000 0.0000 0.0000 0.0000 0.0000 0.0000 0.0000 0.0000 0.0000 0.0000 0.0000 -90.0000 -89.9999 0.0000 0.0000 0.0001 0.0000 0.0001 0.0000 0.0000 0.0000 0.0001 -0.0001 -20.0000 0.0000 0.0001 20.0000 -0.0003 0.0000 -0.0001 0.0000 0.0000 0.0000 0.0000 0.0000 0.0000 0.0000 -0.0001 -9.9999 -0.0002 0.0001 9.9999 0.0000 0.0000 0.0000 0.0000 0.0000 0.0000 0.0000 0.0000 0.0000 -0.0001 0.0000 0.0000 0.0000 0.0000 0.0000 0.0000 0.0001 0.0000 0.0001 0.0000 0.0000 0.0000 0.0000 0.0000 0.0000 0.0000 10.0001 -0.0001 0.0000 -10.0001 0.0000 0.0000 0.0000 0.0000 0.0000 0.0000 0.0002 0.0000 0.0000 -40.8933 20.7047 22.2076 4.1067 -20.7047 -22.2077 0.0000 0.0000 0.0000 0.0000 0.0004 0.0000 90.0000 0.0000 0.0000 0.0000 0.0000 0.0000 -270.0000 90.0000 0.0000 0.0000 0.0000 0.0000 0.0000 0.0000 0.0000 -90.0000 0.0000 0.0000 0.0000 -0.0001 0.0000 270.0002 90.0000 0.0000 0.0000 0.0000 0.0000 0.0000 0.0000 0.0000 
0.0000 94.0000 0.0000 0.0000 0.0000 0.0000 0.0000 0.0001 180.0000 0.0000 0.0000 0.0000 0.0000 0.0000 0.0000 0.0000 0.0000 0.0000 0.0000 0.0000 0.0000 0.0000 0.0000 0.0000 0.0000 0.0000 0.0000 0.0000 0.0000 90.0001 89.9999 0.0000 0.0000 0.0000 0.0000 0.0001 0.0000 0.0000 0.0000 40.8933 20.7046 -22.2077 -4.1067 -20.7048 22.2077 0.0000 0.0000 0.0000 0.0000 0.0003 0.0000 -0.0001 -0.0001 20.0000 0.0000 0.0001 -20.0000 0.0000 0.0000 0.0000 0.0000 0.0000 0.0000 0.0000 0.0000 0.0000 0.0000 -0.0001 10.0000 -0.0001 0.0000 -10.0000 0.0000 0.0000 0.0000 0.0000 0.0000 0.0000 0.0000 0.0000 0.0000 0.0000 -0.0001 -0.0001 -0.0001 0.0001 0.0000 0.0000 0.0000 0.0000 0.0000 0.0000 0.0000 0.0000 0.0000 0.0000 0.0000 -0.0001 -10.0001 -0.0001 0.0001 10.0000 0.0000 0.0000 0.0000 0.0000 0.0000 0.0000 0.0000 0.0000 0.0000 0.0000 0.0000 -90.0000 -89.9999 0.0000 0.0000 0.0001 0.0000 0.0001 0.0000 0.0000 0.0000 0.0001 -0.0001 -20.0000 0.0000 0.0001 20.0000 -0.0003 0.0000 -0.0001 0.0000 0.0000 0.0000 0.0000 0.0000 0.0000 0.0000 -0.0001 -9.9999 -0.0002 0.0001 9.9999 0.0000 0.0000 0.0000 0.0000 0.0000 0.0000 0.0000 0.0000 0.0000 -0.0001 0.0000 0.0000 0.0000 0.0000 0.0000 0.0000 0.0001 0.0000 0.0001 0.0000 0.0000 0.0000 0.0000 0.0000 0.0000 0.0000 10.0001 -0.0001 0.0000 -10.0001 0.0000 0.0000 0.0000 0.0000 0.0000 0.0000 0.0002 0.0000 0.0000 -40.8933 20.7047 22.2076 4.1067 -20.7047 -22.2077 0.0000 0.0000 0.0000 0.0000 0.0004 0.0000 90.0000 0.0000 0.0000 0.0000 0.0000 0.0000 -270.0000 90.0000 0.0000 0.0000 0.0000 0.0000 0.0000 0.0000 0.0000 -90.0000 0.0000 0.0000 0.0000 -0.0001 0.0000 270.0002 90.0000 0.0000 0.0000 0.0000 0.0000 0.0000 0.0000 0.0000 
0.0000 94.0000 0.0000 0.0000 0.0000 0.0000 0.0000 0.0001 180.0000 0.0000 0.0000 0.0000 0.0000 0.0000 0.0000 0.0000 0.0000 0.0000 0.0000 0.0000 0.0000 0.0000 0.0000 0.0000 0.0000 0.0000 0.0000 0.0000 0.0000 90.0001 89.9999 0.0000 0.0000 0.0000 0.0000 0.0001 0.0000 0.0000 0.0000 40.8933 20.7046 -22.2077 -4.1067 -20.7048 22.2077 0.0000 0.0000 0.0000 0.0000 0.0003 0.0000 -0.0001 -0.0001 20.0000 0.0000 0.0001 -20.0000 0.0000 0.0000 0.0000 0.0000 0.0000 0.0000 0.0000 0.0000 0.0000 0.0000 -0.0001 10.0000 -0.0001 0.0000 -10.0000 0.0000 0.0000 0.0000 0.0000 0.0000 0.0000 0.0000 0.0000 0.0000 0.0000 -0.0001 -0.0001 -0.0001 0.0001 0.0000 0.0000 0.0000 0.0000 0.0000 0.0000 0.0000 0.0000 0.0000 0.0000 0.0000 -0.0001 -10.0001 -0.0001 0.0001 10.0000 0.0000 0.0000 0.0000 0.0000 0.0000 0.0000 0.0000 0.0000 0.0000 0.0000 0.0000 -90.0000 -89.9999 0.0000 0.0000 0.0001 0.0000 0.0001 0.0000 0.0000 0.0000 0.0001 -0.0001 -20.0000 0.0000 0.0001 20.0000 -0.0003 0.0000 -0.0001 0.0000 0.0000 0.0000 0.0000 0.0000 0.0000 0.0000 -0.0001 -9.9999 -0.0002 0.0001 9.9999 0.0000 0.0000 0.0000 0.0000 0.0000 0.0000 0.0000 0.0000 0.0000 -0.0001 0.0000 0.0000 0.0000 0.0000 0.0000 0.0000 0.0001 0.0000 0.0001 0.0000 0.0000 0.0000 0.0000 0.0000 0.0000 0.0000 10.0001 -0.0001 0.0000 -10.0001 0.0000 0.0000 0.0000 0.0000 0.0000 0.0000 0.0002 0.0000 0.0000 -40.8933 20.7047 22.2076 4.1067 -20.7047 -22.2077 0.0000 0.0000 0.0000 0.0000 0.0004 0.0000 90.0000 0.0000 0.0000 0.0000 0.0000 0.0000 -270.0000 90.0000 0.0000 0.0000 0.0000 0.0000 0.0000 0.0000 0.0000 -90.0000 0.0000 0.0000 0.0000 -0.0001 0.0000 270.0002 90.0000 0.0000 0.0000 0.0000 0.0000 0.0000 0.0000 0.0000 
0.0000 94.0000 0.0000 0.0000 0.0000 0.0000 0.0000 0.0001 180.0000 0.0000 0.0000 0.0000 0.0000 0.0000 0.0000 0.0000 0.0000 0.0000 0.0000 0.0000 0.0000 0.0000 0.0000 0.0000 0.0000 0.0000 0.0000 0.0000 0.0000 90.0001 89.9999 0.0000 0.0000 0.0000 0.0000 0.0001 0.0000 0.0000 0.0000 40.8933 20.7046 -22.2077 -4.1067 -20.7048 22.2077 0.0000 0.0000 0.0000 0.0000 0.0003 0.0000 -0.0001 -0.0001 20.0000 0.0000 0.0001 -20.0000 0.0000 0.0000 0.0000 0.0000 0.0000 0.0000 0.0000 0.0000 0.0000 0.0000 -0.0001 10.0000 -0.0001 0.0000 -10.0000 0.0000 0.0000 0.0000 0.0000 0.0000 0.0000 0.0000 0.0000 0.0000 0.0000 -0.0001 -0.0001 -0.0001 0.0001 0.0000 0.0000 0.0000 0.0000 0.0000 0.0000 0.0000 0.0000 0.0000 0.0000 0.0000 -0.0001 -10.0001 -0.0001 0.0001 10.0000 0.0000 0.0000 0.0000 0.0000 0.0000 0.0000 0.0000 0.0000 0.0000 0.0000 0.0000 -90.0000 -89.9999 0.0000 0.0000 0.0001 0.0000 0.0001 0.0000 0.0000 0.0000 0.0001 -0.0001 -20.0000 0.0000 0.0001 20.0000 -0.0003 0.0000 -0.0001 0.0000 0.0000 0.0000 0.0000 0.0000 0.0000 0.0000 -0.0001 -9.9999 -0.0002 0.0001 9.9999 0.0000 0.0000 0.0000 0.0000 0.0000 0.0000 0.0000 0.0000 0.0000 -0.0001 0.0000 0.0000 0.0000 0.0000 0.0000 0.0000 0.0001 0.0000 0.0001 0.0000 0.0000 0.0000 0.0000 0.0000 0.0000 0.0000 10.0001 -0.0001 0.0000 -10.0001 0.0000 0.0000 0.0000 0.0000 0.0000 0.0000 0.0002 0.0000 0.0000 -40.8933 20.7047 22.2076 4.1067 -20.7047 -22.2077 0.0000 0.0000 0.0000 0.0000 0.0004 0.0000 90.0000 0.0000 0.0000 0.0000 0.0000 0.0000 -270.0000 90.0000 0.0000 0.0000 0.0000 0.0000 0.0000 0.0000 0.0000 -90.0000 0.0000 0.0000 0.0000 -0.0001 0.0000 270.0002 90.0000 0.0000 0.0000 0.0000 0.0000 0.0000 0.0000 0.0000 
0.0000 94.0000 0.0000 0.0000 0.0000 0.0000 0.0000 0.0001 180.0000 0.0000 0.0000 0.0000 0.0000 0.0000 0.0000 0.0000 0.0000 0.0000 0.0000 0.0000 0.0000 0.0000 0.0000 0.0000 0.0000 0.0000 0.0000 0.0000 0.0000 90.0001 89.9999 0.0000 0.0000 0.0000 0.0000 0.0001 0.0000 0.0000 0.0000 40.8933 20.7046 -22.2077 -4.1067 -20.7048 22.2077 0.0000 0.0000 0.0000 0.0000 0.0003 0.0000 -0.0001 -0.0001 20.0000 0.0000 0.0001 -20.0000 0.0000 0.0000 0.0000 0.0000 0.0000 0.0000 0.0000 0.0000 0.0000 0.0000 -0.0001 10.0000 -0.0001 0.0000 -10.0000 0.0000 0.0000 0.0000 0.0000 0.0000 0.0000 0.0000 0.0000 0.0000 0.0000 -0.0001 -0.0001 -0.0001 0.0001 0.0000 0.0000 0.0000 0.0000 0.0000 0.0000 0.0000 0.0000 0.0000 0.0000 0.0000 -0.0001 -10.0001 -0.0001 0.0001 10.0000 0.0000 0.0000 0.0000 0.0000 0.0000 0.0000 0.0000 0.0000 0.0000 0.0000 0.0000 -90.0000 -89.9999 0.0000 0.0000 0.0001 0.0000 0.0001 0.0000 0.0000 0.0000 0.0001 -0.0001 -20.0000 0.0000 0.0001 20.0000 -0.0003 0.0000 -0.0001 0.0000 0.0000 0.0000 0.0000 0.0000 0.0000 0.0000 -0.0001 -9.9999 -0.0002 0.0001 9.9999 0.0000 0.0000 0.0000 0.0000 0.0000 0.0000 0.0000 0.0000 0.0000 -0.0001 0.0000 0.0000 0.0000 0.0000 0.0000 0.0000 0.0001 0.0000 0.0001 0.0000 0.0000 0.0000 0.0000 0.0000 0.0000 0.0000 10.0001 -0.0001 0.0000 -10.0001 0.0000 0.0000 0.0000 0.0000 0.0000 0.0000 0.0002 0.0000 0.0000 -40.8933 20.7047 22.2076 4.1067 -20.7047 -22.2077 0.0000 0.0000 0.0000 0.0000 0.0004 0.0000 90.0000 0.0000 0.0000 0.0000 0.0000 0.0000 -270.0000 90.0000 0.0000 0.0000 0.0000 0.0000 0.0000 0.0000 0.0000 -90.0000 0.0000 0.0000 0.0000 -0.0001 0.0000 270.0002 90.0000 0.0000 0.0000 0.0000 0.0000 0.0000 0.0000 0.0000 
0.0000 94.0000 0.0000 0.0000 0.0000 0.0000 0.0000 0.0001 180.0000 0.0000 0.0000 0.0000 0.0000 0.0000 0.0000 0.0000 0.0000 0.0000 0.0000 0.0000 0.0000 0.0000 0.0000 0.0000 0.0000 0.0000 0.0000 0.0000 0.0000 90.0001 89.9999 0.0000 0.0000 0.0000 0.0000 0.0001 0.0000 0.0000 0.0000 40.8933 20.7046 -22.2077 -4.1067 -20.7048 22.2077 0.0000 0.0000 0.0000 0.0000 0.0003 0.0000 -0.0001 -0.0001 20.0000 0.0000 0.0001 -20.0000 0.0000 0.0000 0.0000 0.0000 0.0000 0.0000 0.0000 0.0000 0.0000 0.0000 -0.0001 10.0000 -0.0001 0.0000 -10.0000 0.0000 0.0000 0.0000 0.0000 0.0000 0.0000 0.0000 0.0000 0.0000 0.0000 -0.0001 -0.0001 -0.0001 0.0001 0.0000 0.0000 0.0000 0.0000 0.0000 0.0000 0.0000 0.0000 0.0000 0.0000 0.0000 -0.0001 -10.0001 -0.0001 0.0001 10.0000 0.0000 0.0000 0.0000 0.0000 0.0000 0.0000 0.0000 0.0000 0.0000 0.0000 0.0000 -90.0000 -89.9999 0.0000 0.0000 0.0001 0.0000 0.0001 0.0000 0.0000 0.0000 0.0001 -0.0001 -20.0000 0.0000 0.0001 20.0000 -0.0003 0.0000 -0.0001 0.0000 0.0000 0.0000 0.0000 0.0000 0.0000 0.0000 -0.0001 -9.9999 -0.0002 0.0001 9.9999 0.0000 0.0000 0.0000 0.0000 0.0000 0.0000 0.0000 0.0000 0.0000 -0.0001 0.0000 0.0000 0.0000 0.0000 0.0000 0.0000 0.0001 0.0000 0.0001 0.0000 0.0000 0.0000 0.0000 0.0000 0.0000 0.0000 10.0001 -0.0001 0.0000 -10.0001 0.0000 0.0000 0.0000 0.0000 0.0000 0.0000 0.0002 0.0000 0.0000 -40.8933 20.7047 22.2076 4.1067 -20.7047 -22.2077 0.0000 0.0000 0.0000 0.0000 0.0004 0.0000 90.0000 0.0000 0.0000 0.0000 0.0000 0.0000 -270.0000 90.0000 0.0000 0.0000 0.0000 0.0000 0.0000 0.0000 0.0000 -90.0000 0.0000 0.0000 0.0000 -0.0001 0.0000 270.0002 90.0000 0.0000 0.0000 0.0000 0.0000 0.0000 0.0000 0.0000
0.0000 94.0000 0.0000 0.0000 0.0000 0.0000 0.0000 0.0001 180.0000 0.0000 0.0000 0.0000 0.0000 0.0000 0.0000 0.0000 0.0000 0.0000 0.0000 0.0000 0.0000 0.0000 0.0000 0.0000 0.0000 0.0000 0.0000 0.0000 0.0000 90.0001 89.9999 0.0000 0.0000 0.0000 0.0000 0.0001 0.0000 0.0000 0.0000 40.8933 20.7046 -22.2077 -4.1067 -20.7048 22.2077 0.0000 0.0000 0.0000 0.0000 0.0003 0.0000 -0.0001 -0.0001 20.0000 0.0000 0.0001 -20.0000 0.0000 0.0000 0.0000 0.0000 0.0000 0.0000 0.0000 0.0000 0.0000 0.0000 -0.0001 10.0000 -0.0001 0.0000 -10.0000 0.0000 0.0000 0.0000 0.0000 0.0000 0.0000 0.0000 0.0000 0.0000 0.0000 -0.0001 -0.0001 -0.0001 0.0001 0.0000 0.0000 0.0000 0.0000 0.0000 0.0000 0.0000 0.0000 0.0000 0.0000 0.0000 -0.0001 -10.0001 -0.0001 0.0001 10.0000 0.0000 0.0000 0.0000 0.0000 0.0000 0.0000 0.0000 0.0000 0.0000 0.0000 0.0000 -90.0000 -89.9999 0.0000 0.0000 0.0001 0.0000 0.0001 0.0000 0.0000 0.0000 0.0001 -0.0001 -20.0000 0.0000 0.0001 20.0000 -0.0003 0.0000 -0.0001 0.0000 0.0000 0.0000 0.0000 0.0000 0.0000 0.0000 -0.0001 -9.9999 -0.0002 0.0001 9.9999 0.0000 0.0000 0.0000 0.0000 0.0000 0.0000 0.0000 0.0000 0.0000 -0.0001 0.0000 0.0000 0.0000 0.0000 0.0000 0.0000 0.0001 0.0000 0.0001 0.0000 0.0000 0.0000 0.0000 0.0000 0.0000 0.0000 10.0001 -0.0001 0.0000 -10.0001 0.0000 0.0000 0.0000 0.0000 0.0000 0.0000 0.0002 0.0000 0.0000 -40.8933 20.7047 22.2076 4.1067 -20.7047 -22.2077 0.0000 0.0000 0.0000 0.0000 0.0004 0.0000 90.0000 0.0000 0.0000 0.0000 0.0000 0.0000 -270.0000 90.0000 0.0000 0.0000 0.0000 0.0000 0.0000 0.0000 0.0000 -90.0000 0.0000 0.0000 0.0000 -0.0001 0.0000 270.0002 90.0000 0.0000 0.0000 0.0000 0.0000 0.0000 0.0000 0.0000 
0.0000 94.0000 0.0000 0.0000 0.0000 0.0000 0.0000 0.0001 180.0000 0.0000 0.0000 0.0000 0.0000 0.0000 0.0000 0.0000 0.0000 0.0000 0.0000 0.0000 0.0000 0.0000 0.0000 0.0000 0.0000 0.0000 0.0000 0.0000 0.0000 90.0001 89.9999 0.0000 0.0000 0.0000 0.0000 0.0001 0.0000 0.0000 0.0000 40.8933 20.7046 -22.2077 -4.1067 -20.7048 22.2077 0.0000 0.0000 0.0000 0.0000 0.0003 0.0000 -0.0001 -0.0001 20.0000 0.0000 0.0001 -20.0000 0.0000 0.0000 0.0000 0.0000 0.0000 0.0000 0.0000 0.0000 0.0000 0.0000 -0.0001 10.0000 -0.0001 0.0000 -10.0000 0.0000 0.0000 0.0000 0.0000 0.0000 0.0000 0.0000 0.0000 0.0000 0.0000 -0.0001 -0.0001 -0.0001 0.0001 0.0000 0.0000 0.0000 0.0000 0.0000 0.0000 0.0000 0.0000 0.0000 0.0000 0.0000 -0.0001 -10.0001 -0.0001 0.0001 10.0000 0.0000 0.0000 0.0000 0.0000 0.0000 0.0000 0.0000 0.0000 0.0000 0.0000 0.0000 -90.0000 -89.9999 0.0000 0.0000 0.0001 0.0000 0.0001 0.0000 0.0000 0.0000 0.0001 -0.0001 -20.0000 0.0000 0.0001 20.0000 -0.0003 0.0000 -0.0001 0.0000 0.0000 0.0000 0.0000 0.0000 0.0000 0.0000 -0.0001 -9.9999 -0.0002 0.0001 9.9999 0.0000 0.0000 0.0000 0.0000 0.0000 0.0000 0.0000 0.0000 0.0000 -0.0001 0.0000 0.0000 0.0000 0.0000 0.0000 0.0000 0.0001 0.0000 0.0001 0.0000 0.0000 0.0000 0.0000 0.0000 0.0000 0.0000 10.0001 -0.0001 0.0000 -10.0001 0.0000 0.0000 0.0000 0.0000 0.0000 0.0000 0.0002 0.0000 0.0000 -40.8933 20.7047 22.2076 4.1067 -20.7047 -22.2077 0.0000 0.0000 0.0000 0.0000 0.0004 0.0000 90.0000 0.0000 0.0000 0.0000 0.0000 0.0000 -270.0000 90.0000 0.0000 0.0000 0.0000 0.0000 0.0000 0.0000 0.0000 -90.0000 0.0000 0.0000 0.0000 -0.0001 0.0000 270.0002 90.0000 0.0000 0.0000 0.0000 0.0000 0.0000 0.0000 0.0000 
0.0000 94.0000 0.0000 0.0000 0.0000 0.0000 0.0000 0.0001 180.0000 0.0000 0.0000 0.0000 0.0000 0.0000 0.0000 0.0000 0.0000 0.0000 0.0000 0.0000 0.0000 0.0000 0.0000 0.0000 0.0000 0.0000 0.0000 0.0000 0.0000 90.0001 89.9999 0.0000 0.0000 0.0000 0.0000 0.0001 0.0000 0.0000 0.0000 40.8933 20.7046 -22.2077 -4.1067 -20.7048 22.2077 0.0000 0.0000 0.0000 0.0000 0.0003 0.0000 -0.0001 -0.0001 20.0000 0.0000 0.0001 -20.0000 0.0000 0.0000 0.0000 0.0000 0.0000 0.0000 0.0000 0.0000 0.0000 0.0000 -0.0001 10.0000 -0.0001 0.0000 -10.0000 0.0000 0.0000 0.0000 0.0000 0.0000 0.0000 0.0000 0.0000 0.0000 0.0000 -0.0001 -0.0001 -0.0001 0.0001 0.0000 0.0000 0.0000 0.0000 0.0000 0.0000 0.0000 0.0000 0.0000 0.0000 0.0000 -0.0001 -10.0001 -0.0001 0.0001 10.0000 0.0000 0.0000 0.0000 0.0000 0.0000 0.0000 0.0000 0.0000 0.0000 0.0000 0.0000 -90.0000 -89.9999 0.0000 0.0000 0.0001 0.0000 0.0001 0.0000 0.0000 0.0000 0.0001 -0.0001 -20.0000 0.0000 0.0001 20.0000 -0.0003 0.0000 -0.0001 0.0000 0.0000 0.0000 0.0000 0.0000 0.0000 0.0000 -0.0001 -9.9999 -0.0002 0.0001 9.9999 0.0000 0.0000 0.0000 0.0000 0.0000 0.0000 0.0000 0.0000 0.0000 -0.0001 0.0000 0.0000 0.0000 0.0000 0.0000 0.0000 0.0001 0.0000 0.0001 0.0000 0.0000 0.0000 0.0000 0.0000 0.0000 0.0000 10.0001 -0.0001 0.0000 -10.0001 0.0000 0.0000 0.0000 0.0000 0.0000 0.0000 0.0002 0.0000 0.0000 -40.8933 20.7047 22.2076 4.1067 -20.7047 -22.2077 0.0000 0.0000 0.0000 0.0000 0.0004 0.0000 90.0000 0.0000 0.0000 0.0000 0.0000 0.0000 -270.0000 90.0000 0.0000 0.0000 0.0000 0.0000 0.0000 0.0000 0.0000 -90.0000 0.0000 0.0000 0.0000 -0.0001 0.0000 270.0002 90.0000 0.0000 0.0000 0.0000 0.0000 0.0000 0.0000 0.0000 
0.0000 94.0000 0.0000 0.0000 0.0000 0.0000 0.0000 0.0001 180.0000 0.0000 0.0000 0.0000 0.0000 0.0000 0.0000 0.0000 0.0000 0.0000 0.0000 0.0000 0.0000 0.0000 0.0000 0.0000 0.0000 0.0000 0.0000 0.0000 0.0000 90.0001 89.9999 0.0000 0.0000 0.0000 0.0000 0.0001 0.0000 0.0000 0.0000 40.8933 20.7046 -22.2077 -4.1067 -20.7048 22.2077 0.0000 0.0000 0.0000 0.0000 0.0003 0.0000 -0.0001 -0.0001 20.0000 0.0000 0.0001 -20.0000 0.0000 0.0000 0.0000 0.0000 0.0000 0.0000 0.0000 0.0000 0.0000 0.0000 -0.0001 10.0000 -0.0001 0.0000 -10.0000 0.0000 0.0000 0.0000 0.0000 0.0000 0.0000 0.0000 0.0000 0.0000 0.0000 -0.0001 -0.0001 -0.0001 0.0001 0.0000 0.0000 0.0000 0.0000 0.0000 0.0000 0.0000 0.0000 0.0000 0.0000 0.0000 -0.0001 -10.0001 -0.0001 0.0001 10.0000 0.0000 0.0000 0.0000 0.0000 0.0000 0.0000 0.0000 0.0000 0.0000 0.0000 0.0000 -90.0000 -89.9999 0.0000 0.0000 0.0001 0.0000 0.0001 0.0000 0.0000 0.0000 0.0001 -0.0001 -20.0000 0.0000 0.0001 20.0000 -0.0003 0.0000 -0.0001 0.0000 0.0000 0.0000 0.0000 0.0000 0.0000 0.0000 -0.0001 -9.9999 -0.0002 0.0001 9.9999 0.0000 0.0000 0.0000 0.0000 0.0000 0.0000 0.0000 0.0000 0.0000 -0.0001 0.0000 0.0000 0.0000 0.0000 0.0000 0.0000 0.0001 0.0000 0.0001 0.0000 0.0000 0.0000 0.0000 0.0000 0.0000 0.0000 10.0001 -0.0001 0.0000 -10.0001 0.0000 0.0000 0.0000 0.0000 0.0000 0.0000 0.0002 0.0000 0.0000 -40.8933 20.7047 22.2076 4.1067 -20.7047 -22.2077 0.0000 0.0000 0.0000 0.0000 0.0004 0.0000 90.0000 0.0000 0.0000 0.0000 0.0000 0.0000 -270.0000 90.0000 0.0000 0.0000 0.0000 0.0000 0.0000 0.0000 0.0000 -90.0000 0.0000 0.0000 0.0000 -0.0001 0.0000 270.0002 90.0000 0.0000 0.0000 0.0000 0.0000 0.0000 0.0000 0.0000 
0.0000 94.0000 0.0000 0.0000 0.0000 0.0000 0.0000 0.0001 180.0000 0.0000 0.0000 0.0000 0.0000 0.0000 0.0000 0.0000 0.0000 0.0000 0.0000 0.0000 0.0000 0.0000 0.0000 0.0000 0.0000 0.0000 0.0000 0.0000 0.0000 90.0001 89.9999 0.0000 0.0000 0.0000 0.0000 0.0001 0.0000 0.0000 0.0000 40.8933 20.7046 -22.2077 -4.1067 -20.7048 22.2077 0.0000 0.0000 0.0000 0.0000 0.0003 0.0000 -0.0001 -0.0001 20.0000 0.0000 0.0001 -20.0000 0.0000 0.0000 0.0000 0.0000 0.0000 0.0000 0.0000 0.0000 0.0000 0.0000 -0.0001 10.0000 -0.0001 0.0000 -10.0000 0.0000 0.0000 0.0000 0.0000 0.0000 0.0000 0.0000 0.0000 0.0000 0.0000 -0.0001 -0.0001 -0.0001 0.0001 0.0000 0.0000 0.0000 0.0000 0.0000 0.0000 0.0000 0.0000 0.0000 0.0000 0.0000 -0.0001 -10.0001 -0.0001 0.0001 10.0000 0.0000 0.0000 0.0000 0.0000 0.0000 0.0000 0.0000 0.0000 0.0000 0.0000 0.0000 -90.0000 -89.9999 0.0000 0.0000 0.0001 0.0000 0.0001 0.0000 0.0000 0.0000 0.0001 -0.0001 -20.0000 0.0000 0.0001 20.0000 -0.0003 0.0000 -0.0001 0.0000 0.0000 0.0000 0.0000 0.0000 0.0000 0.0000 -0.0001 -9.9999 -0.0002 0.0001 9.9999 0.0000 0.0000 0.0000 0.0000 0.0000 0.0000 0.0000 0.0000 0.0000 -0.0001 0.0000 0.0000 0.0000 0.0000 0.0000 0.0000 0.0001 0.0000 0.0001 0.0000 0.0000 0.0000 0.0000 0.0000 0.0000 0.0000 10.0001 -0.0001 0.0000 -10.0001 0.0000 0.0000 0.0000 0.0000 0.0000 0.0000 0.0002 0.0000 0.0000 -40.8933 20.7047 22.2076 4.1067 -20.7047 -22.2077 0.0000 0.0000 0.0000 0.0000 0.0004 0.0000 90.0000 0.0000 0.0000 0.0000 0.0000 0.0000 -270.0000 90.0000 0.0000 0.0000 0.0000 0.0000 0.0000 0.0000 0.0000 -90.0000 0.0000 0.0000 0.0000 -0.0001 0.0000 270.0002 90.0000 0.0000 0.0000 0.0000 0.0000 0.0000 0.0000 0.0000 
0.0000 94.0000 0.0000 0.0000 0.0000 0.0000 0.0000 0.0001 180.0000 0.0000 0.0000 0.0000 0.0000 0.0000 0.0000 0.0000 0.0000 0.0000 0.0000 0.0000 0.0000 0.0000 0.0000 0.0000 0.0000 0.0000 0.0000 0.0000 0.0000 90.0001 89.9999 0.0000 0.0000 0.0000 0.0000 0.0001 0.0000 0.0000 0.0000 40.8933 20.7046 -22.2077 -4.1067 -20.7048 22.2077 0.0000 0.0000 0.0000 0.0000 0.0003 0.0000 -0.0001 -0.0001 20.0000 0.0000 0.0001 -20.0000 0.0000 0.0000 0.0000 0.0000 0.0000 0.0000 0.0000 0.0000 0.0000 0.0000 -0.0001 10.0000 -0.0001 0.0000 -10.0000 0.0000 0.0000 0.0000 0.0000 0.0000 0.0000 0.0000 0.0000 0.0000 0.0000 -0.0001 -0.0001 -0.0001 0.0001 0.0000 0.0000 0.0000 0.0000 0.0000 0.0000 0.0000 0.0000 0.0000 0.0000 0.0000 -0.0001 -10.0001 -0.0001 0.0001 10.0000 0.0000 0.0000 0.0000 0.0000 0.0000 0.0000 0.0000 0.0000 0.0000 0.0000 0.0000 -90.0000 -89.9999 0.0000 0.0000 0.0001 0.0000 0.0001 0.0000 0.0000 0.0000 0.0001 -0.0001 -20.0000 0.0000 0.0001 20.0000 -0.0003 0.0000 -0.0001 0.0000 0.0000 0.0000 0.0000 0.0000 0.0000 0.0000 -0.0001 -9.9999 -0.0002 0.0001 9.9999 0.0000 0.0000 0.0000 0.0000 0.0000 0.0000 0.0000 0.0000 0.0000 -0.0001 0.0000 0.0000 0.0000 0.0000 0.0000 0.0000 0.0001 0.0000 0.0001 0.0000 0.0000 0.0000 0.0000 0.0000 0.0000 0.0000 10.0001 -0.0001 0.0000 -10.0001 0.0000 0.0000 0.0000 0.0000 0.0000 0.0000 0.0002 0.0000 0.0000 -40.8933 20.7047 22.2076 4.1067 -20.7047 -22.2077 0.0000 0.0000 0.0000 0.0000 0.0004 0.0000 90.0000 0.0000 0.0000 0.0000 0.0000 0.0000 -270.0000 90.0000 0.0000 0.0000 0.0000 0.0000 0.0000 0.0000 0.0000 -90.0000 0.0000 0.0000 0.0000 -0.0001 0.0000 270.0002 90.0000 0.0000 0.0000 0.0000 0.0000 0.0000 0.0000 0.0000 
0.0000 94.0000 0.0000 0.0000 0.0000 0.0000 0.0000 0.0001 180.0000 0.0000 0.0000 0.0000 0.0000 0.0000 0.0000 0.0000 0.0000 0.0000 0.0000 0.0000 0.0000 0.0000 0.0000 0.0000 0.0000 0.0000 0.0000 0.0000 0.0000 90.0001 89.9999 0.0000 0.0000 0.0000 0.0000 0.0001 0.0000 0.0000 0.0000 40.8933 20.7046 -22.2077 -4.1067 -20.7048 22.2077 0.0000 0.0000 0.0000 0.0000 0.0003 0.0000 -0.0001 -0.0001 20.0000 0.0000 0.0001 -20.0000 0.0000 0.0000 0.0000 0.0000 0.0000 0.0000 0.0000 0.0000 0.0000 0.0000 -0.0001 10.0000 -0.0001 0.0000 -10.0000 0.0000 0.0000 0.0000 0.0000 0.0000 0.0000 0.0000 0.0000 0.0000 0.0000 -0.0001 -0.0001 -0.0001 0.0001 0.0000 0.0000 0.0000 0.0000 0.0000 0.0000 0.0000 0.0000 0.0000 0.0000 0.0000 -0.0001 -10.0001 -0.0001 0.0001 10.0000 0.0000 0.0000 0.0000 0.0000 0.0000 0.0000 0.0000 0.0000 0.0000 0.0000 0.0000 -90.0000 -89.9999 0.0000 0.0000 0.0001 0.0000 0.0001 0.0000 0.0000 0.0000 0.0001 -0.0001 -20.0000 0.0000 0.0001 20.0000 -0.0003 0.0000 -0.0001 0.0000 0.0000 0.0000 0.0000 0.0000 0.0000 0.0000 -0.0001 -9.9999 -0.0002 0.0001 9.9999 0.0000 0.0000 0.0000 0.0000 0.0000 0.0000 0.0000 0.0000 0.0000 -0.0001 0.0000 0.0000 0.0000 0.0000 0.0000 0.0000 0.0001 0.0000 0.0001 0.0000 0.0000 0.0000 0.0000 0.0000 0.0000 0.0000 10.0001 -0.0001 0.0000 -10.0001 0.0000 0.0000 0.0000 0.0000 0.0000 0.0000 0.0002 0.0000 0.0000 -40.8933 20.7047 22.2076 4.1067 -20.7047 -22.2077 0.0000 0.0000 0.0000 0.0000 0.0004 0.0000 90.0000 0.0000 0.0000 0.0000 0.0000 0.0000 -270.0000 90.0000 0.0000 0.0000 0.0000 0.0000 0.0000 0.0000 0.0000 -90.0000 0.0000 0.0000 0.0000 -0.0001 0.0000 270.0002 90.0000 0.0000 0.0000 0.0000 0.0000 0.0000 0.0000 0.0000 
0.0000 94.0000 0.0000 0.0000 0.0000 0.0000 0.0000 0.0001 180.0000 0.0000 0.0000 0.0000 0.0000 0.0000 0.0000 0.0000 0.0000 0.0000 0.0000 0.0000 0.0000 0.0000 0.0000 0.0000 0.0000 0.0000 0.0000 0.0000 0.0000 90.0001 89.9999 0.0000 0.0000 0.0000 0.0000 0.0001 0.0000 0.0000 0.0000 40.8933 20.7046 -22.2077 -4.1067 -20.7048 22.2077 0.0000 0.0000 0.0000 0.0000 0.0003 0.0000 -0.0001 -0.0001 20.0000 0.0000 0.0001 -20.0000 0.0000 0.0000 0.0000 0.0000 0.0000 0.0000 0.0000 0.0000 0.0000 0.0000 -0.0001 10.0000 -0.0001 0.0000 -10.0000 0.0000 0.0000 0.0000 0.0000 0.0000 0.0000 0.0000 0.0000 0.0000 0.0000 -0.0001 -0.0001 -0.0001 0.0001 0.0000 0.0000 0.0000 0.0000 0.0000 0.0000 0.0000 0.0000 0.0000 0.0000 0.0000 -0.0001 -10.0001 -0.0001 0.0001 10.0000 0.0000 0.0000 0.0000 0.0000 0.0000 0.0000 0.0000 0.0000 0.0000 0.0000 0.0000 -90.0000 -89.9999 0.0000 0.0000 0.0001 0.0000 0.0001 0.0000 0.0000 0.0000 0.0001 -0.0001 -20.0000 0.0000 0.0001 20.0000 -0.0003 0.0000 -0.0001 0.0000 0.0000 0.0000 0.0000 0.0000 0.0000 0.0000 -0.0001 -9.9999 -0.0002 0.0001 9.9999 0.0000 0.0000 0.0000 0.0000 0.0000 0.0000 0.0000 0.0000 0.0000 -0.0001 0.0000 0.0000 0.0000 0.0000 0.0000 0.0000 0.0001 0.0000 0.0001 0.0000 0.0000 0.0000 0.0000 0.0000 0.0000 0.0000 10.0001 -0.0001 0.0000 -10.0001 0.0000 0.0000 0.0000 0.0000 0.0000 0.0000 0.0002 0.0000 0.0000 -40.8933 20.7047 22.2076 4.1067 -20.7047 -22.2077 0.0000 0.0000 0.0000 0.0000 0.0004 0.0000 90.0000 0.0000 0.0000 0.0000 0.0000 0.0000 -270.0000 90.0000 0.0000 0.0000 0.0000 0.0000 0.0000 0.0000 0.0000 -90.0000 0.0000 0.0000 0.0000 -0.0001 0.0000 270.0002 90.0000 0.0000 0.0000 0.0000 0.0000 0.0000 0.0000 0.0000 
0.0000 94.0000 0.0000 0.0000 0.0000 0.0000 0.0000 0.0001 180.0000 0.0000 0.0000 0.0000 0.0000 0.0000 0.0000 0.0000 0.0000 0.0000 0.0000 0.0000 0.0000 0.0000 0.0000 0.0000 0.0000 0.0000 0.0000 0.0000 0.0000 90.0001 89.9999 0.0000 0.0000 0.0000 0.0000 0.0001 0.0000 0.0000 0.0000 40.8933 20.7046 -22.2077 -4.1067 -20.7048 22.2077 0.0000 0.0000 0.0000 0.0000 0.0003 0.0000 -0.0001 -0.0001 20.0000 0.0000 0.0001 -20.0000 0.0000 0.0000 0.0000 0.0000 0.0000 0.0000 0.0000 0.0000 0.0000 0.0000 -0.0001 10.0000 -0.0001 0.0000 -10.0000 0.0000 0.0000 0.0000 0.0000 0.0000 0.0000 0.0000 0.0000 0.0000 0.0000 -0.0001 -0.0001 -0.0001 0.0001 0.0000 0.0000 0.0000 0.0000 0.0000 0.0000 0.0000 0.0000 0.0000 0.0000 0.0000 -0.0001 -10.0001 -0.0001 0.0001 10.0000 0.0000 0.0000 0.0000 0.0000 0.0000 0.0000 0.0000 0.0000 0.0000 0.0000 0.0000 -90.0000 -89.9999 0.0000 0.0000 0.0001 0.0000 0.0001 0.0000 0.0000 0.0000 0.0001 -0.0001 -20.0000 0.0000 0.0001 20.0000 -0.0003 0.0000 -0.0001 0.0000 0.0000 0.0000 0.0000 0.0000 0.0000 0.0000 -0.0001 -9.9999 -0.0002 0.0001 9.9999 0.0000 0.0000 0.0000 0.0000 0.0000 0.0000 0.0000 0.0000 0.0000 -0.0001 0.0000 0.0000 0.0000 0.0000 0.0000 0.0000 0.0001 0.0000 0.0001 0.0000 0.0000 0.0000 0.0000 0.0000 0.0000 0.0000 10.0001 -0.0001 0.0000 -10.0001 0.0000 0.0000 0.0000 0.0000 0.0000 0.0000 0.0002 0.0000 0.0000 -40.8933 20.7047 22.2076 4.1067 -20.7047 -22.2077 0.0000 0.0000 0.0000 0.0000 0.0004 0.0000 90.0000 0.0000 0.0000 0.0000 0.0000 0.0000 -270.0000 90.0000 0.0000 0.0000 0.0000 0.0000 0.0000 0.0000 0.0000 -90.0000 0.0000 0.0000 0.0000 -0.0001 0.0000 270.0002 90.0000 0.0000 0.0000 0.0000 0.0000 0.0000 0.0000 0.0000 
0.0000 94.0000 0.0000 0.0000 0.0000 0.0000 0.0000 0.0001 180.0000 0.0000 0.0000 0.0000 0.0000 0.0000 0.0000 0.0000 0.0000 0.0000 0.0000 0.0000 0.0000 0.0000 0.0000 0.0000 0.0000 0.0000 0.0000 0.0000 0.0000 90.0001 89.9999 0.0000 0.0000 0.0000 0.0000 0.0001 0.0000 0.0000 0.0000 40.8933 20.7046 -22.2077 -4.1067 -20.7048 22.2077 0.0000 0.0000 0.0000 0.0000 0.0003 0.0000 -0.0001 -0.0001 20.0000 0.0000 0.0001 -20.0000 0.0000 0.0000 0.0000 0.0000 0.0000 0.0000 0.0000 0.0000 0.0000 0.0000 -0.0001 10.0000 -0.0001 0.0000 -10.0000 0.0000 0.0000 0.0000 0.0000 0.0000 0.0000 0.0000 0.0000 0.0000 0.0000 -0.0001 -0.0001 -0.0001 0.0001 0.0000 0.0000 0.0000 0.0000 0.0000 0.0000 0.0000 0.0000 0.0000 0.0000 0.0000 -0.0001 -10.0001 -0.0001 0.0001 10.0000 0.0000 0.0000 0.0000 0.0000 0.0000 0.0000 0.0000 0.0000 0.0000 0.0000 0.0000 -90.0000 -89.9999 0.0000 0.0000 0.0001 0.0000 0.0001 0.0000 0.0000 0.0000 0.0001 -0.0001 -20.0000 0.0000 0.0001 20.0000 -0.0003 0.0000 -0.0001 0.0000 0.0000 0.0000 0.0000 0.0000 0.0000 0.0000 -0.0001 -9.9999 -0.0002 0.0001 9.9999 0.0000 0.0000 0.0000 0.0000 0.0000 0.0000 0.0000 0.0000 0.0000 -0.0001 0.0000 0.0000 0.0000 0.0000 0.0000 0.0000 0.0001 0.0000 0.0001 0.0000 0.0000 0.0000 0.0000 0.0000 0.0000 0.0000 10.0001 -0.0001 0.0000 -10.0001 0.0000 0.0000 0.0000 0.0000 0.0000 0.0000 0.0002 0.0000 0.0000 -40.8933 20.7047 22.2076 4.1067 -20.7047 -22.2077 0.0000 0.0000 0.0000 0.0000 0.0004 0.0000 90.0000 0.0000 0.0000 0.0000 0.0000 0.0000 -270.0000 90.0000 0.0000 0.0000 0.0000 0.0000 0.0000 0.0000 0.0000 -90.0000 0.0000 0.0000 0.0000 -0.0001 0.0000 270.0002 90.0000 0.0000 0.0000 0.0000 0.0000 0.0000 0.0000 0.0000
0.0000 94.0000 0.0000 0.0000 0.0000 0.0000 0.0000 0.0001 180.0000 0.0000 0.0000 0.0000 0.0000 0.0000 0.0000 0.0000 0.0000 0.0000 0.0000 0.0000 0.0000 0.0000 0.0000 0.0000 0.0000 0.0000 0.0000 0.0000 0.0000 90.0001 89.9999 0.0000 0.0000 0.0000 0.0000 0.0001 0.0000 0.0000 0.0000 40.8933 20.7046 -22.2077 -4.1067 -20.7048 22.2077 0.0000 0.0000 0.0000 0.0000 0.0003 0.0000 -0.0001 -0.0001 20.0000 0.0000 0.0001 -20.0000 0.0000 0.0000 0.0000 0.0000 0.0000 0.0000 0.0000 0.0000 0.0000 0.0000 -0.0001 10.0000 -0.0001 0.0000 -10.0000 0.0000 0.0000 0.0000 0.0000 0.0000 0.0000 0.0000 0.0000 0.0000 0.0000 -0.0001 -0.0001 -0.0001 0.0001 0.0000 0.0000 0.0000 0.0000 0.0000 0.0000 0.0000 0.0000 0.0000 0.0000 0.0000 -0.0001 -10.0001 -0.0001 0.0001 10.0000 0.0000 0.0000 0.0000 0.0000 0.0000 0.0000 0.0000 0.0000 0.0000 0.0000 0.0000 -90.0000 -89.9999 0.0000 0.0000 0.0001 0.0000 0.0001 0.0000 0.0000 0.0000 0.0001 -0.0001 -20.0000 0.0000 0.0001 20.0000 -0.0003 0.0000 -0.0001 0.0000 0.0000 0.0000 0.0000 0.0000 0.0000 0.0000 -0.0001 -9.9999 -0.0002 0.0001 9.9999 0.0000 0.0000 0.0000 0.0000 0.0000 0.0000 0.0000 0.0000 0.0000 -0.0001 0.0000 0.0000 0.0000 0.0000 0.0000 0.0000 0.0001 0.0000 0.0001 0.0000 0.0000 0.0000 0.0000 0.0000 0.0000 0.0000 10.0001 -0.0001 0.0000 -10.0001 0.0000 0.0000 0.0000 0.0000 0.0000 0.0000 0.0002 0.0000 0.0000 -40.8933 20.7047 22.2076 4.1067 -20.7047 -22.2077 0.0000 0.0000 0.0000 0.0000 0.0004 0.0000 90.0000 0.0000 0.0000 0.0000 0.0000 0.0000 -270.0000 90.0000 0.0000 0.0000 0.0000 0.0000 0.0000 0.0000 0.0000 -90.0000 0.0000 0.0000 0.0000 -0.0001 0.0000 270.0002 90.0000 0.0000 0.0000 0.0000 0.0000 0.0000 0.0000 0.0000 
0.0000 94.0000 0.0000 0.0000 0.0000 0.0000 0.0000 0.0001 180.0000 0.0000 0.0000 0.0000 0.0000 0.0000 0.0000 0.0000 0.0000 0.0000 0.0000 0.0000 0.0000 0.0000 0.0000 0.0000 0.0000 0.0000 0.0000 0.0000 0.0000 90.0001 89.9999 0.0000 0.0000 0.0000 0.0000 0.0001 0.0000 0.0000 0.0000 40.8933 20.7046 -22.2077 -4.1067 -20.7048 22.2077 0.0000 0.0000 0.0000 0.0000 0.0003 0.0000 -0.0001 -0.0001 20.0000 0.0000 0.0001 -20.0000 0.0000 0.0000 0.0000 0.0000 0.0000 0.0000 0.0000 0.0000 0.0000 0.0000 -0.0001 10.0000 -0.0001 0.0000 -10.0000 0.0000 0.0000 0.0000 0.0000 0.0000 0.0000 0.0000 0.0000 0.0000 0.0000 -0.0001 -0.0001 -0.0001 0.0001 0.0000 0.0000 0.0000 0.0000 0.0000 0.0000 0.0000 0.0000 0.0000 0.0000 0.0000 -0.0001 -10.0001 -0.0001 0.0001 10.0000 0.0000 0.0000 0.0000 0.0000 0.0000 0.0000 0.0000 0.0000 0.0000 0.0000 0.0000 -90.0000 -89.9999 0.0000 0.0000 0.0001 0.0000 0.0001 0.0000 0.0000 0.0000 0.0001 -0.0001 -20.0000 0.0000 0.0001 20.0000 -0.0003 0.0000 -0.0001 0.0000 0.0000 0.0000 0.0000 0.0000 0.0000 0.0000 -0.0001 -9.9999 -0.0002 0.0001 9.9999 0.0000 0.0000 0.0000 0.0000 0.0000 0.0000 0.0000 0.0000 0.0000 -0.0001 0.0000 0.0000 0.0000 0.0000 0.0000 0.0000 0.0001 0.0000 0.0001 0.0000 0.0000 0.0000 0.0000 0.0000 0.0000 0.0000 10.0001 -0.0001 0.0000 -10.0001 0.0000 0.0000 0.0000 0.0000 0.0000 0.0000 0.0002 0.0000 0.0000 -40.8933 20.7047 22.2076 4.1067 -20.7047 -22.2077 0.0000 0.0000 0.0000 0.0000 0.0004 0.0000 90.0000 0.0000 0.0000 0.0000 0.0000 0.0000 -270.0000 90.0000 0.0000 0.0000 0.0000 0.0000 0.0000 0.0000 0.0000 -90.0000 0.0000 0.0000 0.0000 -0.0001 0.0000 270.0002 90.0000 0.0000 0.0000 0.0000 0.0000 0.0000 0.0000 0.0000 
0.0000 94.0000 0.0000 0.0000 0.0000 0.0000 0.0000 0.0001 180.0000 0.0000 0.0000 0.0000 0.0000 0.0000 0.0000 0.0000 0.0000 0.0000 0.0000 0.0000 0.0000 0.0000 0.0000 0.0000 0.0000 0.0000 0.0000 0.0000 0.0000 90.0001 89.9999 0.0000 0.0000 0.0000 0.0000 0.0001 0.0000 0.0000 0.0000 40.8933 20.7046 -22.2077 -4.1067 -20.7048 22.2077 0.0000 0.0000 0.0000 0.0000 0.0003 0.0000 -0.0001 -0.0001 20.0000 0.0000 0.0001 -20.0000 0.0000 0.0000 0.0000 0.0000 0.0000 0.0000 0.0000 0.0000 0.0000 0.0000 -0.0001 10.0000 -0.0001 0.0000 -10.0000 0.0000 0.0000 0.0000 0.0000 0.0000 0.0000 0.0000 0.0000 0.0000 0.0000 -0.0001 -0.0001 -0.0001 0.0001 0.0000 0.0000 0.0000 0.0000 0.0000 0.0000 0.0000 0.0000 0.0000 0.0000 0.0000 -0.0001 -10.0001 -0.0001 0.0001 10.0000 0.0000 0.0000 0.0000 0.0000 0.0000 0.0000 0.0000 0.0000 0.0000 0.0000 0.0000 -90.0000 -89.9999 0.0000 0.0000 0.0001 0.0000 0.0001 0.0000 0.0000 0.0000 0.0001 -0.0001 -20.0000 0.0000 0.0001 20.0000 -0.0003 0.0000 -0.0001 0.0000 0.0000 0.0000 0.0000 0.0000 0.0000 0.0000 -0.0001 -9.9999 -0.0002 0.0001 9.9999 0.0000 0.0000 0.0000 0.0000 0.0000 0.0000 0.0000 0.0000 0.0000 -0.0001 0.0000 0.0000 0.0000 0.0000 0.0000 0.0000 0.0001 0.0000 0.0001 0.0000 0.0000 0.0000 0.0000 0.0000 0.0000 0.0000 10.0001 -0.0001 0.0000 -10.0001 0.0000 0.0000 0.0000 0.0000 0.0000 0.0000 0.0002 0.0000 0.0000 -40.8933 20.7047 22.2076 4.1067 -20.7047 -22.2077 0.0000 0.0000 0.0000 0.0000 0.0004 0.0000 90.0000 0.0000 0.0000 0.0000 0.0000 0.0000 -270.0000 90.0000 0.0000 0.0000 0.0000 0.0000 0.0000 0.0000 0.0000 -90.0000 0.0000 0.0000 0.0000 -0.0001 0.0000 270.0002 90.0000 0.0000 0.0000 0.0000 0.0000 0.0000 0.0000 0.0000 
0.0000 94.0000 0.0000 0.0000 0.0000 0.0000 0.0000 0.0001 180.0000 0.0000 0.0000 0.0000 0.0000 0.0000 0.0000 0.0000 0.0000 0.0000 0.0000 0.0000 0.0000 0.0000 0.0000 0.0000 0.0000 0.0000 0.0000 0.0000 0.0000 90.0001 89.9999 0.0000 0.0000 0.0000 0.0000 0.0001 0.0000 0.0000 0.0000 40.8933 20.7046 -22.2077 -4.1067 -20.7048 22.2077 0.0000 0.0000 0.0000 0.0000 0.0003 0.0000 -0.0001 -0.0001 20.0000 0.0000 0.0001 -20.0000 0.0000 0.0000 0.0000 0.0000 0.0000 0.0000 0.0000 0.0000 0.0000 0.0000 -0.0001 10.0000 -0.0001 0.0000 -10.0000 0.0000 0.0000 0.0000 0.0000 0.0000 0.0000 0.0000 0.0000 0.0000 0.0000 -0.0001 -0.0001 -0.0001 0.0001 0.0000 0.0000 0.0000 0.0000 0.0000 0.0000 0.0000 0.0000 0.0000 0.0000 0.0000 -0.0001 -10.0001 -0.0001 0.0001 10.0000 0.0000 0.0000 0.0000 0.0000 0.0000 0.0000 0.0000 0.0000 0.0000 0.0000 0.0000 -90.0000 -89.9999 0.0000 0.0000 0.0001 0.0000 0.0001 0.0000 0.0000 0.0000 0.0001 -0.0001 -20.0000 0.0000 0.0001 20.0000 -0.0003 0.0000 -0.0001 0.0000 0.0000 0.0000 0.0000 0.0000 0.0000 0.0000 -0.0001 -9.9999 -0.0002 0.0001 9.9999 0.0000 0.0000 0.0000 0.0000 0.0000 0.0000 0.0000 0.0000 0.0000 -0.0001 0.0000 0.0000 0.0000 0.0000 0.0000 0.0000 0.0001 0.0000 0.0001 0.0000 0.0000 0.0000 0.0000 0.0000 0.0000 0.0000 10.0001 -0.0001 0.0000 -10.0001 0.0000 0.0000 0.0000 0.0000 0.0000 0.0000 0.0002 0.0000 0.0000 -40.8933 20.7047 22.2076 4.1067 -20.7047 -22.2077 0.0000 0.0000 0.0000 0.0000 0.0004 0.0000 90.0000 0.0000 0.0000 0.0000 0.0000 0.0000 -270.0000 90.0000 0.0000 0.0000 0.0000 0.0000 0.0000 0.0000 0.0000 -90.0000 0.0000 0.0000 0.0000 -0.0001 0.0000 270.0002 90.0000 0.0000 0.0000 0.0000 0.0000 0.0000 0.0000 0.0000 
0.0000 94.0000 0.0000 0.0000 0.0000 0.0000 0.0000 0.0001 180.0000 0.0000 0.0000 0.0000 0.0000 0.0000 0.0000 0.0000 0.0000 0.0000 0.0000 0.0000 0.0000 0.0000 0.0000 0.0000 0.0000 0.0000 0.0000 0.0000 0.0000 90.0001 89.9999 0.0000 0.0000 0.0000 0.0000 0.0001 0.0000 0.0000 0.0000 40.8933 20.7046 -22.2077 -4.1067 -20.7048 22.2077 0.0000 0.0000 0.0000 0.0000 0.0003 0.0000 -0.0001 -0.0001 20.0000 0.0000 0.0001 -20.0000 0.0000 0.0000 0.0000 0.0000 0.0000 0.0000 0.0000 0.0000 0.0000 0.0000 -0.0001 10.0000 -0.0001 0.0000 -10.0000 0.0000 0.0000 0.0000 0.0000 0.0000 0.0000 0.0000 0.0000 0.0000 0.0000 -0.0001 -0.0001 -0.0001 0.0001 0.0000 0.0000 0.0000 0.0000 0.0000 0.0000 0.0000 0.0000 0.0000 0.0000 0.0000 -0.0001 -10.0001 -0.0001 0.0001 10.0000 0.0000 0.0000 0.0000 0.0000 0.0000 0.0000 0.0000 0.0000 0.0000 0.0000 0.0000 -90.0000 -89.9999 0.0000 0.0000 0.0001 0.0000 0.0001 0.0000 0.0000 0.0000 0.0001 -0.0001 -20.0000 0.0000 0.0001 20.0000 -0.0003 0.0000 -0.0001 0.0000 0.0000 0.0000 0.0000 0.0000 0.0000 0.0000 -0.0001 -9.9999 -0.0002 0.0001 9.9999 0.0000 0.0000 0.0000 0.0000 0.0000 0.0000 0.0000 0.0000 0.0000 -0.0001 0.0000 0.0000 0.0000 0.0000 0.0000 0.0000 0.0001 0.0000 0.0001 0.0000 0.0000 0.0000 0.0000 0.0000 0.0000 0.0000 10.0001 -0.0001 0.0000 -10.0001 0.0000 0.0000 0.0000 0.0000 0.0000 0.0000 0.0002 0.0000 0.0000 -40.8933 20.7047 22.2076 4.1067 -20.7047 -22.2077 0.0000 0.0000 0.0000 0.0000 0.0004 0.0000 90.0000 0.0000 0.0000 0.0000 0.0000 0.0000 -270.0000 90.0000 0.0000 0.0000 0.0000 0.0000 0.0000 0.0000 0.0000 -90.0000 0.0000 0.0000 0.0000 -0.0001 0.0000 270.0002 90.0000 0.0000 0.0000 0.0000 0.0000 0.0000 0.0000 0.0000 
0.0000 94.0000 0.0000 0.0000 0.0000 0.0000 0.0000 0.0001 180.0000 0.0000 0.0000 0.0000 0.0000 0.0000 0.0000 0.0000 0.0000 0.0000 0.0000 0.0000 0.0000 0.0000 0.0000 0.0000 0.0000 0.0000 0.0000 0.0000 0.0000 90.0001 89.9999 0.0000 0.0000 0.0000 0.0000 0.0001 0.0000 0.0000 0.0000 40.8933 20.7046 -22.2077 -4.1067 -20.7048 22.2077 0.0000 0.0000 0.0000 0.0000 0.0003 0.0000 -0.0001 -0.0001 20.0000 0.0000 0.0001 -20.0000 0.0000 0.0000 0.0000 0.0000 0.0000 0.0000 0.0000 0.0000 0.0000 0.0000 -0.0001 10.0000 -0.0001 0.0000 -10.0000 0.0000 0.0000 0.0000 0.0000 0.0000 0.0000 0.0000 0.0000 0.0000 0.0000 -0.0001 -0.0001 -0.0001 0.0001 0.0000 0.0000 0.0000 0.0000 0.0000 0.0000 0.0000 0.0000 0.0000 0.0000 0.0000 -0.0001 -10.0001 -0.0001 0.0001 10.0000 0.0000 0.0000 0.0000 0.0000 0.0000 0.0000 0.0000 0.0000 0.0000 0.0000 0.0000 -90.0000 -89.9999 0.0000 0.0000 0.0001 0.0000 0.0001 0.0000 0.0000 0.0000 0.0001 -0.0001 -20.0000 0.0000 0.0001 20.0000 -0.0003 0.0000 -0.0001 0.0000 0.0000 0.0000 0.0000 0.0000 0.0000 0.0000 -0.0001 -9.9999 -0.0002 0.0001 9.9999 0.0000 0.0000 0.0000 0.0000 0.0000 0.0000 0.0000 0.0000 0.0000 -0.0001 0.0000 0.0000 0.0000 0.0000 0.0000 0.0000 0.0001 0.0000 0.0001 0.0000 0.0000 0.0000 0.0000 0.0000 0.0000 0.0000 10.0001 -0.0001 0.0000 -10.0001 0.0000 0.0000 0.0000 0.0000 0.0000 0.0000 0.0002 0.0000 0.0000 -40.8933 20.7047 22.2076 4.1067 -20.7047 -22.2077 0.0000 0.0000 0.0000 0.0000 0.0004 0.0000 90.0000 0.0000 0.0000 0.0000 0.0000 0.0000 -270.0000 90.0000 0.0000 0.0000 0.0000 0.0000 0.0000 0.0000 0.0000 -90.0000 0.0000 0.0000 0.0000 -0.0001 0.0000 270.0002 90.0000 0.0000 0.0000 0.0000 0.0000 0.0000 0.0000 0.0000 
0.0000 94.0000 0.0000 0.0000 0.0000 0.0000 0.0000 0.0001 180.0000 0.0000 0.0000 0.0000 0.0000 0.0000 0.0000 0.0000 0.0000 0.0000 0.0000 0.0000 0.0000 0.0000 0.0000 0.0000 0.0000 0.0000 0.0000 0.0000 0.0000 90.0001 89.9999 0.0000 0.0000 0.0000 0.0000 0.0001 0.0000 0.0000 0.0000 40.8933 20.7046 -22.2077 -4.1067 -20.7048 22.2077 0.0000 0.0000 0.0000 0.0000 0.0003 0.0000 -0.0001 -0.0001 20.0000 0.0000 0.0001 -20.0000 0.0000 0.0000 0.0000 0.0000 0.0000 0.0000 0.0000 0.0000 0.0000 0.0000 -0.0001 10.0000 -0.0001 0.0000 -10.0000 0.0000 0.0000 0.0000 0.0000 0.0000 0.0000 0.0000 0.0000 0.0000 0.0000 -0.0001 -0.0001 -0.0001 0.0001 0.0000 0.0000 0.0000 0.0000 0.0000 0.0000 0.0000 0.0000 0.0000 0.0000 0.0000 -0.0001 -10.0001 -0.0001 0.0001 10.0000 0.0000 0.0000 0.0000 0.0000 0.0000 0.0000 0.0000 0.0000 0.0000 0.0000 0.0000 -90.0000 -89.9999 0.0000 0.0000 0.0001 0.0000 0.0001 0.0000 0.0000 0.0000 0.0001 -0.0001 -20.0000 0.0000 0.0001 20.0000 -0.0003 0.0000 -0.0001 0.0000 0.0000 0.0000 0.0000 0.0000 0.0000 0.0000 -0.0001 -9.9999 -0.0002 0.0001 9.9999 0.0000 0.0000 0.0000 0.0000 0.0000 0.0000 0.0000 0.0000 0.0000 -0.0001 0.0000 0.0000 0.0000 0.0000 0.0000 0.0000 0.0001 0.0000 0.0001 0.0000 0.0000 0.0000 0.0000 0.0000 0.0000 0.0000 10.0001 -0.0001 0.0000 -10.0001 0.0000 0.0000 0.0000 0.0000 0.0000 0.0000 0.0002 0.0000 0.0000 -40.8933 20.7047 22.2076 4.1067 -20.7047 -22.2077 0.0000 0.0000 0.0000 0.0000 0.0004 0.0000 90.0000 0.0000 0.0000 0.0000 0.0000 0.0000 -270.0000 90.0000 0.0000 0.0000 0.0000 0.0000 0.0000 0.0000 0.0000 -90.0000 0.0000 0.0000 0.0000 -0.0001 0.0000 270.0002 90.0000 0.0000 0.0000 0.0000 0.0000 0.0000 0.0000 0.0000 
0.0000 94.0000 0.0000 0.0000 0.0000 0.0000 0.0000 0.0001 180.0000 0.0000 0.0000 0.0000 0.0000 0.0000 0.0000 0.0000 0.0000 0.0000 0.0000 0.0000 0.0000 0.0000 0.0000 0.0000 0.0000 0.0000 0.0000 0.0000 0.0000 90.0001 89.9999 0.0000 0.0000 0.0000 0.0000 0.0001 0.0000 0.0000 0.0000 40.8933 20.7046 -22.2077 -4.1067 -20.7048 22.2077 0.0000 0.0000 0.0000 0.0000 0.0003 0.0000 -0.0001 -0.0001 20.0000 0.0000 0.0001 -20.0000 0.0000 0.0000 0.0000 0.0000 0.0000 0.0000 0.0000 0.0000 0.0000 0.0000 -0.0001 10.0000 -0.0001 0.0000 -10.0000 0.0000 0.0000 0.0000 0.0000 0.0000 0.0000 0.0000 0.0000 0.0000 0.0000 -0.0001 -0.0001 -0.0001 0.0001 0.0000 0.0000 0.0000 0.0000 0.0000 0.0000 0.0000 0.0000 0.0000 0.0000 0.0000 -0.0001 -10.0001 -0.0001 0.0001 10.0000 0.0000 0.0000 0.0000 0.0000 0.0000 0.0000 0.0000 0.0000 0.0000 0.0000 0.0000 -90.0000 -89.9999 0.0000 0.0000 0.0001 0.0000 0.0001 0.0000 0.0000 0.0000 0.0001 -0.0001 -20.0000 0.0000 0.0001 20.0000 -0.0003 0.0000 -0.0001 0.0000 0.0000 0.0000 0.0000 0.0000 0.0000 0.0000 -0.0001 -9.9999 -0.0002 0.0001 9.9999 0.0000 0.0000 0.0000 0.0000 0.0000 0.0000 0.0000 0.0000 0.0000 -0.0001 0.0000 0.0000 0.0000 0.0000 0.0000 0.0000 0.0001 0.0000 0.0001 0.0000 0.0000 0.0000 0.0000 0.0000 0.0000 0.0000 10.0001 -0.0001 0.0000 -10.0001 0.0000 0.0000 0.0000 0.0000 0.0000 0.0000 0.0002 0.0000 0.0000 -40.8933 20.7047 22.2076 4.1067 -20.7047 -22.2077 0.0000 0.0000 0.0000 0.0000 0.0004 0.0000 90.0000 0.0000 0.0000 0.0000 0.0000 0.0000 -270.0000 90.0000 0.0000 0.0000 0.0000 0.0000 0.0000 0.0000 0.0000 -90.0000 0.0000 0.0000 0.0000 -0.0001 0.0000 270.0002 90.0000 0.0000 0.0000 0.0000 0.0000 0.0000 0.0000 0.0000 
0.0000 94.0000 0.0000 0.0000 0.0000 0.0000 0.0000 0.0001 180.0000 0.0000 0.0000 0.0000 0.0000 0.0000 0.0000 0.0000 0.0000 0.0000 0.0000 0.0000 0.0000 0.0000 0.0000 0.0000 0.0000 0.0000 0.0000 0.0000 0.0000 90.0001 89.9999 0.0000 0.0000 0.0000 0.0000 0.0001 0.0000 0.0000 0.0000 40.8933 20.7046 -22.2077 -4.1067 -20.7048 22.2077 0.0000 0.0000 0.0000 0.0000 0.0003 0.0000 -0.0001 -0.0001 20.0000 0.0000 0.0001 -20.0000 0.0000 0.0000 0.0000 0.0000 0.0000 0.0000 0.0000 0.0000 0.0000 0.0000 -0.0001 10.0000 -0.0001 0.0000 -10.0000 0.0000 0.0000 0.0000 0.0000 0.0000 0.0000 0.0000 0.0000 0.0000 0.0000 -0.0001 -0.0001 -0.0001 0.0001 0.0000 0.0000 0.0000 0.0000 0.0000 0.0000 0.0000 0.0000 0.0000 0.0000 0.0000 -0.0001 -10.0001 -0.0001 0.0001 10.0000 0.0000 0.0000 0.0000 0.0000 0.0000 0.0000 0.0000 0.0000 0.0000 0.0000 0.0000 -90.0000 -89.9999 0.0000 0.0000 0.0001 0.0000 0.0001 0.0000 0.0000 0.0000 0.0001 -0.0001 -20.0000 0.0000 0.0001 20.0000 -0.0003 0.0000 -0.0001 0.0000 0.0000 0.0000 0.0000 0.0000 0.0000 0.0000 -0.0001 -9.9999 -0.0002 0.0001 9.9999 0.0000 0.0000 0.0000 0.0000 0.0000 0.0000 0.0000 0.0000 0.0000 -0.0001 0.0000 0.0000 0.0000 0.0000 0.0000 0.0000 0.0001 0.0000 0.0001 0.0000 0.0000 0.0000 0.0000 0.0000 0.0000 0.0000 10.0001 -0.0001 0.0000 -10.0001 0.0000 0.0000 0.0000 0.0000 0.0000 0.0000 0.0002 0.0000 0.0000 -40.8933 20.7047 22.2076 4.1067 -20.7047 -22.2077 0.0000 0.0000 0.0000 0.0000 0.0004 0.0000 90.0000 0.0000 0.0000 0.0000 0.0000 0.0000 -270.0000 90.0000 0.0000 0.0000 0.0000 0.0000 0.0000 0.0000 0.0000 -90.0000 0.0000 0.0000 0.0000 -0.0001 0.0000 270.0002 90.0000 0.0000 0.0000 0.0000 0.0000 0.0000 0.0000 0.0000 
0.0000 94.0000 0.0000 0.0000 0.0000 0.0000 0.0000 0.0001 180.0000 0.0000 0.0000 0.0000 0.0000 0.0000 0.0000 0.0000 0.0000 0.0000 0.0000 0.0000 0.0000 0.0000 0.0000 0.0000 0.0000 0.0000 0.0000 0.0000 0.0000 90.0001 89.9999 0.0000 0.0000 0.0000 0.0000 0.0001 0.0000 0.0000 0.0000 40.8933 20.7046 -22.2077 -4.1067 -20.7048 22.2077 0.0000 0.0000 0.0000 0.0000 0.0003 0.0000 -0.0001 -0.0001 20.0000 0.0000 0.0001 -20.0000 0.0000 0.0000 0.0000 0.0000 0.0000 0.0000 0.0000 0.0000 0.0000 0.0000 -0.0001 10.0000 -0.0001 0.0000 -10.0000 0.0000 0.0000 0.0000 0.0000 0.0000 0.0000 0.0000 0.0000 0.0000 0.0000 -0.0001 -0.0001 -0.0001 0.0001 0.0000 0.0000 0.0000 0.0000 0.0000 0.0000 0.0000 0.0000 0.0000 0.0000 0.0000 -0.0001 -10.0001 -0.0001 0.0001 10.0000 0.0000 0.0000 0.0000 0.0000 0.0000 0.0000 0.0000 0.0000 0.0000 0.0000 0.0000 -90.0000 -89.9999 0.0000 0.0000 0.0001 0.0000 0.0001 0.0000 0.0000 0.0000 0.0001 -0.0001 -20.0000 0.0000 0.0001 20.0000 -0.0003 0.0000 -0.0001 0.0000 0.0000 0.0000 0.0000 0.0000 0.0000 0.0000 -0.0001 -9.9999 -0.0002 0.0001 9.9999 0.0000 0.0000 0.0000 0.0000 0.0000 0.0000 0.0000 0.0000 0.0000 -0.0001 0.0000 0.0000 0.0000 0.0000 0.0000 0.0000 0.0001 0.0000 0.0001 0.0000 0.0000 0.0000 0.0000 0.0000 0.0000 0.0000 10.0001 -0.0001 0.0000 -10.0001 0.0000 0.0000 0.0000 0.0000 0.0000 0.0000 0.0002 0.0000 0.0000 -40.8933 20.7047 22.2076 4.1067 -20.7047 -22.2077 0.0000 0.0000 0.0000 0.0000 0.0004 0.0000 90.0000 0.0000 0.0000 0.0000 0.0000 0.0000 -270.0000 90.0000 0.0000 0.0000 0.0000 0.0000 0.0000 0.0000 0.0000 -90.0000 0.0000 0.0000 0.0000 -0.0001 0.0000 270.0002 90.0000 0.0000 0.0000 0.0000 0.0000 0.0000 0.0000 0.0000
0.0000 94.0000 0.0000 0.0000 0.0000 0.0000 0.0000 0.0001 180.0000 0.0000 0.0000 0.0000 0.0000 0.0000 0.0000 0.0000 0.0000 0.0000 0.0000 0.0000 0.0000 0.0000 0.0000 0.0000 0.0000 0.0000 0.0000 0.0000 0.0000 90.0001 89.9999 0.0000 0.0000 0.0000 0.0000 0.0001 0.0000 0.0000 0.0000 40.8933 20.7046 -22.2077 -4.1067 -20.7048 22.2077 0.0000 0.0000 0.0000 0.0000 0.0003 0.0000 -0.0001 -0.0001 20.0000 0.0000 0.0001 -20.0000 0.0000 0.0000 0.0000 0.0000 0.0000 0.0000 0.0000 0.0000 0.0000 0.0000 -0.0001 10.0000 -0.0001 0.0000 -10.0000 0.0000 0.0000 0.0000 0.0000 0.0000 0.0000 0.0000 0.0000 0.0000 0.0000 -0.0001 -0.0001 -0.0001 0.0001 0.0000 0.0000 0.0000 0.0000 0.0000 0.0000 0.0000 0.0000 0.0000 0.0000 0.0000 -0.0001 -10.0001 -0.0001 0.0001 10.0000 0.0000 0.0000 0.0000 0.0000 0.0000 0.0000 0.0000 0.0000 0.0000 0.0000 0.0000 -90.0000 -89.9999 0.0000 0.0000 0.0001 0.0000 0.0001 0.0000 0.0000 0.0000 0.0001 -0.0001 -20.0000 0.0000 0.0001 20.0000 -0.0003 0.0000 -0.0001 0.0000 0.0000 0.0000 0.0000 0.0000 0.0000 0.0000 -0.0001 -9.9999 -0.0002 0.0001 9.9999 0.0000 0.0000 0.0000 0.0000 0.0000 0.0000 0.0000 0.0000 0.0000 -0.0001 0.0000 0.0000 0.0000 0.0000 0.0000 0.0000 0.0001 0.0000 0.0001 0.0000 0.0000 0.0000 0.0000 0.0000 0.0000 0.0000 10.0001 -0.0001 0.0000 -10.0001 0.0000 0.0000 0.0000 0.0000 0.0000 0.0000 0.0002 0.0000 0.0000 -40.8933 20.7047 22.2076 4.1067 -20.7047 -22.2077 0.0000 0.0000 0.0000 0.0000 0.0004 0.0000 90.0000 0.0000 0.0000 0.0000 0.0000 0.0000 -270.0000 90.0000 0.0000 0.0000 0.0000 0.0000 0.0000 0.0000 0.0000 -90.0000 0.0000 0.0000 0.0000 -0.0001 0.0000 270.0002 90.0000 0.0000 0.0000 0.0000 0.0000 0.0000 0.0000 0.0000 
0.0000 94.0000 0.0000 0.0000 0.0000 0.0000 0.0000 0.0001 180.0000 0.0000 0.0000 0.0000 0.0000 0.0000 0.0000 0.0000 0.0000 0.0000 0.0000 0.0000 0.0000 0.0000 0.0000 0.0000 0.0000 0.0000 0.0000 0.0000 0.0000 90.0001 89.9999 0.0000 0.0000 0.0000 0.0000 0.0001 0.0000 0.0000 0.0000 40.8933 20.7046 -22.2077 -4.1067 -20.7048 22.2077 0.0000 0.0000 0.0000 0.0000 0.0003 0.0000 -0.0001 -0.0001 20.0000 0.0000 0.0001 -20.0000 0.0000 0.0000 0.0000 0.0000 0.0000 0.0000 0.0000 0.0000 0.0000 0.0000 -0.0001 10.0000 -0.0001 0.0000 -10.0000 0.0000 0.0000 0.0000 0.0000 0.0000 0.0000 0.0000 0.0000 0.0000 0.0000 -0.0001 -0.0001 -0.0001 0.0001 0.0000 0.0000 0.0000 0.0000 0.0000 0.0000 0.0000 0.0000 0.0000 0.0000 0.0000 -0.0001 -10.0001 -0.0001 0.0001 10.0000 0.0000 0.0000 0.0000 0.0000 0.0000 0.0000 0.0000 0.0000 0.0000 0.0000 0.0000 -90.0000 -89.9999 0.0000 0.0000 0.0001 0.0000 0.0001 0.0000 0.0000 0.0000 0.0001 -0.0001 -20.0000 0.0000 0.0001 20.0000 -0.0003 0.0000 -0.0001 0.0000 0.0000 0.0000 0.0000 0.0000 0.0000 0.0000 -0.0001 -9.9999 -0.0002 0.0001 9.9999 0.0000 0.0000 0.0000 0.0000 0.0000 0.0000 0.0000 0.0000 0.0000 -0.0001 0.0000 0.0000 0.0000 0.0000 0.0000 0.0000 0.0001 0.0000 0.0001 0.0000 0.0000 0.0000 0.0000 0.0000 0.0000 0.0000 10.0001 -0.0001 0.0000 -10.0001 0.0000 0.0000 0.0000 0.0000 0.0000 0.0000 0.0002 0.0000 0.0000 -40.8933 20.7047 22.2076 4.1067 -20.7047 -22.2077 0.0000 0.0000 0.0000 0.0000 0.0004 0.0000 90.0000 0.0000 0.0000 0.0000 0.0000 0.0000 -270.0000 90.0000 0.0000 0.0000 0.0000 0.0000 0.0000 0.0000 0.0000 -90.0000 0.0000 0.0000 0.0000 -0.0001 0.0000 270.0002 90.0000 0.0000 0.0000 0.0000 0.0000 0.0000 0.0000 0.0000 
0.0000 94.0000 0.0000 0.0000 0.0000 0.0000 0.0000 0.0001 180.0000 0.0000 0.0000 0.0000 0.0000 0.0000 0.0000 0.0000 0.0000 0.0000 0.0000 0.0000 0.0000 0.0000 0.0000 0.0000 0.0000 0.0000 0.0000 0.0000 0.0000 90.0001 89.9999 0.0000 0.0000 0.0000 0.0000 0.0001 0.0000 0.0000 0.0000 40.8933 20.7046 -22.2077 -4.1067 -20.7048 22.2077 0.0000 0.0000 0.0000 0.0000 0.0003 0.0000 -0.0001 -0.0001 20.0000 0.0000 0.0001 -20.0000 0.0000 0.0000 0.0000 0.0000 0.0000 0.0000 0.0000 0.0000 0.0000 0.0000 -0.0001 10.0000 -0.0001 0.0000 -10.0000 0.0000 0.0000 0.0000 0.0000 0.0000 0.0000 0.0000 0.0000 0.0000 0.0000 -0.0001 -0.0001 -0.0001 0.0001 0.0000 0.0000 0.0000 0.0000 0.0000 0.0000 0.0000 0.0000 0.0000 0.0000 0.0000 -0.0001 -10.0001 -0.0001 0.0001 10.0000 0.0000 0.0000 0.0000 0.0000 0.0000 0.0000 0.0000 0.0000 0.0000 0.0000 0.0000 -90.0000 -89.9999 0.0000 0.0000 0.0001 0.0000 0.0001 0.0000 0.0000 0.0000 0.0001 -0.0001 -20.0000 0.0000 0.0001 20.0000 -0.0003 0.0000 -0.0001 0.0000 0.0000 0.0000 0.0000 0.0000 0.0000 0.0000 -0.0001 -9.9999 -0.0002 0.0001 9.9999 0.0000 0.0000 0.0000 0.0000 0.0000 0.0000 0.0000 0.0000 0.0000 -0.0001 0.0000 0.0000 0.0000 0.0000 0.0000 0.0000 0.0001 0.0000 0.0001 0.0000 0.0000 0.0000 0.0000 0.0000 0.0000 0.0000 10.0001 -0.0001 0.0000 -10.0001 0.0000 0.0000 0.0000 0.0000 0.0000 0.0000 0.0002 0.0000 0.0000 -40.8933 20.7047 22.2076 4.1067 -20.7047 -22.2077 0.0000 0.0000 0.0000 0.0000 0.0004 0.0000 90.0000 0.0000 0.0000 0.0000 0.0000 0.0000 -270.0000 90.0000 0.0000 0.0000 0.0000 0.0000 0.0000 0.0000 0.0000 -90.0000 0.0000 0.0000 0.0000 -0.0001 0.0000 270.0002 90.0000 0.0000 0.0000 0.0000 0.0000 0.0000 0.0000 0.0000 
0.0000 94.0000 0.0000 0.0000 0.0000 0.0000 0.0000 0.0001 180.0000 0.0000 0.0000 0.0000 0.0000 0.0000 0.0000 0.0000 0.0000 0.0000 0.0000 0.0000 0.0000 0.0000 0.0000 0.0000 0.0000 0.0000 0.0000 0.0000 0.0000 90.0001 89.9999 0.0000 0.0000 0.0000 0.0000 0.0001 0.0000 0.0000 0.0000 40.8933 20.7046 -22.2077 -4.1067 -20.7048 22.2077 0.0000 0.0000 0.0000 0.0000 0.0003 0.0000 -0.0001 -0.0001 20.0000 0.0000 0.0001 -20.0000 0.0000 0.0000 0.0000 0.0000 0.0000 0.0000 0.0000 0.0000 0.0000 0.0000 -0.0001 10.0000 -0.0001 0.0000 -10.0000 0.0000 0.0000 0.0000 0.0000 0.0000 0.0000 0.0000 0.0000 0.0000 0.0000 -0.0001 -0.0001 -0.0001 0.0001 0.0000 0.0000 0.0000 0.0000 0.0000 0.0000 0.0000 0.0000 0.0000 0.0000 0.0000 -0.0001 -10.0001 -0.0001 0.0001 10.0000 0.0000 0.0000 0.0000 0.0000 0.0000 0.0000 0.0000 0.0000 0.0000 0.0000 0.0000 -90.0000 -89.9999 0.0000 0.0000 0.0001 0.0000 0.0001 0.0000 0.0000 0.0000 0.0001 -0.0001 -20.0000 0.0000 0.0001 20.0000 -0.0003 0.0000 -0.0001 0.0000 0.0000 0.0000 0.0000 0.0000 0.0000 0.0000 -0.0001 -9.9999 -0.0002 0.0001 9.9999 0.0000 0.0000 0.0000 0.0000 0.0000 0.0000 0.0000 0.0000 0.0000 -0.0001 0.0000 0.0000 0.0000 0.0000 0.0000 0.0000 0.0001 0.0000 0.0001 0.0000 0.0000 0.0000 0.0000 0.0000 0.0000 0.0000 10.0001 -0.0001 0.0000 -10.0001 0.0000 0.0000 0.0000 0.0000 0.0000 0.0000 0.0002 0.0000 0.0000 -40.8933 20.7047 22.2076 4.1067 -20.7047 -22.2077 0.0000 0.0000 0.0000 0.0000 0.0004 0.0000 90.0000 0.0000 0.0000 0.0000 0.0000 0.0000 -270.0000 90.0000 0.0000 0.0000 0.0000 0.0000 0.0000 0.0000 0.0000 -90.0000 0.0000 0.0000 0.0000 -0.0001 0.0000 270.0002 90.0000 0.0000 0.0000 0.0000 0.0000 0.0000 0.0000 0.0000 
0.0000 94.0000 0.0000 0.0000 0.0000 0.0000 0.0000 0.0001 180.0000 0.0000 0.0000 0.0000 0.0000 0.0000 0.0000 0.0000 0.0000 0.0000 0.0000 0.0000 0.0000 0.0000 0.0000 0.0000 0.0000 0.0000 0.0000 0.0000 0.0000 90.0001 89.9999 0.0000 0.0000 0.0000 0.0000 0.0001 0.0000 0.0000 0.0000 40.8933 20.7046 -22.2077 -4.1067 -20.7048 22.2077 0.0000 0.0000 0.0000 0.0000 0.0003 0.0000 -0.0001 -0.0001 20.0000 0.0000 0.0001 -20.0000 0.0000 0.0000 0.0000 0.0000 0.0000 0.0000 0.0000 0.0000 0.0000 0.0000 -0.0001 10.0000 -0.0001 0.0000 -10.0000 0.0000 0.0000 0.0000 0.0000 0.0000 0.0000 0.0000 0.0000 0.0000 0.0000 -0.0001 -0.0001 -0.0001 0.0001 0.0000 0.0000 0.0000 0.0000 0.0000 0.0000 0.0000 0.0000 0.0000 0.0000 0.0000 -0.0001 -10.0001 -0.0001 0.0001 10.0000 0.0000 0.0000 0.0000 0.0000 0.0000 0.0000 0.0000 0.0000 0.0000 0.0000 0.0000 -90.0000 -89.9999 0.0000 0.0000 0.0001 0.0000 0.0001 0.0000 0.0000 0.0000 0.0001 -0.0001 -20.0000 0.0000 0.0001 20.0000 -0.0003 0.0000 -0.0001 0.0000 0.0000 0.0000 0.0000 0.0000 0.0000 0.0000 -0.0001 -9.9999 -0.0002 0.0001 9.9999 0.0000 0.0000 0.0000 0.0000 0.0000 0.0000 0.0000 0.0000 0.0000 -0.0001 0.0000 0.0000 0.0000 0.0000 0.0000 0.0000 0.0001 0.0000 0.0001 0.0000 0.0000 0.0000 0.0000 0.0000 0.0000 0.0000 10.0001 -0.0001 0.0000 -10.0001 0.0000 0.0000 0.0000 0.0000 0.0000 0.0000 0.0002 0.0000 0.0000 -40.8933 20.7047 22.2076 4.1067 -20.7047 -22.2077 0.0000 0.0000 0.0000 0.0000 0.0004 0.0000 90.0000 0.0000 0.0000 0.0000 0.0000 0.0000 -270.0000 90.0000 0.0000 0.0000 0.0000 0.0000 0.0000 0.0000 0.0000 -90.0000 0.0000 0.0000 0.0000 -0.0001 0.0000 270.0002 90.0000 0.0000 0.0000 0.0000 0.0000 0.0000 0.0000 0.0000 
0.0000 94.0000 0.0000 0.0000 0.0000 0.0000 0.0000 0.0001 180.0000 0.0000 0.0000 0.0000 0.0000 0.0000 0.0000 0.0000 0.0000 0.0000 0.0000 0.0000 0.0000 0.0000 0.0000 0.0000 0.0000 0.0000 0.0000 0.0000 0.0000 90.0001 89.9999 0.0000 0.0000 0.0000 0.0000 0.0001 0.0000 0.0000 0.0000 40.8933 20.7046 -22.2077 -4.1067 -20.7048 22.2077 0.0000 0.0000 0.0000 0.0000 0.0003 0.0000 -0.0001 -0.0001 20.0000 0.0000 0.0001 -20.0000 0.0000 0.0000 0.0000 0.0000 0.0000 0.0000 0.0000 0.0000 0.0000 0.0000 -0.0001 10.0000 -0.0001 0.0000 -10.0000 0.0000 0.0000 0.0000 0.0000 0.0000 0.0000 0.0000 0.0000 0.0000 0.0000 -0.0001 -0.0001 -0.0001 0.0001 0.0000 0.0000 0.0000 0.0000 0.0000 0.0000 0.0000 0.0000 0.0000 0.0000 0.0000 -0.0001 -10.0001 -0.0001 0.0001 10.0000 0.0000 0.0000 0.0000 0.0000 0.0000 0.0000 0.0000 0.0000 0.0000 0.0000 0.0000 -90.0000 -89.9999 0.0000 0.0000 0.0001 0.0000 0.0001 0.0000 0.0000 0.0000 0.0001 -0.0001 -20.0000 0.0000 0.0001 20.0000 -0.0003 0.0000 -0.0001 0.0000 0.0000 0.0000 0.0000 0.0000 0.0000 0.0000 -0.0001 -9.9999 -0.0002 0.0001 9.9999 0.0000 0.0000 0.0000 0.0000 0.0000 0.0000 0.0000 0.0000 0.0000 -0.0001 0.0000 0.0000 0.0000 0.0000 0.0000 0.0000 0.0001 0.0000 0.0001 0.0000 0.0000 0.0000 0.0000 0.0000 0.0000 0.0000 10.0001 -0.0001 0.0000 -10.0001 0.0000 0.0000 0.0000 0.0000 0.0000 0.0000 0.0002 0.0000 0.0000 -40.8933 20.7047 22.2076 4.1067 -20.7047 -22.2077 0.0000 0.0000 0.0000 0.0000 0.0004 0.0000 90.0000 0.0000 0.0000 0.0000 0.0000 0.0000 -270.0000 90.0000 0.0000 0.0000 0.0000 0.0000 0.0000 0.0000 0.0000 -90.0000 0.0000 0.0000 0.0000 -0.0001 0.0000 270.0002 90.0000 0.0000 0.0000 0.0000 0.0000 0.0000 0.0000 0.0000 
0.0000 94.0000 0.0000 0.0000 0.0000 0.0000 0.0000 0.0001 180.0000 0.0000 0.0000 0.0000 0.0000 0.0000 0.0000 0.0000 0.0000 0.0000 0.0000 0.0000 0.0000 0.0000 0.0000 0.0000 0.0000 0.0000 0.0000 0.0000 0.0000 90.0001 89.9999 0.0000 0.0000 0.0000 0.0000 0.0001 0.0000 0.0000 0.0000 40.8933 20.7046 -22.2077 -4.1067 -20.7048 22.2077 0.0000 0.0000 0.0000 0.0000 0.0003 0.0000 -0.0001 -0.0001 20.0000 0.0000 0.0001 -20.0000 0.0000 0.0000 0.0000 0.0000 0.0000 0.0000 0.0000 0.0000 0.0000 0.0000 -0.0001 10.0000 -0.0001 0.0000 -10.0000 0.0000 0.0000 0.0000 0.0000 0.0000 0.0000 0.0000 0.0000 0.0000 0.0000 -0.0001 -0.0001 -0.0001 0.0001 0.0000 0.0000 0.0000 0.0000 0.0000 0.0000 0.0000 0.0000 0.0000 0.0000 0.0000 -0.0001 -10.0001 -0.0001 0.0001 10.0000 0.0000 0.0000 0.0000 0.0000 0.0000 0.0000 0.0000 0.0000 0.0000 0.0000 0.0000 -90.0000 -89.9999 0.0000 0.0000 0.0001 0.0000 0.0001 0.0000 0.0000 0.0000 0.0001 -0.0001 -20.0000 0.0000 0.0001 20.0000 -0.0003 0.0000 -0.0001 0.0000 0.0000 0.0000 0.0000 0.0000 0.0000 0.0000 -0.0001 -9.9999 -0.0002 0.0001 9.9999 0.0000 0.0000 0.0000 0.0000 0.0000 0.0000 0.0000 0.0000 0.0000 -0.0001 0.0000 0.0000 0.0000 0.0000 0.0000 0.0000 0.0001 0.0000 0.0001 0.0000 0.0000 0.0000 0.0000 0.0000 0.0000 0.0000 10.0001 -0.0001 0.0000 -10.0001 0.0000 0.0000 0.0000 0.0000 0.0000 0.0000 0.0002 0.0000 0.0000 -40.8933 20.7047 22.2076 4.1067 -20.7047 -22.2077 0.0000 0.0000 0.0000 0.0000 0.0004 0.0000 90.0000 0.0000 0.0000 0.0000 0.0000 0.0000 -270.0000 90.0000 0.0000 0.0000 0.0000 0.0000 0.0000 0.0000 0.0000 -90.0000 0.0000 0.0000 0.0000 -0.0001 0.0000 270.0002 90.0000 0.0000 0.0000 0.0000 0.0000 0.0000 0.0000 0.0000 
0.0000 94.0000 0.0000 0.0000 0.0000 0.0000 0.0000 0.0001 180.0000 0.0000 0.0000 0.0000 0.0000 0.0000 0.0000 0.0000 0.0000 0.0000 0.0000 0.0000 0.0000 0.0000 0.0000 0.0000 0.0000 0.0000 0.0000 0.0000 0.0000 90.0001 89.9999 0.0000 0.0000 0.0000 0.0000 0.0001 0.0000 0.0000 0.0000 40.8933 20.7046 -22.2077 -4.1067 -20.7048 22.2077 0.0000 0.0000 0.0000 0.0000 0.0003 0.0000 -0.0001 -0.0001 20.0000 0.0000 0.0001 -20.0000 0.0000 0.0000 0.0000 0.0000 0.0000 0.0000 0.0000 0.0000 0.0000 0.0000 -0.0001 10.0000 -0.0001 0.0000 -10.0000 0.0000 0.0000 0.0000 0.0000 0.0000 0.0000 0.0000 0.0000 0.0000 0.0000 -0.0001 -0.0001 -0.0001 0.0001 0.0000 0.0000 0.0000 0.0000 0.0000 0.0000 0.0000 0.0000 0.0000 0.0000 0.0000 -0.0001 -10.0001 -0.0001 0.0001 10.0000 0.0000 0.0000 0.0000 0.0000 0.0000 0.0000 0.0000 0.0000 0.0000 0.0000 0.0000 -90.0000 -89.9999 0.0000 0.0000 0.0001 0.0000 0.0001 0.0000 0.0000 0.0000 0.0001 -0.0001 -20.0000 0.0000 0.0001 20.0000 -0.0003 0.0000 -0.0001 0.0000 0.0000 0.0000 0.0000 0.0000 0.0000 0.0000 -0.0001 -9.9999 -0.0002 0.0001 9.9999 0.0000 0.0000 0.0000 0.0000 0.0000 0.0000 0.0000 0.0000 0.0000 -0.0001 0.0000 0.0000 0.0000 0.0000 0.0000 0.0000 0.0001 0.0000 0.0001 0.0000 0.0000 0.0000 0.0000 0.0000 0.0000 0.0000 10.0001 -0.0001 0.0000 -10.0001 0.0000 0.0000 0.0000 0.0000 0.0000 0.0000 0.0002 0.0000 0.0000 -40.8933 20.7047 22.2076 4.1067 -20.7047 -22.2077 0.0000 0.0000 0.0000 0.0000 0.0004 0.0000 90.0000 0.0000 0.0000 0.0000 0.0000 0.0000 -270.0000 90.0000 0.0000 0.0000 0.0000 0.0000 0.0000 0.0000 0.0000 -90.0000 0.0000 0.0000 0.0000 -0.0001 0.0000 270.0002 90.0000 0.0000 0.0000 0.0000 0.0000 0.0000 0.0000 0.0000 
0.0000 94.0000 0.0000 0.0000 0.0000 0.0000 0.0000 0.0001 180.0000 0.0000 0.0000 0.0000 0.0000 0.0000 0.0000 0.0000 0.0000 0.0000 0.0000 0.0000 0.0000 0.0000 0.0000 0.0000 0.0000 0.0000 0.0000 0.0000 0.0000 90.0001 89.9999 0.0000 0.0000 0.0000 0.0000 0.0001 0.0000 0.0000 0.0000 40.8933 20.7046 -22.2077 -4.1067 -20.7048 22.2077 0.0000 0.0000 0.0000 0.0000 0.0003 0.0000 -0.0001 -0.0001 20.0000 0.0000 0.0001 -20.0000 0.0000 0.0000 0.0000 0.0000 0.0000 0.0000 0.0000 0.0000 0.0000 0.0000 -0.0001 10.0000 -0.0001 0.0000 -10.0000 0.0000 0.0000 0.0000 0.0000 0.0000 0.0000 0.0000 0.0000 0.0000 0.0000 -0.0001 -0.0001 -0.0001 0.0001 0.0000 0.0000 0.0000 0.0000 0.0000 0.0000 0.0000 0.0000 0.0000 0.0000 0.0000 -0.0001 -10.0001 -0.0001 0.0001 10.0000 0.0000 0.0000 0.0000 0.0000 0.0000 0.0000 0.0000 0.0000 0.0000 0.0000 0.0000 -90.0000 -89.9999 0.0000 0.0000 0.0001 0.0000 0.0001 0.0000 0.0000 0.0000 0.0001 -0.0001 -20.0000 0.0000 0.0001 20.0000 -0.0003 0.0000 -0.0001 0.0000 0.0000 0.0000 0.0000 0.0000 0.0000 0.0000 -0.0001 -9.9999 -0.0002 0.0001 9.9999 0.0000 0.0000 0.0000 0.0000 0.0000 0.0000 0.0000 0.0000 0.0000 -0.0001 0.0000 0.0000 0.0000 0.0000 0.0000 0.0000 0.0001 0.0000 0.0001 0.0000 0.0000 0.0000 0.0000 0.0000 0.0000 0.0000 10.0001 -0.0001 0.0000 -10.0001 0.0000 0.0000 0.0000 0.0000 0.0000 0.0000 0.0002 0.0000 0.0000 -40.8933 20.7047 22.2076 4.1067 -20.7047 -22.2077 0.0000 0.0000 0.0000 0.0000 0.0004 0.0000 90.0000 0.0000 0.0000 0.0000 0.0000 0.0000 -270.0000 90.0000 0.0000 0.0000 0.0000 0.0000 0.0000 0.0000 0.0000 -90.0000 0.0000 0.0000 0.0000 -0.0001 0.0000 270.0002 90.0000 0.0000 0.0000 0.0000 0.0000 0.0000 0.0000 0.0000 
0.0000 94.0000 0.0000 0.0000 0.0000 0.0000 0.0000 0.0001 180.0000 0.0000 0.0000 0.0000 0.0000 0.0000 0.0000 0.0000 0.0000 0.0000 0.0000 0.0000 0.0000 0.0000 0.0000 0.0000 0.0000 0.0000 0.0000 0.0000 0.0000 90.0001 89.9999 0.0000 0.0000 0.0000 0.0000 0.0001 0.0000 0.0000 0.0000 40.8933 20.7046 -22.2077 -4.1067 -20.7048 22.2077 0.0000 0.0000 0.0000 0.0000 0.0003 0.0000 -0.0001 -0.0001 20.0000 0.0000 0.0001 -20.0000 0.0000 0.0000 0.0000 0.0000 0.0000 0.0000 0.0000 0.0000 0.0000 0.0000 -0.0001 10.0000 -0.0001 0.0000 -10.0000 0.0000 0.0000 0.0000 0.0000 0.0000 0.0000 0.0000 0.0000 0.0000 0.0000 -0.0001 -0.0001 -0.0001 0.0001 0.0000 0.0000 0.0000 0.0000 0.0000 0.0000 0.0000 0.0000 0.0000 0.0000 0.0000 -0.0001 -10.0001 -0.0001 0.0001 10.0000 0.0000 0.0000 0.0000 0.0000 0.0000 0.0000 0.0000 0.0000 0.0000 0.0000 0.0000 -90.0000 -89.9999 0.0000 0.0000 0.0001 0.0000 0.0001 0.0000 0.0000 0.0000 0.0001 -0.0001 -20.0000 0.0000 0.0001 20.0000 -0.0003 0.0000 -0.0001 0.0000 0.0000 0.0000 0.0000 0.0000 0.0000 0.0000 -0.0001 -9.9999 -0.0002 0.0001 9.9999 0.0000 0.0000 0.0000 0.0000 0.0000 0.0000 0.0000 0.0000 0.0000 -0.0001 0.0000 0.0000 0.0000 0.0000 0.0000 0.0000 0.0001 0.0000 0.0001 0.0000 0.0000 0.0000 0.0000 0.0000 0.0000 0.0000 10.0001 -0.0001 0.0000 -10.0001 0.0000 0.0000 0.0000 0.0000 0.0000 0.0000 0.0002 0.0000 0.0000 -40.8933 20.7047 22.2076 4.1067 -20.7047 -22.2077 0.0000 0.0000 0.0000 0.0000 0.0004 0.0000 90.0000 0.0000 0.0000 0.0000 0.0000 0.0000 -270.0000 90.0000 0.0000 0.0000 0.0000 0.0000 0.0000 0.0000 0.0000 -90.0000 0.0000 0.0000 0.0000 -0.0001 0.0000 270.0002 90.0000 0.0000 0.0000 0.0000 0.0000 0.0000 0.0000 0.0000
0.0000 94.0000 0.0000 0.0000 0.0000 0.0000 0.0000 0.0001 180.0000 0.0000 0.0000 0.0000 0.0000 0.0000 0.0000 0.0000 0.0000 0.0000 0.0000 0.0000 0.0000 0.0000 0.0000 0.0000 0.0000 0.0000 0.0000 0.0000 0.0000 90.0001 89.9999 0.0000 0.0000 0.0000 0.0000 0.0001 0.0000 0.0000 0.0000 40.8933 20.7046 -22.2077 -4.1067 -20.7048 22.2077 0.0000 0.0000 0.0000 0.0000 0.0003 0.0000 -0.0001 -0.0001 20.0000 0.0000 0.0001 -20.0000 0.0000 0.0000 0.0000 0.0000 0.0000 0.0000 0.0000 0.0000 0.0000 0.0000 -0.0001 10.0000 -0.0001 0.0000 -10.0000 0.0000 0.0000 0.0000 0.0000 0.0000 0.0000 0.0000 0.0000 0.0000 0.0000 -0.0001 -0.0001 -0.0001 0.0001 0.0000 0.0000 0.0000 0.0000 0.0000 0.0000 0.0000 0.0000 0.0000 0.0000 0.0000 -0.0001 -10.0001 -0.0001 0.0001 10.0000 0.0000 0.0000 0.0000 0.0000 0.0000 0.0000 0.0000 0.0000 0.0000 0.0000 0.0000 -90.0000 -89.9999 0.0000 0.0000 0.0001 0.0000 0.0001 0.0000 0.0000 0.0000 0.0001 -0.0001 -20.0000 0.0000 0.0001 20.0000 -0.0003 0.0000 -0.0001 0.0000 0.0000 0.0000 0.0000 0.0000 0.0000 0.0000 -0.0001 -9.9999 -0.0002 0.0001 9.9999 0.0000 0.0000 0.0000 0.0000 0.0000 0.0000 0.0000 0.0000 0.0000 -0.0001 0.0000 0.0000 0.0000 0.0000 0.0000 0.0000 0.0001 0.0000 0.0001 0.0000 0.0000 0.0000 0.0000 0.0000 0.0000 0.0000 10.0001 -0.0001 0.0000 -10.0001 0.0000 0.0000 0.0000 0.0000 0.0000 0.0000 0.0002 0.0000 0.0000 -40.8933 20.7047 22.2076 4.1067 -20.7047 -22.2077 0.0000 0.0000 0.0000 0.0000 0.0004 0.0000 90.0000 0.0000 0.0000 0.0000 0.0000 0.0000 -270.0000 90.0000 0.0000 0.0000 0.0000 0.0000 0.0000 0.0000 0.0000 -90.0000 0.0000 0.0000 0.0000 -0.0001 0.0000 270.0002 90.0000 0.0000 0.0000 0.0000 0.0000 0.0000 0.0000 0.0000 
0.0000 94.0000 0.0000 0.0000 0.0000 0.0000 0.0000 0.0001 180.0000 0.0000 0.0000 0.0000 0.0000 0.0000 0.0000 0.0000 0.0000 0.0000 0.0000 0.0000 0.0000 0.0000 0.0000 0.0000 0.0000 0.0000 0.0000 0.0000 0.0000 90.0001 89.9999 0.0000 0.0000 0.0000 0.0000 0.0001 0.0000 0.0000 0.0000 40.8933 20.7046 -22.2077 -4.1067 -20.7048 22.2077 0.0000 0.0000 0.0000 0.0000 0.0003 0.0000 -0.0001 -0.0001 20.0000 0.0000 0.0001 -20.0000 0.0000 0.0000 0.0000 0.0000 0.0000 0.0000 0.0000 0.0000 0.0000 0.0000 -0.0001 10.0000 -0.0001 0.0000 -10.0000 0.0000 0.0000 0.0000 0.0000 0.0000 0.0000 0.0000 0.0000 0.0000 0.0000 -0.0001 -0.0001 -0.0001 0.0001 0.0000 0.0000 0.0000 0.0000 0.0000 0.0000 0.0000 0.0000 0.0000 0.0000 0.0000 -0.0001 -10.0001 -0.0001 0.0001 10.0000 0.0000 0.0000 0.0000 0.0000 0.0000 0.0000 0.0000 0.0000 0.0000 0.0000 0.0000 -90.0000 -89.9999 0.0000 0.0000 0.0001 0.0000 0.0001 0.0000 0.0000 0.0000 0.0001 -0.0001 -20.0000 0.0000 0.0001 20.0000 -0.0003 0.0000 -0.0001 0.0000 0.0000 0.0000 0.0000 0.0000 0.0000 0.0000 -0.0001 -9.9999 -0.0002 0.0001 9.9999 0.0000 0.0000 0.0000 0.0000 0.0000 0.0000 0.0000 0.0000 0.0000 -0.0001 0.0000 0.0000 0.0000 0.0000 0.0000 0.0000 0.0001 0.0000 0.0001 0.0000 0.0000 0.0000 0.0000 0.0000 0.0000 0.0000 10.0001 -0.0001 0.0000 -10.0001 0.0000 0.0000 0.0000 0.0000 0.0000 0.0000 0.0002 0.0000 0.0000 -40.8933 20.7047 22.2076 4.1067 -20.7047 -22.2077 0.0000 0.0000 0.0000 0.0000 0.0004 0.0000 90.0000 0.0000 0.0000 0.0000 0.0000 0.0000 -270.0000 90.0000 0.0000 0.0000 0.0000 0.0000 0.0000 0.0000 0.0000 -90.0000 0.0000 0.0000 0.0000 -0.0001 0.0000 270.0002 90.0000 0.0000 0.0000 0.0000 0.0000 0.0000 0.0000 0.0000 
0.0000 94.0000 0.0000 0.0000 0.0000 0.0000 0.0000 0.0001 180.0000 0.0000 0.0000 0.0000 0.0000 0.0000 0.0000 0.0000 0.0000 0.0000 0.0000 0.0000 0.0000 0.0000 0.0000 0.0000 0.0000 0.0000 0.0000 0.0000 0.0000 90.0001 89.9999 0.0000 0.0000 0.0000 0.0000 0.0001 0.0000 0.0000 0.0000 40.8933 20.7046 -22.2077 -4.1067 -20.7048 22.2077 0.0000 0.0000 0.0000 0.0000 0.0003 0.0000 -0.0001 -0.0001 20.0000 0.0000 0.0001 -20.0000 0.0000 0.0000 0.0000 0.0000 0.0000 0.0000 0.0000 0.0000 0.0000 0.0000 -0.0001 10.0000 -0.0001 0.0000 -10.0000 0.0000 0.0000 0.0000 0.0000 0.0000 0.0000 0.0000 0.0000 0.0000 0.0000 -0.0001 -0.0001 -0.0001 0.0001 0.0000 0.0000 0.0000 0.0000 0.0000 0.0000 0.0000 0.0000 0.0000 0.0000 0.0000 -0.0001 -10.0001 -0.0001 0.0001 10.0000 0.0000 0.0000 0.0000 0.0000 0.0000 0.0000 0.0000 0.0000 0.0000 0.0000 0.0000 -90.0000 -89.9999 0.0000 0.0000 0.0001 0.0000 0.0001 0.0000 0.0000 0.0000 0.0001 -0.0001 -20.0000 0.0000 0.0001 20.0000 -0.0003 0.0000 -0.0001 0.0000 0.0000 0.0000 0.0000 0.0000 0.0000 0.0000 -0.0001 -9.9999 -0.0002 0.0001 9.9999 0.0000 0.0000 0.0000 0.0000 0.0000 0.0000 0.0000 0.0000 0.0000 -0.0001 0.0000 0.0000 0.0000 0.0000 0.0000 0.0000 0.0001 0.0000 0.0001 0.0000 0.0000 0.0000 0.0000 0.0000 0.0000 0.0000 10.0001 -0.0001 0.0000 -10.0001 0.0000 0.0000 0.0000 0.0000 0.0000 0.0000 0.0002 0.0000 0.0000 -40.8933 20.7047 22.2076 4.1067 -20.7047 -22.2077 0.0000 0.0000 0.0000 0.0000 0.0004 0.0000 90.0000 0.0000 0.0000 0.0000 0.0000 0.0000 -270.0000 90.0000 0.0000 0.0000 0.0000 0.0000 0.0000 0.0000 0.0000 -90.0000 0.0000 0.0000 0.0000 -0.0001 0.0000 270.0002 90.0000 0.0000 0.0000 0.0000 0.0000 0.0000 0.0000 0.0000 
0.0000 94.0000 0.0000 0.0000 0.0000 0.0000 0.0000 0.0001 180.0000 0.0000 0.0000 0.0000 0.0000 0.0000 0.0000 0.0000 0.0000 0.0000 0.0000 0.0000 0.0000 0.0000 0.0000 0.0000 0.0000 0.0000 0.0000 0.0000 0.0000 90.0001 89.9999 0.0000 0.0000 0.0000 0.0000 0.0001 0.0000 0.0000 0.0000 40.8933 20.7046 -22.2077 -4.1067 -20.7048 22.2077 0.0000 0.0000 0.0000 0.0000 0.0003 0.0000 -0.0001 -0.0001 20.0000 0.0000 0.0001 -20.0000 0.0000 0.0000 0.0000 0.0000 0.0000 0.0000 0.0000 0.0000 0.0000 0.0000 -0.0001 10.0000 -0.0001 0.0000 -10.0000 0.0000 0.0000 0.0000 0.0000 0.0000 0.0000 0.0000 0.0000 0.0000 0.0000 -0.0001 -0.0001 -0.0001 0.0001 0.0000 0.0000 0.0000 0.0000 0.0000 0.0000 0.0000 0.0000 0.0000 0.0000 0.0000 -0.0001 -10.0001 -0.0001 0.0001 10.0000 0.0000 0.0000 0.0000 0.0000 0.0000 0.0000 0.0000 0.0000 0.0000 0.0000 0.0000 -90.0000 -89.9999 0.0000 0.0000 0.0001 0.0000 0.0001 0.0000 0.0000 0.0000 0.0001 -0.0001 -20.0000 0.0000 0.0001 20.0000 -0.0003 0.0000 -0.0001 0.0000 0.0000 0.0000 0.0000 0.0000 0.0000 0.0000 -0.0001 -9.9999 -0.0002 0.0001 9.9999 0.0000 0.0000 0.0000 0.0000 0.0000 0.0000 0.0000 0.0000 0.0000 -0.0001 0.0000 0.0000 0.0000 0.0000 0.0000 0.0000 0.0001 0.0000 0.0001 0.0000 0.0000 0.0000 0.0000 0.0000 0.0000 0.0000 10.0001 -0.0001 0.0000 -10.0001 0.0000 0.0000 0.0000 0.0000 0.0000 0.0000 0.0002 0.0000 0.0000 -40.8933 20.7047 22.2076 4.1067 -20.7047 -22.2077 0.0000 0.0000 0.0000 0.0000 0.0004 0.0000 90.0000 0.0000 0.0000 0.0000 0.0000 0.0000 -270.0000 90.0000 0.0000 0.0000 0.0000 0.0000 0.0000 0.0000 0.0000 -90.0000 0.0000 0.0000 0.0000 -0.0001 0.0000 270.0002 90.0000 0.0000 0.0000 0.0000 0.0000 0.0000 0.0000 0.0000 
0.0000 94.0000 0.0000 0.0000 0.0000 0.0000 0.0000 0.0001 180.0000 0.0000 0.0000 0.0000 0.0000 0.0000 0.0000 0.0000 0.0000 0.0000 0.0000 0.0000 0.0000 0.0000 0.0000 0.0000 0.0000 0.0000 0.0000 0.0000 0.0000 90.0001 89.9999 0.0000 0.0000 0.0000 0.0000 0.0001 0.0000 0.0000 0.0000 40.8933 20.7046 -22.2077 -4.1067 -20.7048 22.2077 0.0000 0.0000 0.0000 0.0000 0.0003 0.0000 -0.0001 -0.0001 20.0000 0.0000 0.0001 -20.0000 0.0000 0.0000 0.0000 0.0000 0.0000 0.0000 0.0000 0.0000 0.0000 0.0000 -0.0001 10.0000 -0.0001 0.0000 -10.0000 0.0000 0.0000 0.0000 0.0000 0.0000 0.0000 0.0000 0.0000 0.0000 0.0000 -0.0001 -0.0001 -0.0001 0.0001 0.0000 0.0000 0.0000 0.0000 0.0000 0.0000 0.0000 0.0000 0.0000 0.0000 0.0000 -0.0001 -10.0001 -0.0001 0.0001 10.0000 0.0000 0.0000 0.0000 0.0000 0.0000 0.0000 0.0000 0.0000 0.0000 0.0000 0.0000 -90.0000 -89.9999 0.0000 0.0000 0.0001 0.0000 0.0001 0.0000 0.0000 0.0000 0.0001 -0.0001 -20.0000 0.0000 0.0001 20.0000 -0.0003 0.0000 -0.0001 0.0000 0.0000 0.0000 0.0000 0.0000 0.0000 0.0000 -0.0001 -9.9999 -0.0002 0.0001 9.9999 0.0000 0.0000 0.0000 0.0000 0.0000 0.0000 0.0000 0.0000 0.0000 -0.0001 0.0000 0.0000 0.0000 0.0000 0.0000 0.0000 0.0001 0.0000 0.0001 0.0000 0.0000 0.0000 0.0000 0.0000 0.0000 0.0000 10.0001 -0.0001 0.0000 -10.0001 0.0000 0.0000 0.0000 0.0000 0.0000 0.0000 0.0002 0.0000 0.0000 -40.8933 20.7047 22.2076 4.1067 -20.7047 -22.2077 0.0000 0.0000 0.0000 0.0000 0.0004 0.0000 90.0000 0.0000 0.0000 0.0000 0.0000 0.0000 -270.0000 90.0000 0.0000 0.0000 0.0000 0.0000 0.0000 0.0000 0.0000 -90.0000 0.0000 0.0000 0.0000 -0.0001 0.0000 270.0002 90.0000 0.0000 0.0000 0.0000 0.0000 0.0000 0.0000 0.0000 
0.0000 94.0000 0.0000 0.0000 0.0000 0.0000 0.0000 0.0001 180.0000 0.0000 0.0000 0.0000 0.0000 0.0000 0.0000 0.0000 0.0000 0.0000 0.0000 0.0000 0.0000 0.0000 0.0000 0.0000 0.0000 0.0000 0.0000 0.0000 0.0000 90.0001 89.9999 0.0000 0.0000 0.0000 0.0000 0.0001 0.0000 0.0000 0.0000 40.8933 20.7046 -22.2077 -4.1067 -20.7048 22.2077 0.0000 0.0000 0.0000 0.0000 0.0003 0.0000 -0.0001 -0.0001 20.0000 0.0000 0.0001 -20.0000 0.0000 0.0000 0.0000 0.0000 0.0000 0.0000 0.0000 0.0000 0.0000 0.0000 -0.0001 10.0000 -0.0001 0.0000 -10.0000 0.0000 0.0000 0.0000 0.0000 0.0000 0.0000 0.0000 0.0000 0.0000 0.0000 -0.0001 -0.0001 -0.0001 0.0001 0.0000 0.0000 0.0000 0.0000 0.0000 0.0000 0.0000 0.0000 0.0000 0.0000 0.0000 -0.0001 -10.0001 -0.0001 0.0001 10.0000 0.0000 0.0000 0.0000 0.0000 0.0000 0.0000 0.0000 0.0000 0.0000 0.0000 0.0000 -90.0000 -89.9999 0.0000 0.0000 0.0001 0.0000 0.0001 0.0000 0.0000 0.0000 0.0001 -0.0001 -20.0000 0.0000 0.0001 20.0000 -0.0003 0.0000 -0.0001 0.0000 0.0000 0.0000 0.0000 0.0000 0.0000 0.0000 -0.0001 -9.9999 -0.0002 0.0001 9.9999 0.0000 0.0000 0.0000 0.0000 0.0000 0.0000 0.0000 0.0000 0.0000 -0.0001 0.0000 0.0000 0.0000 0.0000 0.0000 0.0000 0.0001 0.0000 0.0001 0.0000 0.0000 0.0000 0.0000 0.0000 0.0000 0.0000 10.0001 -0.0001 0.0000 -10.0001 0.0000 0.0000 0.0000 0.0000 0.0000 0.0000 0.0002 0.0000 0.0000 -40.8933 20.7047 22.2076 4.1067 -20.7047 -22.2077 0.0000 0.0000 0.0000 0.0000 0.0004 0.0000 90.0000 0.0000 0.0000 0.0000 0.0000 0.0000 -270.0000 90.0000 0.0000 0.0000 0.0000 0.0000 0.0000 0.0000 0.0000 -90.0000 0.0000 0.0000 0.0000 -0.0001 0.0000 270.0002 90.0000 0.0000 0.0000 0.0000 0.0000 0.0000 0.0000 0.0000 
0.0000 94.0000 0.0000 0.0000 0.0000 0.0000 0.0000 0.0001 180.0000 0.0000 0.0000 0.0000 0.0000 0.0000 0.0000 0.0000 0.0000 0.0000 0.0000 0.0000 0.0000 0.0000 0.0000 0.0000 0.0000 0.0000 0.0000 0.0000 0.0000 90.0001 89.9999 0.0000 0.0000 0.0000 0.0000 0.0001 0.0000 0.0000 0.0000 40.8933 20.7046 -22.2077 -4.1067 -20.7048 22.2077 0.0000 0.0000 0.0000 0.0000 0.0003 0.0000 -0.0001 -0.0001 20.0000 0.0000 0.0001 -20.0000 0.0000 0.0000 0.0000 0.0000 0.0000 0.0000 0.0000 0.0000 0.0000 0.0000 -0.0001 10.0000 -0.0001 0.0000 -10.0000 0.0000 0.0000 0.0000 0.0000 0.0000 0.0000 0.0000 0.0000 0.0000 0.0000 -0.0001 -0.0001 -0.0001 0.0001 0.0000 0.0000 0.0000 0.0000 0.0000 0.0000 0.0000 0.0000 0.0000 0.0000 0.0000 -0.0001 -10.0001 -0.0001 0.0001 10.0000 0.0000 0.0000 0.0000 0.0000 0.0000 0.0000 0.0000 0.0000 0.0000 0.0000 0.0000 -90.0000 -89.9999 0.0000 0.0000 0.0001 0.0000 0.0001 0.0000 0.0000 0.0000 0.0001 -0.0001 -20.0000 0.0000 0.0001 20.0000 -0.0003 0.0000 -0.0001 0.0000 0.0000 0.0000 0.0000 0.0000 0.0000 0.0000 -0.0001 -9.9999 -0.0002 0.0001 9.9999 0.0000 0.0000 0.0000 0.0000 0.0000 0.0000 0.0000 0.0000 0.0000 -0.0001 0.0000 0.0000 0.0000 0.0000 0.0000 0.0000 0.0001 0.0000 0.0001 0.0000 0.0000 0.0000 0.0000 0.0000 0.0000 0.0000 10.0001 -0.0001 0.0000 -10.0001 0.0000 0.0000 0.0000 0.0000 0.0000 0.0000 0.0002 0.0000 0.0000 -40.8933 20.7047 22.2076 4.1067 -20.7047 -22.2077 0.0000 0.0000 0.0000 0.0000 0.0004 0.0000 90.0000 0.0000 0.0000 0.0000 0.0000 0.0000 -270.0000 90.0000 0.0000 0.0000 0.0000 0.0000 0.0000 0.0000 0.0000 -90.0000 0.0000 0.0000 0.0000 -0.0001 0.0000 270.0002 90.0000 0.0000 0.0000 0.0000 0.0000 0.0000 0.0000 0.0000 
0.0000 94.0000 0.0000 0.0000 0.0000 0.0000 0.0000 0.0001 180.0000 0.0000 0.0000 0.0000 0.0000 0.0000 0.0000 0.0000 0.0000 0.0000 0.0000 0.0000 0.0000 0.0000 0.0000 0.0000 0.0000 0.0000 0.0000 0.0000 0.0000 90.0001 89.9999 0.0000 0.0000 0.0000 0.0000 0.0001 0.0000 0.0000 0.0000 40.8933 20.7046 -22.2077 -4.1067 -20.7048 22.2077 0.0000 0.0000 0.0000 0.0000 0.0003 0.0000 -0.0001 -0.0001 20.0000 0.0000 0.0001 -20.0000 0.0000 0.0000 0.0000 0.0000 0.0000 0.0000 0.0000 0.0000 0.0000 0.0000 -0.0001 10.0000 -0.0001 0.0000 -10.0000 0.0000 0.0000 0.0000 0.0000 0.0000 0.0000 0.0000 0.0000 0.0000 0.0000 -0.0001 -0.0001 -0.0001 0.0001 0.0000 0.0000 0.0000 0.0000 0.0000 0.0000 0.0000 0.0000 0.0000 0.0000 0.0000 -0.0001 -10.0001 -0.0001 0.0001 10.0000 0.0000 0.0000 0.0000 0.0000 0.0000 0.0000 0.0000 0.0000 0.0000 0.0000 0.0000 -90.0000 -89.9999 0.0000 0.0000 0.0001 0.0000 0.0001 0.0000 0.0000 0.0000 0.0001 -0.0001 -20.0000 0.0000 0.0001 20.0000 -0.0003 0.0000 -0.0001 0.0000 0.0000 0.0000 0.0000 0.0000 0.0000 0.0000 -0.0001 -9.9999 -0.0002 0.0001 9.9999 0.0000 0.0000 0.0000 0.0000 0.0000 0.0000 0.0000 0.0000 0.0000 -0.0001 0.0000 0.0000 0.0000 0.0000 0.0000 0.0000 0.0001 0.0000 0.0001 0.0000 0.0000 0.0000 0.0000 0.0000 0.0000 0.0000 10.0001 -0.0001 0.0000 -10.0001 0.0000 0.0000 0.0000 0.0000 0.0000 0.0000 0.0002 0.0000 0.0000 -40.8933 20.7047 22.2076 4.1067 -20.7047 -22.2077 0.0000 0.0000 0.0000 0.0000 0.0004 0.0000 90.0000 0.0000 0.0000 0.0000 0.0000 0.0000 -270.0000 90.0000 0.0000 0.0000 0.0000 0.0000 0.0000 0.0000 0.0000 -90.0000 0.0000 0.0000 0.0000 -0.0001 0.0000 270.0002 90.0000 0.0000 0.0000 0.0000 0.0000 0.0000 0.0000 0.0000 
0.0000 94.0000 0.0000 0.0000 0.0000 0.0000 0.0000 0.0001 180.0000 0.0000 0.0000 0.0000 0.0000 0.0000 0.0000 0.0000 0.0000 0.0000 0.0000 0.0000 0.0000 0.0000 0.0000 0.0000 0.0000 0.0000 0.0000 0.0000 0.0000 90.0001 89.9999 0.0000 0.0000 0.0000 0.0000 0.0001 0.0000 0.0000 0.0000 40.8933 20.7046 -22.2077 -4.1067 -20.7048 22.2077 0.0000 0.0000 0.0000 0.0000 0.0003 0.0000 -0.0001 -0.0001 20.0000 0.0000 0.0001 -20.0000 0.0000 0.0000 0.0000 0.0000 0.0000 0.0000 0.0000 0.0000 0.0000 0.0000 -0.0001 10.0000 -0.0001 0.0000 -10.0000 0.0000 0.0000 0.0000 0.0000 0.0000 0.0000 0.0000 0.0000 0.0000 0.0000 -0.0001 -0.0001 -0.0001 0.0001 0.0000 0.0000 0.0000 0.0000 0.0000 0.0000 0.0000 0.0000 0.0000 0.0000 0.0000 -0.0001 -10.0001 -0.0001 0.0001 10.0000 0.0000 0.0000 0.0000 0.0000 0.0000 0.0000 0.0000 0.0000 0.0000 0.0000 0.0000 -90.0000 -89.9999 0.0000 0.0000 0.0001 0.0000 0.0001 0.0000 0.0000 0.0000 0.0001 -0.0001 -20.0000 0.0000 0.0001 20.0000 -0.0003 0.0000 -0.0001 0.0000 0.0000 0.0000 0.0000 0.0000 0.0000 0.0000 -0.0001 -9.9999 -0.0002 0.0001 9.9999 0.0000 0.0000 0.0000 0.0000 0.0000 0.0000 0.0000 0.0000 0.0000 -0.0001 0.0000 0.0000 0.0000 0.0000 0.0000 0.0000 0.0001 0.0000 0.0001 0.0000 0.0000 0.0000 0.0000 0.0000 0.0000 0.0000 10.0001 -0.0001 0.0000 -10.0001 0.0000 0.0000 0.0000 0.0000 0.0000 0.0000 0.0002 0.0000 0.0000 -40.8933 20.7047 22.2076 4.1067 -20.7047 -22.2077 0.0000 0.0000 0.0000 0.0000 0.0004 0.0000 90.0000 0.0000 0.0000 0.0000 0.0000 0.0000 -270.0000 90.0000 0.0000 0.0000 0.0000 0.0000 0.0000 0.0000 0.0000 -90.0000 0.0000 0.0000 0.0000 -0.0001 0.0000 270.0002 90.0000 0.0000 0.0000 0.0000 0.0000 0.0000 0.0000 0.0000 
0.0000 94.0000 0.0000 0.0000 0.0000 0.0000 0.0000 0.0001 180.0000 0.0000 0.0000 0.0000 0.0000 0.0000 0.0000 0.0000 0.0000 0.0000 0.0000 0.0000 0.0000 0.0000 0.0000 0.0000 0.0000 0.0000 0.0000 0.0000 0.0000 90.0001 89.9999 0.0000 0.0000 0.0000 0.0000 0.0001 0.0000 0.0000 0.0000 40.8933 20.7046 -22.2077 -4.1067 -20.7048 22.2077 0.0000 0.0000 0.0000 0.0000 0.0003 0.0000 -0.0001 -0.0001 20.0000 0.0000 0.0001 -20.0000 0.0000 0.0000 0.0000 0.0000 0.0000 0.0000 0.0000 0.0000 0.0000 0.0000 -0.0001 10.0000 -0.0001 0.0000 -10.0000 0.0000 0.0000 0.0000 0.0000 0.0000 0.0000 0.0000 0.0000 0.0000 0.0000 -0.0001 -0.0001 -0.0001 0.0001 0.0000 0.0000 0.0000 0.0000 0.0000 0.0000 0.0000 0.0000 0.0000 0.0000 0.0000 -0.0001 -10.0001 -0.0001 0.0001 10.0000 0.0000 0.0000 0.0000 0.0000 0.0000 0.0000 0.0000 0.0000 0.0000 0.0000 0.0000 -90.0000 -89.9999 0.0000 0.0000 0.0001 0.0000 0.0001 0.0000 0.0000 0.0000 0.0001 -0.0001 -20.0000 0.0000 0.0001 20.0000 -0.0003 0.0000 -0.0001 0.0000 0.0000 0.0000 0.0000 0.0000 0.0000 0.0000 -0.0001 -9.9999 -0.0002 0.0001 9.9999 0.0000 0.0000 0.0000 0.0000 0.0000 0.0000 0.0000 0.0000 0.0000 -0.0001 0.0000 0.0000 0.0000 0.0000 0.0000 0.0000 0.0001 0.0000 0.0001 0.0000 0.0000 0.0000 0.0000 0.0000 0.0000 0.0000 10.0001 -0.0001 0.0000 -10.0001 0.0000 0.0000 0.0000 0.0000 0.0000 0.0000 0.0002 0.0000 0.0000 -40.8933 20.7047 22.2076 4.1067 -20.7047 -22.2077 0.0000 0.0000 0.0000 0.0000 0.0004 0.0000 90.0000 0.0000 0.0000 0.0000 0.0000 0.0000 -270.0000 90.0000 0.0000 0.0000 0.0000 0.0000 0.0000 0.0000 0.0000 -90.0000 0.0000 0.0000 0.0000 -0.0001 0.0000 270.0002 90.0000 0.0000 0.0000 0.0000 0.0000 0.0000 0.0000 0.0000
0.0000 94.0000 0.0000 0.0000 0.0000 0.0000 0.0000 0.0001 180.0000 0.0000 0.0000 0.0000 0.0000 0.0000 0.0000 0.0000 0.0000 0.0000 0.0000 0.0000 0.0000 0.0000 0.0000 0.0000 0.0000 0.0000 0.0000 0.0000 0.0000 90.0001 89.9999 0.0000 0.0000 0.0000 0.0000 0.0001 0.0000 0.0000 0.0000 40.8933 20.7046 -22.2077 -4.1067 -20.7048 22.2077 0.0000 0.0000 0.0000 0.0000 0.0003 0.0000 -0.0001 -0.0001 20.0000 0.0000 0.0001 -20.0000 0.0000 0.0000 0.0000 0.0000 0.0000 0.0000 0.0000 0.0000 0.0000 0.0000 -0.0001 10.0000 -0.0001 0.0000 -10.0000 0.0000 0.0000 0.0000 0.0000 0.0000 0.0000 0.0000 0.0000 0.0000 0.0000 -0.0001 -0.0001 -0.0001 0.0001 0.0000 0.0000 0.0000 0.0000 0.0000 0.0000 0.0000 0.0000 0.0000 0.0000 0.0000 -0.0001 -10.0001 -0.0001 0.0001 10.0000 0.0000 0.0000 0.0000 0.0000 0.0000 0.0000 0.0000 0.0000 0.0000 0.0000 0.0000 -90.0000 -89.9999 0.0000 0.0000 0.0001 0.0000 0.0001 0.0000 0.0000 0.0000 0.0001 -0.0001 -20.0000 0.0000 0.0001 20.0000 -0.0003 0.0000 -0.0001 0.0000 0.0000 0.0000 0.0000 0.0000 0.0000 0.0000 -0.0001 -9.9999 -0.0002 0.0001 9.9999 0.0000 0.0000 0.0000 0.0000 0.0000 0.0000 0.0000 0.0000 0.0000 -0.0001 0.0000 0.0000 0.0000 0.0000 0.0000 0.0000 0.0001 0.0000 0.0001 0.0000 0.0000 0.0000 0.0000 0.0000 0.0000 0.0000 10.0001 -0.0001 0.0000 -10.0001 0.0000 0.0000 0.0000 0.0000 0.0000 0.0000 0.0002 0.0000 0.0000 -40.8933 20.7047 22.2076 4.1067 -20.7047 -22.2077 0.0000 0.0000 0.0000 0.0000 0.0004 0.0000 90.0000 0.0000 0.0000 0.0000 0.0000 0.0000 -270.0000 90.0000 0.0000 0.0000 0.0000 0.0000 0.0000 0.0000 0.0000 -90.0000 0.0000 0.0000 0.0000 -0.0001 0.0000 270.0002 90.0000 0.0000 0.0000 0.0000 0.0000 0.0000 0.0000 0.0000 
0.0000 94.0000 0.0000 0.0000 0.0000 0.0000 0.0000 0.0001 180.0000 0.0000 0.0000 0.0000 0.0000 0.0000 0.0000 0.0000 0.0000 0.0000 0.0000 0.0000 0.0000 0.0000 0.0000 0.0000 0.0000 0.0000 0.0000 0.0000 0.0000 90.0001 89.9999 0.0000 0.0000 0.0000 0.0000 0.0001 0.0000 0.0000 0.0000 40.8933 20.7046 -22.2077 -4.1067 -20.7048 22.2077 0.0000 0.0000 0.0000 0.0000 0.0003 0.0000 -0.0001 -0.0001 20.0000 0.0000 0.0001 -20.0000 0.0000 0.0000 0.0000 0.0000 0.0000 0.0000 0.0000 0.0000 0.0000 0.0000 -0.0001 10.0000 -0.0001 0.0000 -10.0000 0.0000 0.0000 0.0000 0.0000 0.0000 0.0000 0.0000 0.0000 0.0000 0.0000 -0.0001 -0.0001 -0.0001 0.0001 0.0000 0.0000 0.0000 0.0000 0.0000 0.0000 0.0000 0.0000 0.0000 0.0000 0.0000 -0.0001 -10.0001 -0.0001 0.0001 10.0000 0.0000 0.0000 0.0000 0.0000 0.0000 0.0000 0.0000 0.0000 0.0000 0.0000 0.0000 -90.0000 -89.9999 0.0000 0.0000 0.0001 0.0000 0.0001 0.0000 0.0000 0.0000 0.0001 -0.0001 -20.0000 0.0000 0.0001 20.0000 -0.0003 0.0000 -0.0001 0.0000 0.0000 0.0000 0.0000 0.0000 0.0000 0.0000 -0.0001 -9.9999 -0.0002 0.0001 9.9999 0.0000 0.0000 0.0000 0.0000 0.0000 0.0000 0.0000 0.0000 0.0000 -0.0001 0.0000 0.0000 0.0000 0.0000 0.0000 0.0000 0.0001 0.0000 0.0001 0.0000 0.0000 0.0000 0.0000 0.0000 0.0000 0.0000 10.0001 -0.0001 0.0000 -10.0001 0.0000 0.0000 0.0000 0.0000 0.0000 0.0000 0.0002 0.0000 0.0000 -40.8933 20.7047 22.2076 4.1067 -20.7047 -22.2077 0.0000 0.0000 0.0000 0.0000 0.0004 0.0000 90.0000 0.0000 0.0000 0.0000 0.0000 0.0000 -270.0000 90.0000 0.0000 0.0000 0.0000 0.0000 0.0000 0.0000 0.0000 -90.0000 0.0000 0.0000 0.0000 -0.0001 0.0000 270.0002 90.0000 0.0000 0.0000 0.0000 0.0000 0.0000 0.0000 0.0000 
0.0000 94.0000 0.0000 0.0000 0.0000 0.0000 0.0000 0.0001 180.0000 0.0000 0.0000 0.0000 0.0000 0.0000 0.0000 0.0000 0.0000 0.0000 0.0000 0.0000 0.0000 0.0000 0.0000 0.0000 0.0000 0.0000 0.0000 0.0000 0.0000 90.0001 89.9999 0.0000 0.0000 0.0000 0.0000 0.0001 0.0000 0.0000 0.0000 40.8933 20.7046 -22.2077 -4.1067 -20.7048 22.2077 0.0000 0.0000 0.0000 0.0000 0.0003 0.0000 -0.0001 -0.0001 20.0000 0.0000 0.0001 -20.0000 0.0000 0.0000 0.0000 0.0000 0.0000 0.0000 0.0000 0.0000 0.0000 0.0000 -0.0001 10.0000 -0.0001 0.0000 -10.0000 0.0000 0.0000 0.0000 0.0000 0.0000 0.0000 0.0000 0.0000 0.0000 0.0000 -0.0001 -0.0001 -0.0001 0.0001 0.0000 0.0000 0.0000 0.0000 0.0000 0.0000 0.0000 0.0000 0.0000 0.0000 0.0000 -0.0001 -10.0001 -0.0001 0.0001 10.0000 0.0000 0.0000 0.0000 0.0000 0.0000 0.0000 0.0000 0.0000 0.0000 0.0000 0.0000 -90.0000 -89.9999 0.0000 0.0000 0.0001 0.0000 0.0001 0.0000 0.0000 0.0000 0.0001 -0.0001 -20.0000 0.0000 0.0001 20.0000 -0.0003 0.0000 -0.0001 0.0000 0.0000 0.0000 0.0000 0.0000 0.0000 0.0000 -0.0001 -9.9999 -0.0002 0.0001 9.9999 0.0000 0.0000 0.0000 0.0000 0.0000 0.0000 0.0000 0.0000 0.0000 -0.0001 0.0000 0.0000 0.0000 0.0000 0.0000 0.0000 0.0001 0.0000 0.0001 0.0000 0.0000 0.0000 0.0000 0.0000 0.0000 0.0000 10.0001 -0.0001 0.0000 -10.0001 0.0000 0.0000 0.0000 0.0000 0.0000 0.0000 0.0002 0.0000 0.0000 -40.8933 20.7047 22.2076 4.1067 -20.7047 -22.2077 0.0000 0.0000 0.0000 0.0000 0.0004 0.0000 90.0000 0.0000 0.0000 0.0000 0.0000 0.0000 -270.0000 90.0000 0.0000 0.0000 0.0000 0.0000 0.0000 0.0000 0.0000 -90.0000 0.0000 0.0000 0.0000 -0.0001 0.0000 270.0002 90.0000 0.0000 0.0000 0.0000 0.0000 0.0000 0.0000 0.0000 
0.0000 94.0000 0.0000 0.0000 0.0000 0.0000 0.0000 0.0001 180.0000 0.0000 0.0000 0.0000 0.0000 0.0000 0.0000 0.0000 0.0000 0.0000 0.0000 0.0000 0.0000 0.0000 0.0000 0.0000 0.0000 0.0000 0.0000 0.0000 0.0000 90.0001 89.9999 0.0000 0.0000 0.0000 0.0000 0.0001 0.0000 0.0000 0.0000 40.8933 20.7046 -22.2077 -4.1067 -20.7048 22.2077 0.0000 0.0000 0.0000 0.0000 0.0003 0.0000 -0.0001 -0.0001 20.0000 0.0000 0.0001 -20.0000 0.0000 0.0000 0.0000 0.0000 0.0000 0.0000 0.0000 0.0000 0.0000 0.0000 -0.0001 10.0000 -0.0001 0.0000 -10.0000 0.0000 0.0000 0.0000 0.0000 0.0000 0.0000 0.0000 0.0000 0.0000 0.0000 -0.0001 -0.0001 -0.0001 0.0001 0.0000 0.0000 0.0000 0.0000 0.0000 0.0000 0.0000 0.0000 0.0000 0.0000 0.0000 -0.0001 -10.0001 -0.0001 0.0001 10.0000 0.0000 0.0000 0.0000 0.0000 0.0000 0.0000 0.0000 0.0000 0.0000 0.0000 0.0000 -90.0000 -89.9999 0.0000 0.0000 0.0001 0.0000 0.0001 0.0000 0.0000 0.0000 0.0001 -0.0001 -20.0000 0.0000 0.0001 20.0000 -0.0003 0.0000 -0.0001 0.0000 0.0000 0.0000 0.0000 0.0000 0.0000 0.0000 -0.0001 -9.9999 -0.0002 0.0001 9.9999 0.0000 0.0000 0.0000 0.0000 0.0000 0.0000 0.0000 0.0000 0.0000 -0.0001 0.0000 0.0000 0.0000 0.0000 0.0000 0.0000 0.0001 0.0000 0.0001 0.0000 0.0000 0.0000 0.0000 0.0000 0.0000 0.0000 10.0001 -0.0001 0.0000 -10.0001 0.0000 0.0000 0.0000 0.0000 0.0000 0.0000 0.0002 0.0000 0.0000 -40.8933 20.7047 22.2076 4.1067 -20.7047 -22.2077 0.0000 0.0000 0.0000 0.0000 0.0004 0.0000 90.0000 0.0000 0.0000 0.0000 0.0000 0.0000 -270.0000 90.0000 0.0000 0.0000 0.0000 0.0000 0.0000 0.0000 0.0000 -90.0000 0.0000 0.0000 0.0000 -0.0001 0.0000 270.0002 90.0000 0.0000 0.0000 0.0000 0.0000 0.0000 0.0000 0.0000 
0.0000 94.0000 0.0000 0.0000 0.0000 0.0000 0.0000 0.0001 180.0000 0.0000 0.0000 0.0000 0.0000 0.0000 0.0000 0.0000 0.0000 0.0000 0.0000 0.0000 0.0000 0.0000 0.0000 0.0000 0.0000 0.0000 0.0000 0.0000 0.0000 90.0001 89.9999 0.0000 0.0000 0.0000 0.0000 0.0001 0.0000 0.0000 0.0000 40.8933 20.7046 -22.2077 -4.1067 -20.7048 22.2077 0.0000 0.0000 0.0000 0.0000 0.0003 0.0000 -0.0001 -0.0001 20.0000 0.0000 0.0001 -20.0000 0.0000 0.0000 0.0000 0.0000 0.0000 0.0000 0.0000 0.0000 0.0000 0.0000 -0.0001 10.0000 -0.0001 0.0000 -10.0000 0.0000 0.0000 0.0000 0.0000 0.0000 0.0000 0.0000 0.0000 0.0000 0.0000 -0.0001 -0.0001 -0.0001 0.0001 0.0000 0.0000 0.0000 0.0000 0.0000 0.0000 0.0000 0.0000 0.0000 0.0000 0.0000 -0.0001 -10.0001 -0.0001 0.0001 10.0000 0.0000 0.0000 0.0000 0.0000 0.0000 0.0000 0.0000 0.0000 0.0000 0.0000 0.0000 -90.0000 -89.9999 0.0000 0.0000 0.0001 0.0000 0.0001 0.0000 0.0000 0.0000 0.0001 -0.0001 -20.0000 0.0000 0.0001 20.0000 -0.0003 0.0000 -0.0001 0.0000 0.0000 0.0000 0.0000 0.0000 0.0000 0.0000 -0.0001 -9.9999 -0.0002 0.0001 9.9999 0.0000 0.0000 0.0000 0.0000 0.0000 0.0000 0.0000 0.0000 0.0000 -0.0001 0.0000 0.0000 0.0000 0.0000 0.0000 0.0000 0.0001 0.0000 0.0001 0.0000 0.0000 0.0000 0.0000 0.0000 0.0000 0.0000 10.0001 -0.0001 0.0000 -10.0001 0.0000 0.0000 0.0000 0.0000 0.0000 0.0000 0.0002 0.0000 0.0000 -40.8933 20.7047 22.2076 4.1067 -20.7047 -22.2077 0.0000 0.0000 0.0000 0.0000 0.0004 0.0000 90.0000 0.0000 0.0000 0.0000 0.0000 0.0000 -270.0000 90.0000 0.0000 0.0000 0.0000 0.0000 0.0000 0.0000 0.0000 -90.0000 0.0000 0.0000 0.0000 -0.0001 0.0000 270.0002 90.0000 0.0000 0.0000 0.0000 0.0000 0.0000 0.0000 0.0000 
0.0000 94.0000 0.0000 0.0000 0.0000 0.0000 0.0000 0.0001 180.0000 0.0000 0.0000 0.0000 0.0000 0.0000 0.0000 0.0000 0.0000 0.0000 0.0000 0.0000 0.0000 0.0000 0.0000 0.0000 0.0000 0.0000 0.0000 0.0000 0.0000 90.0001 89.9999 0.0000 0.0000 0.0000 0.0000 0.0001 0.0000 0.0000 0.0000 40.8933 20.7046 -22.2077 -4.1067 -20.7048 22.2077 0.0000 0.0000 0.0000 0.0000 0.0003 0.0000 -0.0001 -0.0001 20.0000 0.0000 0.0001 -20.0000 0.0000 0.0000 0.0000 0.0000 0.0000 0.0000 0.0000 0.0000 0.0000 0.0000 -0.0001 10.0000 -0.0001 0.0000 -10.0000 0.0000 0.0000 0.0000 0.0000 0.0000 0.0000 0.0000 0.0000 0.0000 0.0000 -0.0001 -0.0001 -0.0001 0.0001 0.0000 0.0000 0.0000 0.0000 0.0000 0.0000 0.0000 0.0000 0.0000 0.0000 0.0000 -0.0001 -10.0001 -0.0001 0.0001 10.0000 0.0000 0.0000 0.0000 0.0000 0.0000 0.0000 0.0000 0.0000 0.0000 0.0000 0.0000 -90.0000 -89.9999 0.0000 0.0000 0.0001 0.0000 0.0001 0.0000 0.0000 0.0000 0.0001 -0.0001 -20.0000 0.0000 0.0001 20.0000 -0.0003 0.0000 -0.0001 0.0000 0.0000 0.0000 0.0000 0.0000 0.0000 0.0000 -0.0001 -9.9999 -0.0002 0.0001 9.9999 0.0000 0.0000 0.0000 0.0000 0.0000 0.0000 0.0000 0.0000 0.0000 -0.0001 0.0000 0.0000 0.0000 0.0000 0.0000 0.0000 0.0001 0.0000 0.0001 0.0000 0.0000 0.0000 0.0000 0.0000 0.0000 0.0000 10.0001 -0.0001 0.0000 -10.0001 0.0000 0.0000 0.0000 0.0000 0.0000 0.0000 0.0002 0.0000 0.0000 -40.8933 20.7047 22.2076 4.1067 -20.7047 -22.2077 0.0000 0.0000 0.0000 0.0000 0.0004 0.0000 90.0000 0.0000 0.0000 0.0000 0.0000 0.0000 -270.0000 90.0000 0.0000 0.0000 0.0000 0.0000 0.0000 0.0000 0.0000 -90.0000 0.0000 0.0000 0.0000 -0.0001 0.0000 270.0002 90.0000 0.0000 0.0000 0.0000 0.0000 0.0000 0.0000 0.0000 
0.0000 94.0000 0.0000 0.0000 0.0000 0.0000 0.0000 0.0001 180.0000 0.0000 0.0000 0.0000 0.0000 0.0000 0.0000 0.0000 0.0000 0.0000 0.0000 0.0000 0.0000 0.0000 0.0000 0.0000 0.0000 0.0000 0.0000 0.0000 0.0000 90.0001 89.9999 0.0000 0.0000 0.0000 0.0000 0.0001 0.0000 0.0000 0.0000 40.8933 20.7046 -22.2077 -4.1067 -20.7048 22.2077 0.0000 0.0000 0.0000 0.0000 0.0003 0.0000 -0.0001 -0.0001 20.0000 0.0000 0.0001 -20.0000 0.0000 0.0000 0.0000 0.0000 0.0000 0.0000 0.0000 0.0000 0.0000 0.0000 -0.0001 10.0000 -0.0001 0.0000 -10.0000 0.0000 0.0000 0.0000 0.0000 0.0000 0.0000 0.0000 0.0000 0.0000 0.0000 -0.0001 -0.0001 -0.0001 0.0001 0.0000 0.0000 0.0000 0.0000 0.0000 0.0000 0.0000 0.0000 0.0000 0.0000 0.0000 -0.0001 -10.0001 -0.0001 0.0001 10.0000 0.0000 0.0000 0.0000 0.0000 0.0000 0.0000 0.0000 0.0000 0.0000 0.0000 0.0000 -90.0000 -89.9999 0.0000 0.0000 0.0001 0.0000 0.0001 0.0000 0.0000 0.0000 0.0001 -0.0001 -20.0000 0.0000 0.0001 20.0000 -0.0003 0.0000 -0.0001 0.0000 0.0000 0.0000 0.0000 0.0000 0.0000 0.0000 -0.0001 -9.9999 -0.0002 0.0001 9.9999 0.0000 0.0000 0.0000 0.0000 0.0000 0.0000 0.0000 0.0000 0.0000 -0.0001 0.0000 0.0000 0.0000 0.0000 0.0000 0.0000 0.0001 0.0000 0.0001 0.0000 0.0000 0.0000 0.0000 0.0000 0.0000 0.0000 10.0001 -0.0001 0.0000 -10.0001 0.0000 0.0000 0.0000 0.0000 0.0000 0.0000 0.0002 0.0000 0.0000 -40.8933 20.7047 22.2076 4.1067 -20.7047 -22.2077 0.0000 0.0000 0.0000 0.0000 0.0004 0.0000 90.0000 0.0000 0.0000 0.0000 0.0000 0.0000 -270.0000 90.0000 0.0000 0.0000 0.0000 0.0000 0.0000 0.0000 0.0000 -90.0000 0.0000 0.0000 0.0000 -0.0001 0.0000 270.0002 90.0000 0.0000 0.0000 0.0000 0.0000 0.0000 0.0000 0.0000 
0.0000 94.0000 0.0000 0.0000 0.0000 0.0000 0.0000 0.0001 180.0000 0.0000 0.0000 0.0000 0.0000 0.0000 0.0000 0.0000 0.0000 0.0000 0.0000 0.0000 0.0000 0.0000 0.0000 0.0000 0.0000 0.0000 0.0000 0.0000 0.0000 90.0001 89.9999 0.0000 0.0000 0.0000 0.0000 0.0001 0.0000 0.0000 0.0000 40.8933 20.7046 -22.2077 -4.1067 -20.7048 22.2077 0.0000 0.0000 0.0000 0.0000 0.0003 0.0000 -0.0001 -0.0001 20.0000 0.0000 0.0001 -20.0000 0.0000 0.0000 0.0000 0.0000 0.0000 0.0000 0.0000 0.0000 0.0000 0.0000 -0.0001 10.0000 -0.0001 0.0000 -10.0000 0.0000 0.0000 0.0000 0.0000 0.0000 0.0000 0.0000 0.0000 0.0000 0.0000 -0.0001 -0.0001 -0.0001 0.0001 0.0000 0.0000 0.0000 0.0000 0.0000 0.0000 0.0000 0.0000 0.0000 0.0000 0.0000 -0.0001 -10.0001 -0.0001 0.0001 10.0000 0.0000 0.0000 0.0000 0.0000 0.0000 0.0000 0.0000 0.0000 0.0000 0.0000 0.0000 -90.0000 -89.9999 0.0000 0.0000 0.0001 0.0000 0.0001 0.0000 0.0000 0.0000 0.0001 -0.0001 -20.0000 0.0000 0.0001 20.0000 -0.0003 0.0000 -0.0001 0.0000 0.0000 0.0000 0.0000 0.0000 0.0000 0.0000 -0.0001 -9.9999 -0.0002 0.0001 9.9999 0.0000 0.0000 0.0000 0.0000 0.0000 0.0000 0.0000 0.0000 0.0000 -0.0001 0.0000 0.0000 0.0000 0.0000 0.0000 0.0000 0.0001 0.0000 0.0001 0.0000 0.0000 0.0000 0.0000 0.0000 0.0000 0.0000 10.0001 -0.0001 0.0000 -10.0001 0.0000 0.0000 0.0000 0.0000 0.0000 0.0000 0.0002 0.0000 0.0000 -40.8933 20.7047 22.2076 4.1067 -20.7047 -22.2077 0.0000 0.0000 0.0000 0.0000 0.0004 0.0000 90.0000 0.0000 0.0000 0.0000 0.0000 0.0000 -270.0000 90.0000 0.0000 0.0000 0.0000 0.0000 0.0000 0.0000 0.0000 -90.0000 0.0000 0.0000 0.0000 -0.0001 0.0000 270.0002 90.0000 0.0000 0.0000 0.0000 0.0000 0.0000 0.0000 0.0000 
0.0000 94.0000 0.0000 0.0000 0.0000 0.0000 0.0000 0.0001 180.0000 0.0000 0.0000 0.0000 0.0000 0.0000 0.0000 0.0000 0.0000 0.0000 0.0000 0.0000 0.0000 0.0000 0.0000 0.0000 0.0000 0.0000 0.0000 0.0000 0.0000 90.0001 89.9999 0.0000 0.0000 0.0000 0.0000 0.0001 0.0000 0.0000 0.0000 40.8933 20.7046 -22.2077 -4.1067 -20.7048 22.2077 0.0000 0.0000 0.0000 0.0000 0.0003 0.0000 -0.0001 -0.0001 20.0000 0.0000 0.0001 -20.0000 0.0000 0.0000 0.0000 0.0000 0.0000 0.0000 0.0000 0.0000 0.0000 0.0000 -0.0001 10.0000 -0.0001 0.0000 -10.0000 0.0000 0.0000 0.0000 0.0000 0.0000 0.0000 0.0000 0.0000 0.0000 0.0000 -0.0001 -0.0001 -0.0001 0.0001 0.0000 0.0000 0.0000 0.0000 0.0000 0.0000 0.0000 0.0000 0.0000 0.0000 0.0000 -0.0001 -10.0001 -0.0001 0.0001 10.0000 0.0000 0.0000 0.0000 0.0000 0.0000 0.0000 0.0000 0.0000 0.0000 0.0000 0.0000 -90.0000 -89.9999 0.0000 0.0000 0.0001 0.0000 0.0001 0.0000 0.0000 0.0000 0.0001 -0.0001 -20.0000 0.0000 0.0001 20.0000 -0.0003 0.0000 -0.0001 0.0000 0.0000 0.0000 0.0000 0.0000 0.0000 0.0000 -0.0001 -9.9999 -0.0002 0.0001 9.9999 0.0000 0.0000 0.0000 0.0000 0.0000 0.0000 0.0000 0.0000 0.0000 -0.0001 0.0000 0.0000 0.0000 0.0000 0.0000 0.0000 0.0001 0.0000 0.0001 0.0000 0.0000 0.0000 0.0000 0.0000 0.0000 0.0000 10.0001 -0.0001 0.0000 -10.0001 0.0000 0.0000 0.0000 0.0000 0.0000 0.0000 0.0002 0.0000 0.0000 -40.8933 20.7047 22.2076 4.1067 -20.7047 -22.2077 0.0000 0.0000 0.0000 0.0000 0.0004 0.0000 90.0000 0.0000 0.0000 0.0000 0.0000 0.0000 -270.0000 90.0000 0.0000 0.0000 0.0000 0.0000 0.0000 0.0000 0.0000 -90.0000 0.0000 0.0000 0.0000 -0.0001 0.0000 270.0002 90.0000 0.0000 0.0000 0.0000 0.0000 0.0000 0.0000 0.0000 
0.0000 94.0000 0.0000 0.0000 0.0000 0.0000 0.0000 0.0001 180.0000 0.0000 0.0000 0.0000 0.0000 0.0000 0.0000 0.0000 0.0000 0.0000 0.0000 0.0000 0.0000 0.0000 0.0000 0.0000 0.0000 0.0000 0.0000 0.0000 0.0000 90.0001 89.9999 0.0000 0.0000 0.0000 0.0000 0.0001 0.0000 0.0000 0.0000 40.8933 20.7046 -22.2077 -4.1067 -20.7048 22.2077 0.0000 0.0000 0.0000 0.0000 0.0003 0.0000 -0.0001 -0.0001 20.0000 0.0000 0.0001 -20.0000 0.0000 0.0000 0.0000 0.0000 0.0000 0.0000 0.0000 0.0000 0.0000 0.0000 -0.0001 10.0000 -0.0001 0.0000 -10.0000 0.0000 0.0000 0.0000 0.0000 0.0000 0.0000 0.0000 0.0000 0.0000 0.0000 -0.0001 -0.0001 -0.0001 0.0001 0.0000 0.0000 0.0000 0.0000 0.0000 0.0000 0.0000 0.0000 0.0000 0.0000 0.0000 -0.0001 -10.0001 -0.0001 0.0001 10.0000 0.0000 0.0000 0.0000 0.0000 0.0000 0.0000 0.0000 0.0000 0.0000 0.0000 0.0000 -90.0000 -89.9999 0.0000 0.0000 0.0001 0.0000 0.0001 0.0000 0.0000 0.0000 0.0001 -0.0001 -20.0000 0.0000 0.0001 20.0000 -0.0003 0.0000 -0.0001 0.0000 0.0000 0.0000 0.0000 0.0000 0.0000 0.0000 -0.0001 -9.9999 -0.0002 0.0001 9.9999 0.0000 0.0000 0.0000 0.0000 0.0000 0.0000 0.0000 0.0000 0.0000 -0.0001 0.0000 0.0000 0.0000 0.0000 0.0000 0.0000 0.0001 0.0000 0.0001 0.0000 0.0000 0.0000 0.0000 0.0000 0.0000 0.0000 10.0001 -0.0001 0.0000 -10.0001 0.0000 0.0000 0.0000 0.0000 0.0000 0.0000 0.0002 0.0000 0.0000 -40.8933 20.7047 22.2076 4.1067 -20.7047 -22.2077 0.0000 0.0000 0.0000 0.0000 0.0004 0.0000 90.0000 0.0000 0.0000 0.0000 0.0000 0.0000 -270.0000 90.0000 0.0000 0.0000 0.0000 0.0000 0.0000 0.0000 0.0000 -90.0000 0.0000 0.0000 0.0000 -0.0001 0.0000 270.0002 90.0000 0.0000 0.0000 0.0000 0.0000 0.0000 0.0000 0.0000
0.0000 94.0000 0.0000 0.0000 0.0000 0.0000 0.0000 0.0001 180.0000 0.0000 0.0000 0.0000 0.0000 0.0000 0.0000 0.0000 0.0000 0.0000 0.0000 0.0000 0.0000 0.0000 0.0000 0.0000 0.0000 0.0000 0.0000 0.0000 0.0000 90.0001 89.9999 0.0000 0.0000 0.0000 0.0000 0.0001 0.0000 0.0000 0.0000 40.8933 20.7046 -22.2077 -4.1067 -20.7048 22.2077 0.0000 0.0000 0.0000 0.0000 0.0003 0.0000 -0.0001 -0.0001 20.0000 0.0000 0.0001 -20.0000 0.0000 0.0000 0.0000 0.0000 0.0000 0.0000 0.0000 0.0000 0.0000 0.0000 -0.0001 10.0000 -0.0001 0.0000 -10.0000 0.0000 0.0000 0.0000 0.0000 0.0000 0.0000 0.0000 0.0000 0.0000 0.0000 -0.0001 -0.0001 -0.0001 0.0001 0.0000 0.0000 0.0000 0.0000 0.0000 0.0000 0.0000 0.0000 0.0000 0.0000 0.0000 -0.0001 -10.0001 -0.0001 0.0001 10.0000 0.0000 0.0000 0.0000 0.0000 0.0000 0.0000 0.0000 0.0000 0.0000 0.0000 0.0000 -90.0000 -89.9999 0.0000 0.0000 0.0001 0.0000 0.0001 0.0000 0.0000 0.0000 0.0001 -0.0001 -20.0000 0.0000 0.0001 20.0000 -0.0003 0.0000 -0.0001 0.0000 0.0000 0.0000 0.0000 0.0000 0.0000 0.0000 -0.0001 -9.9999 -0.0002 0.0001 9.9999 0.0000 0.0000 0.0000 0.0000 0.0000 0.0000 0.0000 0.0000 0.0000 -0.0001 0.0000 0.0000 0.0000 0.0000 0.0000 0.0000 0.0001 0.0000 0.0001 0.0000 0.0000 0.0000 0.0000 0.0000 0.0000 0.0000 10.0001 -0.0001 0.0000 -10.0001 0.0000 0.0000 0.0000 0.0000 0.0000 0.0000 0.0002 0.0000 0.0000 -40.8933 20.7047 22.2076 4.1067 -20.7047 -22.2077 0.0000 0.0000 0.0000 0.0000 0.0004 0.0000 90.0000 0.0000 0.0000 0.0000 0.0000 0.0000 -270.0000 90.0000 0.0000 0.0000 0.0000 0.0000 0.0000 0.0000 0.0000 -90.0000 0.0000 0.0000 0.0000 -0.0001 0.0000 270.0002 90.0000 0.0000 0.0000 0.0000 0.0000 0.0000 0.0000 0.0000 
0.0000 94.0000 0.0000 0.0000 0.0000 0.0000 0.0000 0.0001 180.0000 0.0000 0.0000 0.0000 0.0000 0.0000 0.0000 0.0000 0.0000 0.0000 0.0000 0.0000 0.0000 0.0000 0.0000 0.0000 0.0000 0.0000 0.0000 0.0000 0.0000 90.0001 89.9999 0.0000 0.0000 0.0000 0.0000 0.0001 0.0000 0.0000 0.0000 40.8933 20.7046 -22.2077 -4.1067 -20.7048 22.2077 0.0000 0.0000 0.0000 0.0000 0.0003 0.0000 -0.0001 -0.0001 20.0000 0.0000 0.0001 -20.0000 0.0000 0.0000 0.0000 0.0000 0.0000 0.0000 0.0000 0.0000 0.0000 0.0000 -0.0001 10.0000 -0.0001 0.0000 -10.0000 0.0000 0.0000 0.0000 0.0000 0.0000 0.0000 0.0000 0.0000 0.0000 0.0000 -0.0001 -0.0001 -0.0001 0.0001 0.0000 0.0000 0.0000 0.0000 0.0000 0.0000 0.0000 0.0000 0.0000 0.0000 0.0000 -0.0001 -10.0001 -0.0001 0.0001 10.0000 0.0000 0.0000 0.0000 0.0000 0.0000 0.0000 0.0000 0.0000 0.0000 0.0000 0.0000 -90.0000 -89.9999 0.0000 0.0000 0.0001 0.0000 0.0001 0.0000 0.0000 0.0000 0.0001 -0.0001 -20.0000 0.0000 0.0001 20.0000 -0.0003 0.0000 -0.0001 0.0000 0.0000 0.0000 0.0000 0.0000 0.0000 0.0000 -0.0001 -9.9999 -0.0002 0.0001 9.9999 0.0000 0.0000 0.0000 0.0000 0.0000 0.0000 0.0000 0.0000 0.0000 -0.0001 0.0000 0.0000 0.0000 0.0000 0.0000 0.0000 0.0001 0.0000 0.0001 0.0000 0.0000 0.0000 0.0000 0.0000 0.0000 0.0000 10.0001 -0.0001 0.0000 -10.0001 0.0000 0.0000 0.0000 0.0000 0.0000 0.0000 0.0002 0.0000 0.0000 -40.8933 20.7047 22.2076 4.1067 -20.7047 -22.2077 0.0000 0.0000 0.0000 0.0000 0.0004 0.0000 90.0000 0.0000 0.0000 0.0000 0.0000 0.0000 -270.0000 90.0000 0.0000 0.0000 0.0000 0.0000 0.0000 0.0000 0.0000 -90.0000 0.0000 0.0000 0.0000 -0.0001 0.0000 270.0002 90.0000 0.0000 0.0000 0.0000 0.0000 0.0000 0.0000 0.0000 
0.0000 94.0000 0.0000 0.0000 0.0000 0.0000 0.0000 0.0001 180.0000 0.0000 0.0000 0.0000 0.0000 0.0000 0.0000 0.0000 0.0000 0.0000 0.0000 0.0000 0.0000 0.0000 0.0000 0.0000 0.0000 0.0000 0.0000 0.0000 0.0000 90.0001 89.9999 0.0000 0.0000 0.0000 0.0000 0.0001 0.0000 0.0000 0.0000 40.8933 20.7046 -22.2077 -4.1067 -20.7048 22.2077 0.0000 0.0000 0.0000 0.0000 0.0003 0.0000 -0.0001 -0.0001 20.0000 0.0000 0.0001 -20.0000 0.0000 0.0000 0.0000 0.0000 0.0000 0.0000 0.0000 0.0000 0.0000 0.0000 -0.0001 10.0000 -0.0001 0.0000 -10.0000 0.0000 0.0000 0.0000 0.0000 0.0000 0.0000 0.0000 0.0000 0.0000 0.0000 -0.0001 -0.0001 -0.0001 0.0001 0.0000 0.0000 0.0000 0.0000 0.0000 0.0000 0.0000 0.0000 0.0000 0.0000 0.0000 -0.0001 -10.0001 -0.0001 0.0001 10.0000 0.0000 0.0000 0.0000 0.0000 0.0000 0.0000 0.0000 0.0000 0.0000 0.0000 0.0000 -90.0000 -89.9999 0.0000 0.0000 0.0001 0.0000 0.0001 0.0000 0.0000 0.0000 0.0001 -0.0001 -20.0000 0.0000 0.0001 20.0000 -0.0003 0.0000 -0.0001 0.0000 0.0000 0.0000 0.0000 0.0000 0.0000 0.0000 -0.0001 -9.9999 -0.0002 0.0001 9.9999 0.0000 0.0000 0.0000 0.0000 0.0000 0.0000 0.0000 0.0000 0.0000 -0.0001 0.0000 0.0000 0.0000 0.0000 0.0000 0.0000 0.0001 0.0000 0.0001 0.0000 0.0000 0.0000 0.0000 0.0000 0.0000 0.0000 10.0001 -0.0001 0.0000 -10.0001 0.0000 0.0000 0.0000 0.0000 0.0000 0.0000 0.0002 0.0000 0.0000 -40.8933 20.7047 22.2076 4.1067 -20.7047 -22.2077 0.0000 0.0000 0.0000 0.0000 0.0004 0.0000 90.0000 0.0000 0.0000 0.0000 0.0000 0.0000 -270.0000 90.0000 0.0000 0.0000 0.0000 0.0000 0.0000 0.0000 0.0000 -90.0000 0.0000 0.0000 0.0000 -0.0001 0.0000 270.0002 90.0000 0.0000 0.0000 0.0000 0.0000 0.0000 0.0000 0.0000 
0.0000 94.0000 0.0000 0.0000 0.0000 0.0000 0.0000 0.0001 180.0000 0.0000 0.0000 0.0000 0.0000 0.0000 0.0000 0.0000 0.0000 0.0000 0.0000 0.0000 0.0000 0.0000 0.0000 0.0000 0.0000 0.0000 0.0000 0.0000 0.0000 90.0001 89.9999 0.0000 0.0000 0.0000 0.0000 0.0001 0.0000 0.0000 0.0000 40.8933 20.7046 -22.2077 -4.1067 -20.7048 22.2077 0.0000 0.0000 0.0000 0.0000 0.0003 0.0000 -0.0001 -0.0001 20.0000 0.0000 0.0001 -20.0000 0.0000 0.0000 0.0000 0.0000 0.0000 0.0000 0.0000 0.0000 0.0000 0.0000 -0.0001 10.0000 -0.0001 0.0000 -10.0000 0.0000 0.0000 0.0000 0.0000 0.0000 0.0000 0.0000 0.0000 0.0000 0.0000 -0.0001 -0.0001 -0.0001 0.0001 0.0000 0.0000 0.0000 0.0000 0.0000 0.0000 0.0000 0.0000 0.0000 0.0000 0.0000 -0.0001 -10.0001 -0.0001 0.0001 10.0000 0.0000 0.0000 0.0000 0.0000 0.0000 0.0000 0.0000 0.0000 0.0000 0.0000 0.0000 -90.0000 -89.9999 0.0000 0.0000 0.0001 0.0000 0.0001 0.0000 0.0000 0.0000 0.0001 -0.0001 -20.0000 0.0000 0.0001 20.0000 -0.0003 0.0000 -0.0001 0.0000 0.0000 0.0000 0.0000 0.0000 0.0000 0.0000 -0.0001 -9.9999 -0.0002 0.0001 9.9999 0.0000 0.0000 0.0000 0.0000 0.0000 0.0000 0.0000 0.0000 0.0000 -0.0001 0.0000 0.0000 0.0000 0.0000 0.0000 0.0000 0.0001 0.0000 0.0001 0.0000 0.0000 0.0000 0.0000 0.0000 0.0000 0.0000 10.0001 -0.0001 0.0000 -10.0001 0.0000 0.0000 0.0000 0.0000 0.0000 0.0000 0.0002 0.0000 0.0000 -40.8933 20.7047 22.2076 4.1067 -20.7047 -22.2077 0.0000 0.0000 0.0000 0.0000 0.0004 0.0000 90.0000 0.0000 0.0000 0.0000 0.0000 0.0000 -270.0000 90.0000 0.0000 0.0000 0.0000 0.0000 0.0000 0.0000 0.0000 -90.0000 0.0000 0.0000 0.0000 -0.0001 0.0000 270.0002 90.0000 0.0000 0.0000 0.0000 0.0000 0.0000 0.0000 0.0000 
0.0000 94.0000 0.0000 0.0000 0.0000 0.0000 0.0000 0.0001 180.0000 0.0000 0.0000 0.0000 0.0000 0.0000 0.0000 0.0000 0.0000 0.0000 0.0000 0.0000 0.0000 0.0000 0.0000 0.0000 0.0000 0.0000 0.0000 0.0000 0.0000 90.0001 89.9999 0.0000 0.0000 0.0000 0.0000 0.0001 0.0000 0.0000 0.0000 40.8933 20.7046 -22.2077 -4.1067 -20.7048 22.2077 0.0000 0.0000 0.0000 0.0000 0.0003 0.0000 -0.0001 -0.0001 20.0000 0.0000 0.0001 -20.0000 0.0000 0.0000 0.0000 0.0000 0.0000 0.0000 0.0000 0.0000 0.0000 0.0000 -0.0001 10.0000 -0.0001 0.0000 -10.0000 0.0000 0.0000 0.0000 0.0000 0.0000 0.0000 0.0000 0.0000 0.0000 0.0000 -0.0001 -0.0001 -0.0001 0.0001 0.0000 0.0000 0.0000 0.0000 0.0000 0.0000 0.0000 0.0000 0.0000 0.0000 0.0000 -0.0001 -10.0001 -0.0001 0.0001 10.0000 0.0000 0.0000 0.0000 0.0000 0.0000 0.0000 0.0000 0.0000 0.0000 0.0000 0.0000 -90.0000 -89.9999 0.0000 0.0000 0.0001 0.0000 0.0001 0.0000 0.0000 0.0000 0.0001 -0.0001 -20.0000 0.0000 0.0001 20.0000 -0.0003 0.0000 -0.0001 0.0000 0.0000 0.0000 0.0000 0.0000 0.0000 0.0000 -0.0001 -9.9999 -0.0002 0.0001 9.9999 0.0000 0.0000 0.0000 0.0000 0.0000 0.0000 0.0000 0.0000 0.0000 -0.0001 0.0000 0.0000 0.0000 0.0000 0.0000 0.0000 0.0001 0.0000 0.0001 0.0000 0.0000 0.0000 0.0000 0.0000 0.0000 0.0000 10.0001 -0.0001 0.0000 -10.0001 0.0000 0.0000 0.0000 0.0000 0.0000 0.0000 0.0002 0.0000 0.0000 -40.8933 20.7047 22.2076 4.1067 -20.7047 -22.2077 0.0000 0.0000 0.0000 0.0000 0.0004 0.0000 90.0000 0.0000 0.0000 0.0000 0.0000 0.0000 -270.0000 90.0000 0.0000 0.0000 0.0000 0.0000 0.0000 0.0000 0.0000 -90.0000 0.0000 0.0000 0.0000 -0.0001 0.0000 270.0002 90.0000 0.0000 0.0000 0.0000 0.0000 0.0000 0.0000 0.0000 
0.0000 94.0000 0.0000 0.0000 0.0000 0.0000 0.0000 0.0001 180.0000 0.0000 0.0000 0.0000 0.0000 0.0000 0.0000 0.0000 0.0000 0.0000 0.0000 0.0000 0.0000 0.0000 0.0000 0.0000 0.0000 0.0000 0.0000 0.0000 0.0000 90.0001 89.9999 0.0000 0.0000 0.0000 0.0000 0.0001 0.0000 0.0000 0.0000 40.8933 20.7046 -22.2077 -4.1067 -20.7048 22.2077 0.0000 0.0000 0.0000 0.0000 0.0003 0.0000 -0.0001 -0.0001 20.0000 0.0000 0.0001 -20.0000 0.0000 0.0000 0.0000 0.0000 0.0000 0.0000 0.0000 0.0000 0.0000 0.0000 -0.0001 10.0000 -0.0001 0.0000 -10.0000 0.0000 0.0000 0.0000 0.0000 0.0000 0.0000 0.0000 0.0000 0.0000 0.0000 -0.0001 -0.0001 -0.0001 0.0001 0.0000 0.0000 0.0000 0.0000 0.0000 0.0000 0.0000 0.0000 0.0000 0.0000 0.0000 -0.0001 -10.0001 -0.0001 0.0001 10.0000 0.0000 0.0000 0.0000 0.0000 0.0000 0.0000 0.0000 0.0000 0.0000 0.0000 0.0000 -90.0000 -89.9999 0.0000 0.0000 0.0001 0.0000 0.0001 0.0000 0.0000 0.0000 0.0001 -0.0001 -20.0000 0.0000 0.0001 20.0000 -0.0003 0.0000 -0.0001 0.0000 0.0000 0.0000 0.0000 0.0000 0.0000 0.0000 -0.0001 -9.9999 -0.0002 0.0001 9.9999 0.0000 0.0000 0.0000 0.0000 0.0000 0.0000 0.0000 0.0000 0.0000 -0.0001 0.0000 0.0000 0.0000 0.0000 0.0000 0.0000 0.0001 0.0000 0.0001 0.0000 0.0000 0.0000 0.0000 0.0000 0.0000 0.0000 10.0001 -0.0001 0.0000 -10.0001 0.0000 0.0000 0.0000 0.0000 0.0000 0.0000 0.0002 0.0000 0.0000 -40.8933 20.7047 22.2076 4.1067 -20.7047 -22.2077 0.0000 0.0000 0.0000 0.0000 0.0004 0.0000 90.0000 0.0000 0.0000 0.0000 0.0000 0.0000 -270.0000 90.0000 0.0000 0.0000 0.0000 0.0000 0.0000 0.0000 0.0000 -90.0000 0.0000 0.0000 0.0000 -0.0001 0.0000 270.0002 90.0000 0.0000 0.0000 0.0000 0.0000 0.0000 0.0000 0.0000 
0.0000 94.0000 0.0000 0.0000 0.0000 0.0000 0.0000 0.0001 180.0000 0.0000 0.0000 0.0000 0.0000 0.0000 0.0000 0.0000 0.0000 0.0000 0.0000 0.0000 0.0000 0.0000 0.0000 0.0000 0.0000 0.0000 0.0000 0.0000 0.0000 90.0001 89.9999 0.0000 0.0000 0.0000 0.0000 0.0001 0.0000 0.0000 0.0000 40.8933 20.7046 -22.2077 -4.1067 -20.7048 22.2077 0.0000 0.0000 0.0000 0.0000 0.0003 0.0000 -0.0001 -0.0001 20.0000 0.0000 0.0001 -20.0000 0.0000 0.0000 0.0000 0.0000 0.0000 0.0000 0.0000 0.0000 0.0000 0.0000 -0.0001 10.0000 -0.0001 0.0000 -10.0000 0.0000 0.0000 0.0000 0.0000 0.0000 0.0000 0.0000 0.0000 0.0000 0.0000 -0.0001 -0.0001 -0.0001 0.0001 0.0000 0.0000 0.0000 0.0000 0.0000 0.0000 0.0000 0.0000 0.0000 0.0000 0.0000 -0.0001 -10.0001 -0.0001 0.0001 10.0000 0.0000 0.0000 0.0000 0.0000 0.0000 0.0000 0.0000 0.0000 0.0000 0.0000 0.0000 -90.0000 -89.9999 0.0000 0.0000 0.0001 0.0000 0.0001 0.0000 0.0000 0.0000 0.0001 -0.0001 -20.0000 0.0000 0.0001 20.0000 -0.0003 0.0000 -0.0001 0.0000 0.0000 0.0000 0.0000 0.0000 0.0000 0.0000 -0.0001 -9.9999 -0.0002 0.0001 9.9999 0.0000 0.0000 0.0000 0.0000 0.0000 0.0000 0.0000 0.0000 0.0000 -0.0001 0.0000 0.0000 0.0000 0.0000 0.0000 0.0000 0.0001 0.0000 0.0001 0.0000 0.0000 0.0000 0.0000 0.0000 0.0000 0.0000 10.0001 -0.0001 0.0000 -10.0001 0.0000 0.0000 0.0000 0.0000 0.0000 0.0000 0.0002 0.0000 0.0000 -40.8933 20.7047 22.2076 4.1067 -20.7047 -22.2077 0.0000 0.0000 0.0000 0.0000 0.0004 0.0000 90.0000 0.0000 0.0000 0.0000 0.0000 0.0000 -270.0000 90.0000 0.0000 0.0000 0.0000 0.0000 0.0000 0.0000 0.0000 -90.0000 0.0000 0.0000 0.0000 -0.0001 0.0000 270.0002 90.0000 0.0000 0.0000 0.0000 0.0000 0.0000 0.0000 0.0000 
0.0000 94.0000 0.0000 0.0000 0.0000 0.0000 0.0000 0.0001 180.0000 0.0000 0.0000 0.0000 0.0000 0.0000 0.0000 0.0000 0.0000 0.0000 0.0000 0.0000 0.0000 0.0000 0.0000 0.0000 0.0000 0.0000 0.0000 0.0000 0.0000 90.0001 89.9999 0.0000 0.0000 0.0000 0.0000 0.0001 0.0000 0.0000 0.0000 40.8933 20.7046 -22.2077 -4.1067 -20.7048 22.2077 0.0000 0.0000 0.0000 0.0000 0.0003 0.0000 -0.0001 -0.0001 20.0000 0.0000 0.0001 -20.0000 0.0000 0.0000 0.0000 0.0000 0.0000 0.0000 0.0000 0.0000 0.0000 0.0000 -0.0001 10.0000 -0.0001 0.0000 -10.0000 0.0000 0.0000 0.0000 0.0000 0.0000 0.0000 0.0000 0.0000 0.0000 0.0000 -0.0001 -0.0001 -0.0001 0.0001 0.0000 0.0000 0.0000 0.0000 0.0000 0.0000 0.0000 0.0000 0.0000 0.0000 0.0000 -0.0001 -10.0001 -0.0001 0.0001 10.0000 0.0000 0.0000 0.0000 0.0000 0.0000 0.0000 0.0000 0.0000 0.0000 0.0000 0.0000 -90.0000 -89.9999 0.0000 0.0000 0.0001 0.0000 0.0001 0.0000 0.0000 0.0000 0.0001 -0.0001 -20.0000 0.0000 0.0001 20.0000 -0.0003 0.0000 -0.0001 0.0000 0.0000 0.0000 0.0000 0.0000 0.0000 0.0000 -0.0001 -9.9999 -0.0002 0.0001 9.9999 0.0000 0.0000 0.0000 0.0000 0.0000 0.0000 0.0000 0.0000 0.0000 -0.0001 0.0000 0.0000 0.0000 0.0000 0.0000 0.0000 0.0001 0.0000 0.0001 0.0000 0.0000 0.0000 0.0000 0.0000 0.0000 0.0000 10.0001 -0.0001 0.0000 -10.0001 0.0000 0.0000 0.0000 0.0000 0.0000 0.0000 0.0002 0.0000 0.0000 -40.8933 20.7047 22.2076 4.1067 -20.7047 -22.2077 0.0000 0.0000 0.0000 0.0000 0.0004 0.0000 90.0000 0.0000 0.0000 0.0000 0.0000 0.0000 -270.0000 90.0000 0.0000 0.0000 0.0000 0.0000 0.0000 0.0000 0.0000 -90.0000 0.0000 0.0000 0.0000 -0.0001 0.0000 270.0002 90.0000 0.0000 0.0000 0.0000 0.0000 0.0000 0.0000 0.0000 
0.0000 94.0000 0.0000 0.0000 0.0000 0.0000 0.0000 0.0001 180.0000 0.0000 0.0000 0.0000 0.0000 0.0000 0.0000 0.0000 0.0000 0.0000 0.0000 0.0000 0.0000 0.0000 0.0000 0.0000 0.0000 0.0000 0.0000 0.0000 0.0000 90.0001 89.9999 0.0000 0.0000 0.0000 0.0000 0.0001 0.0000 0.0000 0.0000 40.8933 20.7046 -22.2077 -4.1067 -20.7048 22.2077 0.0000 0.0000 0.0000 0.0000 0.0003 0.0000 -0.0001 -0.0001 20.0000 0.0000 0.0001 -20.0000 0.0000 0.0000 0.0000 0.0000 0.0000 0.0000 0.0000 0.0000 0.0000 0.0000 -0.0001 10.0000 -0.0001 0.0000 -10.0000 0.0000 0.0000 0.0000 0.0000 0.0000 0.0000 0.0000 0.0000 0.0000 0.0000 -0.0001 -0.0001 -0.0001 0.0001 0.0000 0.0000 0.0000 0.0000 0.0000 0.0000 0.0000 0.0000 0.0000 0.0000 0.0000 -0.0001 -10.0001 -0.0001 0.0001 10.0000 0.0000 0.0000 0.0000 0.0000 0.0000 0.0000 0.0000 0.0000 0.0000 0.0000 0.0000 -90.0000 -89.9999 0.0000 0.0000 0.0001 0.0000 0.0001 0.0000 0.0000 0.0000 0.0001 -0.0001 -20.0000 0.0000 0.0001 20.0000 -0.0003 0.0000 -0.0001 0.0000 0.0000 0.0000 0.0000 0.0000 0.0000 0.0000 -0.0001 -9.9999 -0.0002 0.0001 9.9999 0.0000 0.0000 0.0000 0.0000 0.0000 0.0000 0.0000 0.0000 0.0000 -0.0001 0.0000 0.0000 0.0000 0.0000 0.0000 0.0000 0.0001 0.0000 0.0001 0.0000 0.0000 0.0000 0.0000 0.0000 0.0000 0.0000 10.0001 -0.0001 0.0000 -10.0001 0.0000 0.0000 0.0000 0.0000 0.0000 0.0000 0.0002 0.0000 0.0000 -40.8933 20.7047 22.2076 4.1067 -20.7047 -22.2077 0.0000 0.0000 0.0000 0.0000 0.0004 0.0000 90.0000 0.0000 0.0000 0.0000 0.0000 0.0000 -270.0000 90.0000 0.0000 0.0000 0.0000 0.0000 0.0000 0.0000 0.0000 -90.0000 0.0000 0.0000 0.0000 -0.0001 0.0000 270.0002 90.0000 0.0000 0.0000 0.0000 0.0000 0.0000 0.0000 0.0000 
0.0000 94.0000 0.0000 0.0000 0.0000 0.0000 0.0000 0.0001 180.0000 0.0000 0.0000 0.0000 0.0000 0.0000 0.0000 0.0000 0.0000 0.0000 0.0000 0.0000 0.0000 0.0000 0.0000 0.0000 0.0000 0.0000 0.0000 0.0000 0.0000 90.0001 89.9999 0.0000 0.0000 0.0000 0.0000 0.0001 0.0000 0.0000 0.0000 40.8933 20.7046 -22.2077 -4.1067 -20.7048 22.2077 0.0000 0.0000 0.0000 0.0000 0.0003 0.0000 -0.0001 -0.0001 20.0000 0.0000 0.0001 -20.0000 0.0000 0.0000 0.0000 0.0000 0.0000 0.0000 0.0000 0.0000 0.0000 0.0000 -0.0001 10.0000 -0.0001 0.0000 -10.0000 0.0000 0.0000 0.0000 0.0000 0.0000 0.0000 0.0000 0.0000 0.0000 0.0000 -0.0001 -0.0001 -0.0001 0.0001 0.0000 0.0000 0.0000 0.0000 0.0000 0.0000 0.0000 0.0000 0.0000 0.0000 0.0000 -0.0001 -10.0001 -0.0001 0.0001 10.0000 0.0000 0.0000 0.0000 0.0000 0.0000 0.0000 0.0000 0.0000 0.0000 0.0000 0.0000 -90.0000 -89.9999 0.0000 0.0000 0.0001 0.0000 0.0001 0.0000 0.0000 0.0000 0.0001 -0.0001 -20.0000 0.0000 0.0001 20.0000 -0.0003 0.0000 -0.0001 0.0000 0.0000 0.0000 0.0000 0.0000 0.0000 0.0000 -0.0001 -9.9999 -0.0002 0.0001 9.9999 0.0000 0.0000 0.0000 0.0000 0.0000 0.0000 0.0000 0.0000 0.0000 -0.0001 0.0000 0.0000 0.0000 0.0000 0.0000 0.0000 0.0001 0.0000 0.0001 0.0000 0.0000 0.0000 0.0000 0.0000 0.0000 0.0000 10.0001 -0.0001 0.0000 -10.0001 0.0000 0.0000 0.0000 0.0000 0.0000 0.0000 0.0002 0.0000 0.0000 -40.8933 20.7047 22.2076 4.1067 -20.7047 -22.2077 0.0000 0.0000 0.0000 0.0000 0.0004 0.0000 90.0000 0.0000 0.0000 0.0000 0.0000 0.0000 -270.0000 90.0000 0.0000 0.0000 0.0000 0.0000 0.0000 0.0000 0.0000 -90.0000 0.0000 0.0000 0.0000 -0.0001 0.0000 270.0002 90.0000 0.0000 0.0000 0.0000 0.0000 0.0000 0.0000 0.0000
0.0000 94.0000 0.0000 0.0000 0.0000 0.0000 0.0000 0.0001 180.0000 0.0000 0.0000 0.0000 0.0000 0.0000 0.0000 0.0000 0.0000 0.0000 0.0000 0.0000 0.0000 0.0000 0.0000 0.0000 0.0000 0.0000 0.0000 0.0000 0.0000 90.0001 89.9999 0.0000 0.0000 0.0000 0.0000 0.0001 0.0000 0.0000 0.0000 40.8933 20.7046 -22.2077 -4.1067 -20.7048 22.2077 0.0000 0.0000 0.0000 0.0000 0.0003 0.0000 -0.0001 -0.0001 20.0000 0.0000 0.0001 -20.0000 0.0000 0.0000 0.0000 0.0000 0.0000 0.0000 0.0000 0.0000 0.0000 0.0000 -0.0001 10.0000 -0.0001 0.0000 -10.0000 0.0000 0.0000 0.0000 0.0000 0.0000 0.0000 0.0000 0.0000 0.0000 0.0000 -0.0001 -0.0001 -0.0001 0.0001 0.0000 0.0000 0.0000 0.0000 0.0000 0.0000 0.0000 0.0000 0.0000 0.0000 0.0000 -0.0001 -10.0001 -0.0001 0.0001 10.0000 0.0000 0.0000 0.0000 0.0000 0.0000 0.0000 0.0000 0.0000 0.0000 0.0000 0.0000 -90.0000 -89.9999 0.0000 0.0000 0.0001 0.0000 0.0001 0.0000 0.0000 0.0000 0.0001 -0.0001 -20.0000 0.0000 0.0001 20.0000 -0.0003 0.0000 -0.0001 0.0000 0.0000 0.0000 0.0000 0.0000 0.0000 0.0000 -0.0001 -9.9999 -0.0002 0.0001 9.9999 0.0000 0.0000 0.0000 0.0000 0.0000 0.0000 0.0000 0.0000 0.0000 -0.0001 0.0000 0.0000 0.0000 0.0000 0.0000 0.0000 0.0001 0.0000 0.0001 0.0000 0.0000 0.0000 0.0000 0.0000 0.0000 0.0000 10.0001 -0.0001 0.0000 -10.0001 0.0000 0.0000 0.0000 0.0000 0.0000 0.0000 0.0002 0.0000 0.0000 -40.8933 20.7047 22.2076 4.1067 -20.7047 -22.2077 0.0000 0.0000 0.0000 0.0000 0.0004 0.0000 90.0000 0.0000 0.0000 0.0000 0.0000 0.0000 -270.0000 90.0000 0.0000 0.0000 0.0000 0.0000 0.0000 0.0000 0.0000 -90.0000 0.0000 0.0000 0.0000 -0.0001 0.0000 270.0002 90.0000 0.0000 0.0000 0.0000 0.0000 0.0000 0.0000 0.0000 
0.0000 94.0000 0.0000 0.0000 0.0000 0.0000 0.0000 0.0001 180.0000 0.0000 0.0000 0.0000 0.0000 0.0000 0.0000 0.0000 0.0000 0.0000 0.0000 0.0000 0.0000 0.0000 0.0000 0.0000 0.0000 0.0000 0.0000 0.0000 0.0000 90.0001 89.9999 0.0000 0.0000 0.0000 0.0000 0.0001 0.0000 0.0000 0.0000 40.8933 20.7046 -22.2077 -4.1067 -20.7048 22.2077 0.0000 0.0000 0.0000 0.0000 0.0003 0.0000 -0.0001 -0.0001 20.0000 0.0000 0.0001 -20.0000 0.0000 0.0000 0.0000 0.0000 0.0000 0.0000 0.0000 0.0000 0.0000 0.0000 -0.0001 10.0000 -0.0001 0.0000 -10.0000 0.0000 0.0000 0.0000 0.0000 0.0000 0.0000 0.0000 0.0000 0.0000 0.0000 -0.0001 -0.0001 -0.0001 0.0001 0.0000 0.0000 0.0000 0.0000 0.0000 0.0000 0.0000 0.0000 0.0000 0.0000 0.0000 -0.0001 -10.0001 -0.0001 0.0001 10.0000 0.0000 0.0000 0.0000 0.0000 0.0000 0.0000 0.0000 0.0000 0.0000 0.0000 0.0000 -90.0000 -89.9999 0.0000 0.0000 0.0001 0.0000 0.0001 0.0000 0.0000 0.0000 0.0001 -0.0001 -20.0000 0.0000 0.0001 20.0000 -0.0003 0.0000 -0.0001 0.0000 0.0000 0.0000 0.0000 0.0000 0.0000 0.0000 -0.0001 -9.9999 -0.0002 0.0001 9.9999 0.0000 0.0000 0.0000 0.0000 0.0000 0.0000 0.0000 0.0000 0.0000 -0.0001 0.0000 0.0000 0.0000 0.0000 0.0000 0.0000 0.0001 0.0000 0.0001 0.0000 0.0000 0.0000 0.0000 0.0000 0.0000 0.0000 10.0001 -0.0001 0.0000 -10.0001 0.0000 0.0000 0.0000 0.0000 0.0000 0.0000 0.0002 0.0000 0.0000 -40.8933 20.7047 22.2076 4.1067 -20.7047 -22.2077 0.0000 0.0000 0.0000 0.0000 0.0004 0.0000 90.0000 0.0000 0.0000 0.0000 0.0000 0.0000 -270.0000 90.0000 0.0000 0.0000 0.0000 0.0000 0.0000 0.0000 0.0000 -90.0000 0.0000 0.0000 0.0000 -0.0001 0.0000 270.0002 90.0000 0.0000 0.0000 0.0000 0.0000 0.0000 0.0000 0.0000 
0.0000 94.0000 0.0000 0.0000 0.0000 0.0000 0.0000 0.0001 180.0000 0.0000 0.0000 0.0000 0.0000 0.0000 0.0000 0.0000 0.0000 0.0000 0.0000 0.0000 0.0000 0.0000 0.0000 0.0000 0.0000 0.0000 0.0000 0.0000 0.0000 90.0001 89.9999 0.0000 0.0000 0.0000 0.0000 0.0001 0.0000 0.0000 0.0000 40.8933 20.7046 -22.2077 -4.1067 -20.7048 22.2077 0.0000 0.0000 0.0000 0.0000 0.0003 0.0000 -0.0001 -0.0001 20.0000 0.0000 0.0001 -20.0000 0.0000 0.0000 0.0000 0.0000 0.0000 0.0000 0.0000 0.0000 0.0000 0.0000 -0.0001 10.0000 -0.0001 0.0000 -10.0000 0.0000 0.0000 0.0000 0.0000 0.0000 0.0000 0.0000 0.0000 0.0000 0.0000 -0.0001 -0.0001 -0.0001 0.0001 0.0000 0.0000 0.0000 0.0000 0.0000 0.0000 0.0000 0.0000 0.0000 0.0000 0.0000 -0.0001 -10.0001 -0.0001 0.0001 10.0000 0.0000 0.0000 0.0000 0.0000 0.0000 0.0000 0.0000 0.0000 0.0000 0.0000 0.0000 -90.0000 -89.9999 0.0000 0.0000 0.0001 0.0000 0.0001 0.0000 0.0000 0.0000 0.0001 -0.0001 -20.0000 0.0000 0.0001 20.0000 -0.0003 0.0000 -0.0001 0.0000 0.0000 0.0000 0.0000 0.0000 0.0000 0.0000 -0.0001 -9.9999 -0.0002 0.0001 9.9999 0.0000 0.0000 0.0000 0.0000 0.0000 0.0000 0.0000 0.0000 0.0000 -0.0001 0.0000 0.0000 0.0000 0.0000 0.0000 0.0000 0.0001 0.0000 0.0001 0.0000 0.0000 0.0000 0.0000 0.0000 0.0000 0.0000 10.0001 -0.0001 0.0000 -10.0001 0.0000 0.0000 0.0000 0.0000 0.0000 0.0000 0.0002 0.0000 0.0000 -40.8933 20.7047 22.2076 4.1067 -20.7047 -22.2077 0.0000 0.0000 0.0000 0.0000 0.0004 0.0000 90.0000 0.0000 0.0000 0.0000 0.0000 0.0000 -270.0000 90.0000 0.0000 0.0000 0.0000 0.0000 0.0000 0.0000 0.0000 -90.0000 0.0000 0.0000 0.0000 -0.0001 0.0000 270.0002 90.0000 0.0000 0.0000 0.0000 0.0000 0.0000 0.0000 0.0000 
0.0000 94.0000 0.0000 0.0000 0.0000 0.0000 0.0000 0.0001 180.0000 0.0000 0.0000 0.0000 0.0000 0.0000 0.0000 0.0000 0.0000 0.0000 0.0000 0.0000 0.0000 0.0000 0.0000 0.0000 0.0000 0.0000 0.0000 0.0000 0.0000 90.0001 89.9999 0.0000 0.0000 0.0000 0.0000 0.0001 0.0000 0.0000 0.0000 40.8933 20.7046 -22.2077 -4.1067 -20.7048 22.2077 0.0000 0.0000 0.0000 0.0000 0.0003 0.0000 -0.0001 -0.0001 20.0000 0.0000 0.0001 -20.0000 0.0000 0.0000 0.0000 0.0000 0.0000 0.0000 0.0000 0.0000 0.0000 0.0000 -0.0001 10.0000 -0.0001 0.0000 -10.0000 0.0000 0.0000 0.0000 0.0000 0.0000 0.0000 0.0000 0.0000 0.0000 0.0000 -0.0001 -0.0001 -0.0001 0.0001 0.0000 0.0000 0.0000 0.0000 0.0000 0.0000 0.0000 0.0000 0.0000 0.0000 0.0000 -0.0001 -10.0001 -0.0001 0.0001 10.0000 0.0000 0.0000 0.0000 0.0000 0.0000 0.0000 0.0000 0.0000 0.0000 0.0000 0.0000 -90.0000 -89.9999 0.0000 0.0000 0.0001 0.0000 0.0001 0.0000 0.0000 0.0000 0.0001 -0.0001 -20.0000 0.0000 0.0001 20.0000 -0.0003 0.0000 -0.0001 0.0000 0.0000 0.0000 0.0000 0.0000 0.0000 0.0000 -0.0001 -9.9999 -0.0002 0.0001 9.9999 0.0000 0.0000 0.0000 0.0000 0.0000 0.0000 0.0000 0.0000 0.0000 -0.0001 0.0000 0.0000 0.0000 0.0000 0.0000 0.0000 0.0001 0.0000 0.0001 0.0000 0.0000 0.0000 0.0000 0.0000 0.0000 0.0000 10.0001 -0.0001 0.0000 -10.0001 0.0000 0.0000 0.0000 0.0000 0.0000 0.0000 0.0002 0.0000 0.0000 -40.8933 20.7047 22.2076 4.1067 -20.7047 -22.2077 0.0000 0.0000 0.0000 0.0000 0.0004 0.0000 90.0000 0.0000 0.0000 0.0000 0.0000 0.0000 -270.0000 90.0000 0.0000 0.0000 0.0000 0.0000 0.0000 0.0000 0.0000 -90.0000 0.0000 0.0000 0.0000 -0.0001 0.0000 270.0002 90.0000 0.0000 0.0000 0.0000 0.0000 0.0000 0.0000 0.0000 
0.0000 94.0000 0.0000 0.0000 0.0000 0.0000 0.0000 0.0001 180.0000 0.0000 0.0000 0.0000 0.0000 0.0000 0.0000 0.0000 0.0000 0.0000 0.0000 0.0000 0.0000 0.0000 0.0000 0.0000 0.0000 0.0000 0.0000 0.0000 0.0000 90.0001 89.9999 0.0000 0.0000 0.0000 0.0000 0.0001 0.0000 0.0000 0.0000 40.8933 20.7046 -22.2077 -4.1067 -20.7048 22.2077 0.0000 0.0000 0.0000 0.0000 0.0003 0.0000 -0.0001 -0.0001 20.0000 0.0000 0.0001 -20.0000 0.0000 0.0000 0.0000 0.0000 0.0000 0.0000 0.0000 0.0000 0.0000 0.0000 -0.0001 10.0000 -0.0001 0.0000 -10.0000 0.0000 0.0000 0.0000 0.0000 0.0000 0.0000 0.0000 0.0000 0.0000 0.0000 -0.0001 -0.0001 -0.0001 0.0001 0.0000 0.0000 0.0000 0.0000 0.0000 0.0000 0.0000 0.0000 0.0000 0.0000 0.0000 -0.0001 -10.0001 -0.0001 0.0001 10.0000 0.0000 0.0000 0.0000 0.0000 0.0000 0.0000 0.0000 0.0000 0.0000 0.0000 0.0000 -90.0000 -89.9999 0.0000 0.0000 0.0001 0.0000 0.0001 0.0000 0.0000 0.0000 0.0001 -0.0001 -20.0000 0.0000 0.0001 20.0000 -0.0003 0.0000 -0.0001 0.0000 0.0000 0.0000 0.0000 0.0000 0.0000 0.0000 -0.0001 -9.9999 -0.0002 0.0001 9.9999 0.0000 0.0000 0.0000 0.0000 0.0000 0.0000 0.0000 0.0000 0.0000 -0.0001 0.0000 0.0000 0.0000 0.0000 0.0000 0.0000 0.0001 0.0000 0.0001 0.0000 0.0000 0.0000 0.0000 0.0000 0.0000 0.0000 10.0001 -0.0001 0.0000 -10.0001 0.0000 0.0000 0.0000 0.0000 0.0000 0.0000 0.0002 0.0000 0.0000 -40.8933 20.7047 22.2076 4.1067 -20.7047 -22.2077 0.0000 0.0000 0.0000 0.0000 0.0004 0.0000 90.0000 0.0000 0.0000 0.0000 0.0000 0.0000 -270.0000 90.0000 0.0000 0.0000 0.0000 0.0000 0.0000 0.0000 0.0000 -90.0000 0.0000 0.0000 0.0000 -0.0001 0.0000 270.0002 90.0000 0.0000 0.0000 0.0000 0.0000 0.0000 0.0000 0.0000 
0.0000 94.0000 0.0000 0.0000 0.0000 0.0000 0.0000 0.0001 180.0000 0.0000 0.0000 0.0000 0.0000 0.0000 0.0000 0.0000 0.0000 0.0000 0.0000 0.0000 0.0000 0.0000 0.0000 0.0000 0.0000 0.0000 0.0000 0.0000 0.0000 90.0001 89.9999 0.0000 0.0000 0.0000 0.0000 0.0001 0.0000 0.0000 0.0000 40.8933 20.7046 -22.2077 -4.1067 -20.7048 22.2077 0.0000 0.0000 0.0000 0.0000 0.0003 0.0000 -0.0001 -0.0001 20.0000 0.0000 0.0001 -20.0000 0.0000 0.0000 0.0000 0.0000 0.0000 0.0000 0.0000 0.0000 0.0000 0.0000 -0.0001 10.0000 -0.0001 0.0000 -10.0000 0.0000 0.0000 0.0000 0.0000 0.0000 0.0000 0.0000 0.0000 0.0000 0.0000 -0.0001 -0.0001 -0.0001 0.0001 0.0000 0.0000 0.0000 0.0000 0.0000 0.0000 0.0000 0.0000 0.0000 0.0000 0.0000 -0.0001 -10.0001 -0.0001 0.0001 10.0000 0.0000 0.0000 0.0000 0.0000 0.0000 0.0000 0.0000 0.0000 0.0000 0.0000 0.0000 -90.0000 -89.9999 0.0000 0.0000 0.0001 0.0000 0.0001 0.0000 0.0000 0.0000 0.0001 -0.0001 -20.0000 0.0000 0.0001 20.0000 -0.0003 0.0000 -0.0001 0.0000 0.0000 0.0000 0.0000 0.0000 0.0000 0.0000 -0.0001 -9.9999 -0.0002 0.0001 9.9999 0.0000 0.0000 0.0000 0.0000 0.0000 0.0000 0.0000 0.0000 0.0000 -0.0001 0.0000 0.0000 0.0000 0.0000 0.0000 0.0000 0.0001 0.0000 0.0001 0.0000 0.0000 0.0000 0.0000 0.0000 0.0000 0.0000 10.0001 -0.0001 0.0000 -10.0001 0.0000 0.0000 0.0000 0.0000 0.0000 0.0000 0.0002 0.0000 0.0000 -40.8933 20.7047 22.2076 4.1067 -20.7047 -22.2077 0.0000 0.0000 0.0000 0.0000 0.0004 0.0000 90.0000 0.0000 0.0000 0.0000 0.0000 0.0000 -270.0000 90.0000 0.0000 0.0000 0.0000 0.0000 0.0000 0.0000 0.0000 -90.0000 0.0000 0.0000 0.0000 -0.0001 0.0000 270.0002 90.0000 0.0000 0.0000 0.0000 0.0000 0.0000 0.0000 0.0000 
0.0000 94.0000 0.0000 0.0000 0.0000 0.0000 0.0000 0.0001 180.0000 0.0000 0.0000 0.0000 0.0000 0.0000 0.0000 0.0000 0.0000 0.0000 0.0000 0.0000 0.0000 0.0000 0.0000 0.0000 0.0000 0.0000 0.0000 0.0000 0.0000 90.0001 89.9999 0.0000 0.0000 0.0000 0.0000 0.0001 0.0000 0.0000 0.0000 40.8933 20.7046 -22.2077 -4.1067 -20.7048 22.2077 0.0000 0.0000 0.0000 0.0000 0.0003 0.0000 -0.0001 -0.0001 20.0000 0.0000 0.0001 -20.0000 0.0000 0.0000 0.0000 0.0000 0.0000 0.0000 0.0000 0.0000 0.0000 0.0000 -0.0001 10.0000 -0.0001 0.0000 -10.0000 0.0000 0.0000 0.0000 0.0000 0.0000 0.0000 0.0000 0.0000 0.0000 0.0000 -0.0001 -0.0001 -0.0001 0.0001 0.0000 0.0000 0.0000 0.0000 0.0000 0.0000 0.0000 0.0000 0.0000 0.0000 0.0000 -0.0001 -10.0001 -0.0001 0.0001 10.0000 0.0000 0.0000 0.0000 0.0000 0.0000 0.0000 0.0000 0.0000 0.0000 0.0000 0.0000 -90.0000 -89.9999 0.0000 0.0000 0.0001 0.0000 0.0001 0.0000 0.0000 0.0000 0.0001 -0.0001 -20.0000 0.0000 0.0001 20.0000 -0.0003 0.0000 -0.0001 0.0000 0.0000 0.0000 0.0000 0.0000 0.0000 0.0000 -0.0001 -9.9999 -0.0002 0.0001 9.9999 0.0000 0.0000 0.0000 0.0000 0.0000 0.0000 0.0000 0.0000 0.0000 -0.0001 0.0000 0.0000 0.0000 0.0000 0.0000 0.0000 0.0001 0.0000 0.0001 0.0000 0.0000 0.0000 0.0000 0.0000 0.0000 0.0000 10.0001 -0.0001 0.0000 -10.0001 0.0000 0.0000 0.0000 0.0000 0.0000 0.0000 0.0002 0.0000 0.0000 -40.8933 20.7047 22.2076 4.1067 -20.7047 -22.2077 0.0000 0.0000 0.0000 0.0000 0.0004 0.0000 90.0000 0.0000 0.0000 0.0000 0.0000 0.0000 -270.0000 90.0000 0.0000 0.0000 0.0000 0.0000 0.0000 0.0000 0.0000 -90.0000 0.0000 0.0000 0.0000 -0.0001 0.0000 270.0002 90.0000 0.0000 0.0000 0.0000 0.0000 0.0000 0.0000 0.0000 
0.0000 94.0000 0.0000 0.0000 0.0000 0.0000 0.0000 0.0001 180.0000 0.0000 0.0000 0.0000 0.0000 0.0000 0.0000 0.0000 0.0000 0.0000 0.0000 0.0000 0.0000 0.0000 0.0000 0.0000 0.0000 0.0000 0.0000 0.0000 0.0000 90.0001 89.9999 0.0000 0.0000 0.0000 0.0000 0.0001 0.0000 0.0000 0.0000 40.8933 20.7046 -22.2077 -4.1067 -20.7048 22.2077 0.0000 0.0000 0.0000 0.0000 0.0003 0.0000 -0.0001 -0.0001 20.0000 0.0000 0.0001 -20.0000 0.0000 0.0000 0.0000 0.0000 0.0000 0.0000 0.0000 0.0000 0.0000 0.0000 -0.0001 10.0000 -0.0001 0.0000 -10.0000 0.0000 0.0000 0.0000 0.0000 0.0000 0.0000 0.0000 0.0000 0.0000 0.0000 -0.0001 -0.0001 -0.0001 0.0001 0.0000 0.0000 0.0000 0.0000 0.0000 0.0000 0.0000 0.0000 0.0000 0.0000 0.0000 -0.0001 -10.0001 -0.0001 0.0001 10.0000 0.0000 0.0000 0.0000 0.0000 0.0000 0.0000 0.0000 0.0000 0.0000 0.0000 0.0000 -90.0000 -89.9999 0.0000 0.0000 0.0001 0.0000 0.0001 0.0000 0.0000 0.0000 0.0001 -0.0001 -20.0000 0.0000 0.0001 20.0000 -0.0003 0.0000 -0.0001 0.0000 0.0000 0.0000 0.0000 0.0000 0.0000 0.0000 -0.0001 -9.9999 -0.0002 0.0001 9.9999 0.0000 0.0000 0.0000 0.0000 0.0000 0.0000 0.0000 0.0000 0.0000 -0.0001 0.0000 0.0000 0.0000 0.0000 0.0000 0.0000 0.0001 0.0000 0.0001 0.0000 0.0000 0.0000 0.0000 0.0000 0.0000 0.0000 10.0001 -0.0001 0.0000 -10.0001 0.0000 0.0000 0.0000 0.0000 0.0000 0.0000 0.0002 0.0000 0.0000 -40.8933 20.7047 22.2076 4.1067 -20.7047 -22.2077 0.0000 0.0000 0.0000 0.0000 0.0004 0.0000 90.0000 0.0000 0.0000 0.0000 0.0000 0.0000 -270.0000 90.0000 0.0000 0.0000 0.0000 0.0000 0.0000 0.0000 0.0000 -90.0000 0.0000 0.0000 0.0000 -0.0001 0.0000 270.0002 90.0000 0.0000 0.0000 0.0000 0.0000 0.0000 0.0000 0.0000 
0.0000 94.0000 0.0000 0.0000 0.0000 0.0000 0.0000 0.0001 180.0000 0.0000 0.0000 0.0000 0.0000 0.0000 0.0000 0.0000 0.0000 0.0000 0.0000 0.0000 0.0000 0.0000 0.0000 0.0000 0.0000 0.0000 0.0000 0.0000 0.0000 90.0001 89.9999 0.0000 0.0000 0.0000 0.0000 0.0001 0.0000 0.0000 0.0000 40.8933 20.7046 -22.2077 -4.1067 -20.7048 22.2077 0.0000 0.0000 0.0000 0.0000 0.0003 0.0000 -0.0001 -0.0001 20.0000 0.0000 0.0001 -20.0000 0.0000 0.0000 0.0000 0.0000 0.0000 0.0000 0.0000 0.0000 0.0000 0.0000 -0.0001 10.0000 -0.0001 0.0000 -10.0000 0.0000 0.0000 0.0000 0.0000 0.0000 0.0000 0.0000 0.0000 0.0000 0.0000 -0.0001 -0.0001 -0.0001 0.0001 0.0000 0.0000 0.0000 0.0000 0.0000 0.0000 0.0000 0.0000 0.0000 0.0000 0.0000 -0.0001 -10.0001 -0.0001 0.0001 10.0000 0.0000 0.0000 0.0000 0.0000 0.0000 0.0000 0.0000 0.0000 0.0000 0.0000 0.0000 -90.0000 -89.9999 0.0000 0.0000 0.0001 0.0000 0.0001 0.0000 0.0000 0.0000 0.0001 -0.0001 -20.0000 0.0000 0.0001 20.0000 -0.0003 0.0000 -0.0001 0.0000 0.0000 0.0000 0.0000 0.0000 0.0000 0.0000 -0.0001 -9.9999 -0.0002 0.0001 9.9999 0.0000 0.0000 0.0000 0.0000 0.0000 0.0000 0.0000 0.0000 0.0000 -0.0001 0.0000 0.0000 0.0000 0.0000 0.0000 0.0000 0.0001 0.0000 0.0001 0.0000 0.0000 0.0000 0.0000 0.0000 0.0000 0.0000 10.0001 -0.0001 0.0000 -10.0001 0.0000 0.0000 0.0000 0.0000 0.0000 0.0000 0.0002 0.0000 0.0000 -40.8933 20.7047 22.2076 4.1067 -20.7047 -22.2077 0.0000 0.0000 0.0000 0.0000 0.0004 0.0000 90.0000 0.0000 0.0000 0.0000 0.0000 0.0000 -270.0000 90.0000 0.0000 0.0000 0.0000 0.0000 0.0000 0.0000 0.0000 -90.0000 0.0000 0.0000 0.0000 -0.0001 0.0000 270.0002 90.0000 0.0000 0.0000 0.0000 0.0000 0.0000 0.0000 0.0000 
0.0000 94.0000 0.0000 0.0000 0.0000 0.0000 0.0000 0.0001 180.0000 0.0000 0.0000 0.0000 0.0000 0.0000 0.0000 0.0000 0.0000 0.0000 0.0000 0.0000 0.0000 0.0000 0.0000 0.0000 0.0000 0.0000 0.0000 0.0000 0.0000 90.0001 89.9999 0.0000 0.0000 0.0000 0.0000 0.0001 0.0000 0.0000 0.0000 40.8933 20.7046 -22.2077 -4.1067 -20.7048 22.2077 0.0000 0.0000 0.0000 0.0000 0.0003 0.0000 -0.0001 -0.0001 20.0000 0.0000 0.0001 -20.0000 0.0000 0.0000 0.0000 0.0000 0.0000 0.0000 0.0000 0.0000 0.0000 0.0000 -0.0001 10.0000 -0.0001 0.0000 -10.0000 0.0000 0.0000 0.0000 0.0000 0.0000 0.0000 0.0000 0.0000 0.0000 0.0000 -0.0001 -0.0001 -0.0001 0.0001 0.0000 0.0000 0.0000 0.0000 0.0000 0.0000 0.0000 0.0000 0.0000 0.0000 0.0000 -0.0001 -10.0001 -0.0001 0.0001 10.0000 0.0000 0.0000 0.0000 0.0000 0.0000 0.0000 0.0000 0.0000 0.0000 0.0000 0.0000 -90.0000 -89.9999 0.0000 0.0000 0.0001 0.0000 0.0001 0.0000 0.0000 0.0000 0.0001 -0.0001 -20.0000 0.0000 0.0001 20.0000 -0.0003 0.0000 -0.0001 0.0000 0.0000 0.0000 0.0000 0.0000 0.0000 0.0000 -0.0001 -9.9999 -0.0002 0.0001 9.9999 0.0000 0.0000 0.0000 0.0000 0.0000 0.0000 0.0000 0.0000 0.0000 -0.0001 0.0000 0.0000 0.0000 0.0000 0.0000 0.0000 0.0001 0.0000 0.0001 0.0000 0.0000 0.0000 0.0000 0.0000 0.0000 0.0000 10.0001 -0.0001 0.0000 -10.0001 0.0000 0.0000 0.0000 0.0000 0.0000 0.0000 0.0002 0.0000 0.0000 -40.8933 20.7047 22.2076 4.1067 -20.7047 -22.2077 0.0000 0.0000 0.0000 0.0000 0.0004 0.0000 90.0000 0.0000 0.0000 0.0000 0.0000 0.0000 -270.0000 90.0000 0.0000 0.0000 0.0000 0.0000 0.0000 0.0000 0.0000 -90.0000 0.0000 0.0000 0.0000 -0.0001 0.0000 270.0002 90.0000 0.0000 0.0000 0.0000 0.0000 0.0000 0.0000 0.0000
0.0000 94.0000 0.0000 0.0000 0.0000 0.0000 0.0000 0.0001 180.0000 0.0000 0.0000 0.0000 0.0000 0.0000 0.0000 0.0000 0.0000 0.0000 0.0000 0.0000 0.0000 0.0000 0.0000 0.0000 0.0000 0.0000 0.0000 0.0000 0.0000 90.0001 89.9999 0.0000 0.0000 0.0000 0.0000 0.0001 0.0000 0.0000 0.0000 40.8933 20.7046 -22.2077 -4.1067 -20.7048 22.2077 0.0000 0.0000 0.0000 0.0000 0.0003 0.0000 -0.0001 -0.0001 20.0000 0.0000 0.0001 -20.0000 0.0000 0.0000 0.0000 0.0000 0.0000 0.0000 0.0000 0.0000 0.0000 0.0000 -0.0001 10.0000 -0.0001 0.0000 -10.0000 0.0000 0.0000 0.0000 0.0000 0.0000 0.0000 0.0000 0.0000 0.0000 0.0000 -0.0001 -0.0001 -0.0001 0.0001 0.0000 0.0000 0.0000 0.0000 0.0000 0.0000 0.0000 0.0000 0.0000 0.0000 0.0000 -0.0001 -10.0001 -0.0001 0.0001 10.0000 0.0000 0.0000 0.0000 0.0000 0.0000 0.0000 0.0000 0.0000 0.0000 0.0000 0.0000 -90.0000 -89.9999 0.0000 0.0000 0.0001 0.0000 0.0001 0.0000 0.0000 0.0000 0.0001 -0.0001 -20.0000 0.0000 0.0001 20.0000 -0.0003 0.0000 -0.0001 0.0000 0.0000 0.0000 0.0000 0.0000 0.0000 0.0000 -0.0001 -9.9999 -0.0002 0.0001 9.9999 0.0000 0.0000 0.0000 0.0000 0.0000 0.0000 0.0000 0.0000 0.0000 -0.0001 0.0000 0.0000 0.0000 0.0000 0.0000 0.0000 0.0001 0.0000 0.0001 0.0000 0.0000 0.0000 0.0000 0.0000 0.0000 0.0000 10.0001 -0.0001 0.0000 -10.0001 0.0000 0.0000 0.0000 0.0000 0.0000 0.0000 0.0002 0.0000 0.0000 -40.8933 20.7047 22.2076 4.1067 -20.7047 -22.2077 0.0000 0.0000 0.0000 0.0000 0.0004 0.0000 90.0000 0.0000 0.0000 0.0000 0.0000 0.0000 -270.0000 90.0000 0.0000 0.0000 0.0000 0.0000 0.0000 0.0000 0.0000 -90.0000 0.0000 0.0000 0.0000 -0.0001 0.0000 270.0002 90.0000 0.0000 0.0000 0.0000 0.0000 0.0000 0.0000 0.0000 
0.0000 94.0000 0.0000 0.0000 0.0000 0.0000 0.0000 0.0001 180.0000 0.0000 0.0000 0.0000 0.0000 0.0000 0.0000 0.0000 0.0000 0.0000 0.0000 0.0000 0.0000 0.0000 0.0000 0.0000 0.0000 0.0000 0.0000 0.0000 0.0000 90.0001 89.9999 0.0000 0.0000 0.0000 0.0000 0.0001 0.0000 0.0000 0.0000 40.8933 20.7046 -22.2077 -4.1067 -20.7048 22.2077 0.0000 0.0000 0.0000 0.0000 0.0003 0.0000 -0.0001 -0.0001 20.0000 0.0000 0.0001 -20.0000 0.0000 0.0000 0.0000 0.0000 0.0000 0.0000 0.0000 0.0000 0.0000 0.0000 -0.0001 10.0000 -0.0001 0.0000 -10.0000 0.0000 0.0000 0.0000 0.0000 0.0000 0.0000 0.0000 0.0000 0.0000 0.0000 -0.0001 -0.0001 -0.0001 0.0001 0.0000 0.0000 0.0000 0.0000 0.0000 0.0000 0.0000 0.0000 0.0000 0.0000 0.0000 -0.0001 -10.0001 -0.0001 0.0001 10.0000 0.0000 0.0000 0.0000 0.0000 0.0000 0.0000 0.0000 0.0000 0.0000 0.0000 0.0000 -90.0000 -89.9999 0.0000 0.0000 0.0001 0.0000 0.0001 0.0000 0.0000 0.0000 0.0001 -0.0001 -20.0000 0.0000 0.0001 20.0000 -0.0003 0.0000 -0.0001 0.0000 0.0000 0.0000 0.0000 0.0000 0.0000 0.0000 -0.0001 -9.9999 -0.0002 0.0001 9.9999 0.0000 0.0000 0.0000 0.0000 0.0000 0.0000 0.0000 0.0000 0.0000 -0.0001 0.0000 0.0000 0.0000 0.0000 0.0000 0.0000 0.0001 0.0000 0.0001 0.0000 0.0000 0.0000 0.0000 0.0000 0.0000 0.0000 10.0001 -0.0001 0.0000 -10.0001 0.0000 0.0000 0.0000 0.0000 0.0000 0.0000 0.0002 0.0000 0.0000 -40.8933 20.7047 22.2076 4.1067 -20.7047 -22.2077 0.0000 0.0000 0.0000 0.0000 0.0004 0.0000 90.0000 0.0000 0.0000 0.0000 0.0000 0.0000 -270.0000 90.0000 0.0000 0.0000 0.0000 0.0000 0.0000 0.0000 0.0000 -90.0000 0.0000 0.0000 0.0000 -0.0001 0.0000 270.0002 90.0000 0.0000 0.0000 0.0000 0.0000 0.0000 0.0000 0.0000 
0.0000 94.0000 0.0000 0.0000 0.0000 0.0000 0.0000 0.0001 180.0000 0.0000 0.0000 0.0000 0.0000 0.0000 0.0000 0.0000 0.0000 0.0000 0.0000 0.0000 0.0000 0.0000 0.0000 0.0000 0.0000 0.0000 0.0000 0.0000 0.0000 90.0001 89.9999 0.0000 0.0000 0.0000 0.0000 0.0001 0.0000 0.0000 0.0000 40.8933 20.7046 -22.2077 -4.1067 -20.7048 22.2077 0.0000 0.0000 0.0000 0.0000 0.0003 0.0000 -0.0001 -0.0001 20.0000 0.0000 0.0001 -20.0000 0.0000 0.0000 0.0000 0.0000 0.0000 0.0000 0.0000 0.0000 0.0000 0.0000 -0.0001 10.0000 -0.0001 0.0000 -10.0000 0.0000 0.0000 0.0000 0.0000 0.0000 0.0000 0.0000 0.0000 0.0000 0.0000 -0.0001 -0.0001 -0.0001 0.0001 0.0000 0.0000 0.0000 0.0000 0.0000 0.0000 0.0000 0.0000 0.0000 0.0000 0.0000 -0.0001 -10.0001 -0.0001 0.0001 10.0000 0.0000 0.0000 0.0000 0.0000 0.0000 0.0000 0.0000 0.0000 0.0000 0.0000 0.0000 -90.0000 -89.9999 0.0000 0.0000 0.0001 0.0000 0.0001 0.0000 0.0000 0.0000 0.0001 -0.0001 -20.0000 0.0000 0.0001 20.0000 -0.0003 0.0000 -0.0001 0.0000 0.0000 0.0000 0.0000 0.0000 0.0000 0.0000 -0.0001 -9.9999 -0.0002 0.0001 9.9999 0.0000 0.0000 0.0000 0.0000 0.0000 0.0000 0.0000 0.0000 0.0000 -0.0001 0.0000 0.0000 0.0000 0.0000 0.0000 0.0000 0.0001 0.0000 0.0001 0.0000 0.0000 0.0000 0.0000 0.0000 0.0000 0.0000 10.0001 -0.0001 0.0000 -10.0001 0.0000 0.0000 0.0000 0.0000 0.0000 0.0000 0.0002 0.0000 0.0000 -40.8933 20.7047 22.2076 4.1067 -20.7047 -22.2077 0.0000 0.0000 0.0000 0.0000 0.0004 0.0000 90.0000 0.0000 0.0000 0.0000 0.0000 0.0000 -270.0000 90.0000 0.0000 0.0000 0.0000 0.0000 0.0000 0.0000 0.0000 -90.0000 0.0000 0.0000 0.0000 -0.0001 0.0000 270.0002 90.0000 0.0000 0.0000 0.0000 0.0000 0.0000 0.0000 0.0000 
0.0000 94.0000 0.0000 0.0000 0.0000 0.0000 0.0000 0.0001 180.0000 0.0000 0.0000 0.0000 0.0000 0.0000 0.0000 0.0000 0.0000 0.0000 0.0000 0.0000 0.0000 0.0000 0.0000 0.0000 0.0000 0.0000 0.0000 0.0000 0.0000 90.0001 89.9999 0.0000 0.0000 0.0000 0.0000 0.0001 0.0000 0.0000 0.0000 40.8933 20.7046 -22.2077 -4.1067 -20.7048 22.2077 0.0000 0.0000 0.0000 0.0000 0.0003 0.0000 -0.0001 -0.0001 20.0000 0.0000 0.0001 -20.0000 0.0000 0.0000 0.0000 0.0000 0.0000 0.0000 0.0000 0.0000 0.0000 0.0000 -0.0001 10.0000 -0.0001 0.0000 -10.0000 0.0000 0.0000 0.0000 0.0000 0.0000 0.0000 0.0000 0.0000 0.0000 0.0000 -0.0001 -0.0001 -0.0001 0.0001 0.0000 0.0000 0.0000 0.0000 0.0000 0.0000 0.0000 0.0000 0.0000 0.0000 0.0000 -0.0001 -10.0001 -0.0001 0.0001 10.0000 0.0000 0.0000 0.0000 0.0000 0.0000 0.0000 0.0000 0.0000 0.0000 0.0000 0.0000 -90.0000 -89.9999 0.0000 0.0000 0.0001 0.0000 0.0001 0.0000 0.0000 0.0000 0.0001 -0.0001 -20.0000 0.0000 0.0001 20.0000 -0.0003 0.0000 -0.0001 0.0000 0.0000 0.0000 0.0000 0.0000 0.0000 0.0000 -0.0001 -9.9999 -0.0002 0.0001 9.9999 0.0000 0.0000 0.0000 0.0000 0.0000 0.0000 0.0000 0.0000 0.0000 -0.0001 0.0000 0.0000 0.0000 0.0000 0.0000 0.0000 0.0001 0.0000 0.0001 0.0000 0.0000 0.0000 0.0000 0.0000 0.0000 0.0000 10.0001 -0.0001 0.0000 -10.0001 0.0000 0.0000 0.0000 0.0000 0.0000 0.0000 0.0002 0.0000 0.0000 -40.8933 20.7047 22.2076 4.1067 -20.7047 -22.2077 0.0000 0.0000 0.0000 0.0000 0.0004 0.0000 90.0000 0.0000 0.0000 0.0000 0.0000 0.0000 -270.0000 90.0000 0.0000 0.0000 0.0000 0.0000 0.0000 0.0000 0.0000 -90.0000 0.0000 0.0000 0.0000 -0.0001 0.0000 270.0002 90.0000 0.0000 0.0000 0.0000 0.0000 0.0000 0.0000 0.0000 
0.0000 94.0000 0.0000 0.0000 0.0000 0.0000 0.0000 0.0001 180.0000 0.0000 0.0000 0.0000 0.0000 0.0000 0.0000 0.0000 0.0000 0.0000 0.0000 0.0000 0.0000 0.0000 0.0000 0.0000 0.0000 0.0000 0.0000 0.0000 0.0000 90.0001 89.9999 0.0000 0.0000 0.0000 0.0000 0.0001 0.0000 0.0000 0.0000 40.8933 20.7046 -22.2077 -4.1067 -20.7048 22.2077 0.0000 0.0000 0.0000 0.0000 0.0003 0.0000 -0.0001 -0.0001 20.0000 0.0000 0.0001 -20.0000 0.0000 0.0000 0.0000 0.0000 0.0000 0.0000 0.0000 0.0000 0.0000 0.0000 -0.0001 10.0000 -0.0001 0.0000 -10.0000 0.0000 0.0000 0.0000 0.0000 0.0000 0.0000 0.0000 0.0000 0.0000 0.0000 -0.0001 -0.0001 -0.0001 0.0001 0.0000 0.0000 0.0000 0.0000 0.0000 0.0000 0.0000 0.0000 0.0000 0.0000 0.0000 -0.0001 -10.0001 -0.0001 0.0001 10.0000 0.0000 0.0000 0.0000 0.0000 0.0000 0.0000 0.0000 0.0000 0.0000 0.0000 0.0000 -90.0000 -89.9999 0.0000 0.0000 0.0001 0.0000 0.0001 0.0000 0.0000 0.0000 0.0001 -0.0001 -20.0000 0.0000 0.0001 20.0000 -0.0003 0.0000 -0.0001 0.0000 0.0000 0.0000 0.0000 0.0000 0.0000 0.0000 -0.0001 -9.9999 -0.0002 0.0001 9.9999 0.0000 0.0000 0.0000 0.0000 0.0000 0.0000 0.0000 0.0000 0.0000 -0.0001 0.0000 0.0000 0.0000 0.0000 0.0000 0.0000 0.0001 0.0000 0.0001 0.0000 0.0000 0.0000 0.0000 0.0000 0.0000 0.0000 10.0001 -0.0001 0.0000 -10.0001 0.0000 0.0000 0.0000 0.0000 0.0000 0.0000 0.0002 0.0000 0.0000 -40.8933 20.7047 22.2076 4.1067 -20.7047 -22.2077 0.0000 0.0000 0.0000 0.0000 0.0004 0.0000 90.0000 0.0000 0.0000 0.0000 0.0000 0.0000 -270.0000 90.0000 0.0000 0.0000 0.0000 0.0000 0.0000 0.0000 0.0000 -90.0000 0.0000 0.0000 0.0000 -0.0001 0.0000 270.0002 90.0000 0.0000 0.0000 0.0000 0.0000 0.0000 0.0000 0.0000 
0.0000 94.0000 0.0000 0.0000 0.0000 0.0000 0.0000 0.0001 180.0000 0.0000 0.0000 0.0000 0.0000 0.0000 0.0000 0.0000 0.0000 0.0000 0.0000 0.0000 0.0000 0.0000 0.0000 0.0000 0.0000 0.0000 0.0000 0.0000 0.0000 90.0001 89.9999 0.0000 0.0000 0.0000 0.0000 0.0001 0.0000 0.0000 0.0000 40.8933 20.7046 -22.2077 -4.1067 -20.7048 22.2077 0.0000 0.0000 0.0000 0.0000 0.0003 0.0000 -0.0001 -0.0001 20.0000 0.0000 0.0001 -20.0000 0.0000 0.0000 0.0000 0.0000 0.0000 0.0000 0.0000 0.0000 0.0000 0.0000 -0.0001 10.0000 -0.0001 0.0000 -10.0000 0.0000 0.0000 0.0000 0.0000 0.0000 0.0000 0.0000 0.0000 0.0000 0.0000 -0.0001 -0.0001 -0.0001 0.0001 0.0000 0.0000 0.0000 0.0000 0.0000 0.0000 0.0000 0.0000 0.0000 0.0000 0.0000 -0.0001 -10.0001 -0.0001 0.0001 10.0000 0.0000 0.0000 0.0000 0.0000 0.0000 0.0000 0.0000 0.0000 0.0000 0.0000 0.0000 -90.0000 -89.9999 0.0000 0.0000 0.0001 0.0000 0.0001 0.0000 0.0000 0.0000 0.0001 -0.0001 -20.0000 0.0000 0.0001 20.0000 -0.0003 0.0000 -0.0001 0.0000 0.0000 0.0000 0.0000 0.0000 0.0000 0.0000 -0.0001 -9.9999 -0.0002 0.0001 9.9999 0.0000 0.0000 0.0000 0.0000 0.0000 0.0000 0.0000 0.0000 0.0000 -0.0001 0.0000 0.0000 0.0000 0.0000 0.0000 0.0000 0.0001 0.0000 0.0001 0.0000 0.0000 0.0000 0.0000 0.0000 0.0000 0.0000 10.0001 -0.0001 0.0000 -10.0001 0.0000 0.0000 0.0000 0.0000 0.0000 0.0000 0.0002 0.0000 0.0000 -40.8933 20.7047 22.2076 4.1067 -20.7047 -22.2077 0.0000 0.0000 0.0000 0.0000 0.0004 0.0000 90.0000 0.0000 0.0000 0.0000 0.0000 0.0000 -270.0000 90.0000 0.0000 0.0000 0.0000 0.0000 0.0000 0.0000 0.0000 -90.0000 0.0000 0.0000 0.0000 -0.0001 0.0000 270.0002 90.0000 0.0000 0.0000 0.0000 0.0000 0.0000 0.0000 0.0000 
0.0000 94.0000 0.0000 0.0000 0.0000 0.0000 0.0000 0.0001 180.0000 0.0000 0.0000 0.0000 0.0000 0.0000 0.0000 0.0000 0.0000 0.0000 0.0000 0.0000 0.0000 0.0000 0.0000 0.0000 0.0000 0.0000 0.0000 0.0000 0.0000 90.0001 89.9999 0.0000 0.0000 0.0000 0.0000 0.0001 0.0000 0.0000 0.0000 40.8933 20.7046 -22.2077 -4.1067 -20.7048 22.2077 0.0000 0.0000 0.0000 0.0000 0.0003 0.0000 -0.0001 -0.0001 20.0000 0.0000 0.0001 -20.0000 0.0000 0.0000 0.0000 0.0000 0.0000 0.0000 0.0000 0.0000 0.0000 0.0000 -0.0001 10.0000 -0.0001 0.0000 -10.0000 0.0000 0.0000 0.0000 0.0000 0.0000 0.0000 0.0000 0.0000 0.0000 0.0000 -0.0001 -0.0001 -0.0001 0.0001 0.0000 0.0000 0.0000 0.0000 0.0000 0.0000 0.0000 0.0000 0.0000 0.0000 0.0000 -0.0001 -10.0001 -0.0001 0.0001 10.0000 0.0000 0.0000 0.0000 0.0000 0.0000 0.0000 0.0000 0.0000 0.0000 0.0000 0.0000 -90.0000 -89.9999 0.0000 0.0000 0.0001 0.0000 0.0001 0.0000 0.0000 0.0000 0.0001 -0.0001 -20.0000 0.0000 0.0001 20.0000 -0.0003 0.0000 -0.0001 0.0000 0.0000 0.0000 0.0000 0.0000 0.0000 0.0000 -0.0001 -9.9999 -0.0002 0.0001 9.9999 0.0000 0.0000 0.0000 0.0000 0.0000 0.0000 0.0000 0.0000 0.0000 -0.0001 0.0000 0.0000 0.0000 0.0000 0.0000 0.0000 0.0001 0.0000 0.0001 0.0000 0.0000 0.0000 0.0000 0.0000 0.0000 0.0000 10.0001 -0.0001 0.0000 -10.0001 0.0000 0.0000 0.0000 0.0000 0.0000 0.0000 0.0002 0.0000 0.0000 -40.8933 20.7047 22.2076 4.1067 -20.7047 -22.2077 0.0000 0.0000 0.0000 0.0000 0.0004 0.0000 90.0000 0.0000 0.0000 0.0000 0.0000 0.0000 -270.0000 90.0000 0.0000 0.0000 0.0000 0.0000 0.0000 0.0000 0.0000 -90.0000 0.0000 0.0000 0.0000 -0.0001 0.0000 270.0002 90.0000 0.0000 0.0000 0.0000 0.0000 0.0000 0.0000 0.0000 
0.0000 94.0000 0.0000 0.0000 0.0000 0.0000 0.0000 0.0001 180.0000 0.0000 0.0000 0.0000 0.0000 0.0000 0.0000 0.0000 0.0000 0.0000 0.0000 0.0000 0.0000 0.0000 0.0000 0.0000 0.0000 0.0000 0.0000 0.0000 0.0000 90.0001 89.9999 0.0000 0.0000 0.0000 0.0000 0.0001 0.0000 0.0000 0.0000 40.8933 20.7046 -22.2077 -4.1067 -20.7048 22.2077 0.0000 0.0000 0.0000 0.0000 0.0003 0.0000 -0.0001 -0.0001 20.0000 0.0000 0.0001 -20.0000 0.0000 0.0000 0.0000 0.0000 0.0000 0.0000 0.0000 0.0000 0.0000 0.0000 -0.0001 10.0000 -0.0001 0.0000 -10.0000 0.0000 0.0000 0.0000 0.0000 0.0000 0.0000 0.0000 0.0000 0.0000 0.0000 -0.0001 -0.0001 -0.0001 0.0001 0.0000 0.0000 0.0000 0.0000 0.0000 0.0000 0.0000 0.0000 0.0000 0.0000 0.0000 -0.0001 -10.0001 -0.0001 0.0001 10.0000 0.0000 0.0000 0.0000 0.0000 0.0000 0.0000 0.0000 0.0000 0.0000 0.0000 0.0000 -90.0000 -89.9999 0.0000 0.0000 0.0001 0.0000 0.0001 0.0000 0.0000 0.0000 0.0001 -0.0001 -20.0000 0.0000 0.0001 20.0000 -0.0003 0.0000 -0.0001 0.0000 0.0000 0.0000 0.0000 0.0000 0.0000 0.0000 -0.0001 -9.9999 -0.0002 0.0001 9.9999 0.0000 0.0000 0.0000 0.0000 0.0000 0.0000 0.0000 0.0000 0.0000 -0.0001 0.0000 0.0000 0.0000 0.0000 0.0000 0.0000 0.0001 0.0000 0.0001 0.0000 0.0000 0.0000 0.0000 0.0000 0.0000 0.0000 10.0001 -0.0001 0.0000 -10.0001 0.0000 0.0000 0.0000 0.0000 0.0000 0.0000 0.0002 0.0000 0.0000 -40.8933 20.7047 22.2076 4.1067 -20.7047 -22.2077 0.0000 0.0000 0.0000 0.0000 0.0004 0.0000 90.0000 0.0000 0.0000 0.0000 0.0000 0.0000 -270.0000 90.0000 0.0000 0.0000 0.0000 0.0000 0.0000 0.0000 0.0000 -90.0000 0.0000 0.0000 0.0000 -0.0001 0.0000 270.0002 90.0000 0.0000 0.0000 0.0000 0.0000 0.0000 0.0000 0.0000 
0.0000 94.0000 0.0000 0.0000 0.0000 0.0000 0.0000 0.0001 180.0000 0.0000 0.0000 0.0000 0.0000 0.0000 0.0000 0.0000 0.0000 0.0000 0.0000 0.0000 0.0000 0.0000 0.0000 0.0000 0.0000 0.0000 0.0000 0.0000 0.0000 90.0001 89.9999 0.0000 0.0000 0.0000 0.0000 0.0001 0.0000 0.0000 0.0000 40.8933 20.7046 -22.2077 -4.1067 -20.7048 22.2077 0.0000 0.0000 0.0000 0.0000 0.0003 0.0000 -0.0001 -0.0001 20.0000 0.0000 0.0001 -20.0000 0.0000 0.0000 0.0000 0.0000 0.0000 0.0000 0.0000 0.0000 0.0000 0.0000 -0.0001 10.0000 -0.0001 0.0000 -10.0000 0.0000 0.0000 0.0000 0.0000 0.0000 0.0000 0.0000 0.0000 0.0000 0.0000 -0.0001 -0.0001 -0.0001 0.0001 0.0000 0.0000 0.0000 0.0000 0.0000 0.0000 0.0000 0.0000 0.0000 0.0000 0.0000 -0.0001 -10.0001 -0.0001 0.0001 10.0000 0.0000 0.0000 0.0000 0.0000 0.0000 0.0000 0.0000 0.0000 0.0000 0.0000 0.0000 -90.0000 -89.9999 0.0000 0.0000 0.0001 0.0000 0.0001 0.0000 0.0000 0.0000 0.0001 -0.0001 -20.0000 0.0000 0.0001 20.0000 -0.0003 0.0000 -0.0001 0.0000 0.0000 0.0000 0.0000 0.0000 0.0000 0.0000 -0.0001 -9.9999 -0.0002 0.0001 9.9999 0.0000 0.0000 0.0000 0.0000 0.0000 0.0000 0.0000 0.0000 0.0000 -0.0001 0.0000 0.0000 0.0000 0.0000 0.0000 0.0000 0.0001 0.0000 0.0001 0.0000 0.0000 0.0000 0.0000 0.0000 0.0000 0.0000 10.0001 -0.0001 0.0000 -10.0001 0.0000 0.0000 0.0000 0.0000 0.0000 0.0000 0.0002 0.0000 0.0000 -40.8933 20.7047 22.2076 4.1067 -20.7047 -22.2077 0.0000 0.0000 0.0000 0.0000 0.0004 0.0000 90.0000 0.0000 0.0000 0.0000 0.0000 0.0000 -270.0000 90.0000 0.0000 0.0000 0.0000 0.0000 0.0000 0.0000 0.0000 -90.0000 0.0000 0.0000 0.0000 -0.0001 0.0000 270.0002 90.0000 0.0000 0.0000 0.0000 0.0000 0.0000 0.0000 0.0000 
0.0000 94.0000 0.0000 0.0000 0.0000 0.0000 0.0000 0.0001 180.0000 0.0000 0.0000 0.0000 0.0000 0.0000 0.0000 0.0000 0.0000 0.0000 0.0000 0.0000 0.0000 0.0000 0.0000 0.0000 0.0000 0.0000 0.0000 0.0000 0.0000 90.0001 89.9999 0.0000 0.0000 0.0000 0.0000 0.0001 0.0000 0.0000 0.0000 40.8933 20.7046 -22.2077 -4.1067 -20.7048 22.2077 0.0000 0.0000 0.0000 0.0000 0.0003 0.0000 -0.0001 -0.0001 20.0000 0.0000 0.0001 -20.0000 0.0000 0.0000 0.0000 0.0000 0.0000 0.0000 0.0000 0.0000 0.0000 0.0000 -0.0001 10.0000 -0.0001 0.0000 -10.0000 0.0000 0.0000 0.0000 0.0000 0.0000 0.0000 0.0000 0.0000 0.0000 0.0000 -0.0001 -0.0001 -0.0001 0.0001 0.0000 0.0000 0.0000 0.0000 0.0000 0.0000 0.0000 0.0000 0.0000 0.0000 0.0000 -0.0001 -10.0001 -0.0001 0.0001 10.0000 0.0000 0.0000 0.0000 0.0000 0.0000 0.0000 0.0000 0.0000 0.0000 0.0000 0.0000 -90.0000 -89.9999 0.0000 0.0000 0.0001 0.0000 0.0001 0.0000 0.0000 0.0000 0.0001 -0.0001 -20.0000 0.0000 0.0001 20.0000 -0.0003 0.0000 -0.0001 0.0000 0.0000 0.0000 0.0000 0.0000 0.0000 0.0000 -0.0001 -9.9999 -0.0002 0.0001 9.9999 0.0000 0.0000 0.0000 0.0000 0.0000 0.0000 0.0000 0.0000 0.0000 -0.0001 0.0000 0.0000 0.0000 0.0000 0.0000 0.0000 0.0001 0.0000 0.0001 0.0000 0.0000 0.0000 0.0000 0.0000 0.0000 0.0000 10.0001 -0.0001 0.0000 -10.0001 0.0000 0.0000 0.0000 0.0000 0.0000 0.0000 0.0002 0.0000 0.0000 -40.8933 20.7047 22.2076 4.1067 -20.7047 -22.2077 0.0000 0.0000 0.0000 0.0000 0.0004 0.0000 90.0000 0.0000 0.0000 0.0000 0.0000 0.0000 -270.0000 90.0000 0.0000 0.0000 0.0000 0.0000 0.0000 0.0000 0.0000 -90.0000 0.0000 0.0000 0.0000 -0.0001 0.0000 270.0002 90.0000 0.0000 0.0000 0.0000 0.0000 0.0000 0.0000 0.0000
0.0000 94.0000 0.0000 0.0000 0.0000 0.0000 0.0000 0.0001 180.0000 0.0000 0.0000 0.0000 0.0000 0.0000 0.0000 0.0000 0.0000 0.0000 0.0000 0.0000 0.0000 0.0000 0.0000 0.0000 0.0000 0.0000 0.0000 0.0000 0.0000 90.0001 89.9999 0.0000 0.0000 0.0000 0.0000 0.0001 0.0000 0.0000 0.0000 40.8933 20.7046 -22.2077 -4.1067 -20.7048 22.2077 0.0000 0.0000 0.0000 0.0000 0.0003 0.0000 -0.0001 -0.0001 20.0000 0.0000 0.0001 -20.0000 0.0000 0.0000 0.0000 0.0000 0.0000 0.0000 0.0000 0.0000 0.0000 0.0000 -0.0001 10.0000 -0.0001 0.0000 -10.0000 0.0000 0.0000 0.0000 0.0000 0.0000 0.0000 0.0000 0.0000 0.0000 0.0000 -0.0001 -0.0001 -0.0001 0.0001 0.0000 0.0000 0.0000 0.0000 0.0000 0.0000 0.0000 0.0000 0.0000 0.0000 0.0000 -0.0001 -10.0001 -0.0001 0.0001 10.0000 0.0000 0.0000 0.0000 0.0000 0.0000 0.0000 0.0000 0.0000 0.0000 0.0000 0.0000 -90.0000 -89.9999 0.0000 0.0000 0.0001 0.0000 0.0001 0.0000 0.0000 0.0000 0.0001 -0.0001 -20.0000 0.0000 0.0001 20.0000 -0.0003 0.0000 -0.0001 0.0000 0.0000 0.0000 0.0000 0.0000 0.0000 0.0000 -0.0001 -9.9999 -0.0002 0.0001 9.9999 0.0000 0.0000 0.0000 0.0000 0.0000 0.0000 0.0000 0.0000 0.0000 -0.0001 0.0000 0.0000 0.0000 0.0000 0.0000 0.0000 0.0001 0.0000 0.0001 0.0000 0.0000 0.0000 0.0000 0.0000 0.0000 0.0000 10.0001 -0.0001 0.0000 -10.0001 0.0000 0.0000 0.0000 0.0000 0.0000 0.0000 0.0002 0.0000 0.0000 -40.8933 20.7047 22.2076 4.1067 -20.7047 -22.2077 0.0000 0.0000 0.0000 0.0000 0.0004 0.0000 90.0000 0.0000 0.0000 0.0000 0.0000 0.0000 -270.0000 90.0000 0.0000 0.0000 0.0000 0.0000 0.0000 0.0000 0.0000 -90.0000 0.0000 0.0000 0.0000 -0.0001 0.0000 270.0002 90.0000 0.0000 0.0000 0.0000 0.0000 0.0000 0.0000 0.0000 
0.0000 94.0000 0.0000 0.0000 0.0000 0.0000 0.0000 0.0001 180.0000 0.0000 0.0000 0.0000 0.0000 0.0000 0.0000 0.0000 0.0000 0.0000 0.0000 0.0000 0.0000 0.0000 0.0000 0.0000 0.0000 0.0000 0.0000 0.0000 0.0000 90.0001 89.9999 0.0000 0.0000 0.0000 0.0000 0.0001 0.0000 0.0000 0.0000 40.8933 20.7046 -22.2077 -4.1067 -20.7048 22.2077 0.0000 0.0000 0.0000 0.0000 0.0003 0.0000 -0.0001 -0.0001 20.0000 0.0000 0.0001 -20.0000 0.0000 0.0000 0.0000 0.0000 0.0000 0.0000 0.0000 0.0000 0.0000 0.0000 -0.0001 10.0000 -0.0001 0.0000 -10.0000 0.0000 0.0000 0.0000 0.0000 0.0000 0.0000 0.0000 0.0000 0.0000 0.0000 -0.0001 -0.0001 -0.0001 0.0001 0.0000 0.0000 0.0000 0.0000 0.0000 0.0000 0.0000 0.0000 0.0000 0.0000 0.0000 -0.0001 -10.0001 -0.0001 0.0001 10.0000 0.0000 0.0000 0.0000 0.0000 0.0000 0.0000 0.0000 0.0000 0.0000 0.0000 0.0000 -90.0000 -89.9999 0.0000 0.0000 0.0001 0.0000 0.0001 0.0000 0.0000 0.0000 0.0001 -0.0001 -20.0000 0.0000 0.0001 20.0000 -0.0003 0.0000 -0.0001 0.0000 0.0000 0.0000 0.0000 0.0000 0.0000 0.0000 -0.0001 -9.9999 -0.0002 0.0001 9.9999 0.0000 0.0000 0.0000 0.0000 0.0000 0.0000 0.0000 0.0000 0.0000 -0.0001 0.0000 0.0000 0.0000 0.0000 0.0000 0.0000 0.0001 0.0000 0.0001 0.0000 0.0000 0.0000 0.0000 0.0000 0.0000 0.0000 10.0001 -0.0001 0.0000 -10.0001 0.0000 0.0000 0.0000 0.0000 0.0000 0.0000 0.0002 0.0000 0.0000 -40.8933 20.7047 22.2076 4.1067 -20.7047 -22.2077 0.0000 0.0000 0.0000 0.0000 0.0004 0.0000 90.0000 0.0000 0.0000 0.0000 0.0000 0.0000 -270.0000 90.0000 0.0000 0.0000 0.0000 0.0000 0.0000 0.0000 0.0000 -90.0000 0.0000 0.0000 0.0000 -0.0001 0.0000 270.0002 90.0000 0.0000 0.0000 0.0000 0.0000 0.0000 0.0000 0.0000 
0.0000 94.0000 0.0000 0.0000 0.0000 0.0000 0.0000 0.0001 180.0000 0.0000 0.0000 0.0000 0.0000 0.0000 0.0000 0.0000 0.0000 0.0000 0.0000 0.0000 0.0000 0.0000 0.0000 0.0000 0.0000 0.0000 0.0000 0.0000 0.0000 90.0001 89.9999 0.0000 0.0000 0.0000 0.0000 0.0001 0.0000 0.0000 0.0000 40.8933 20.7046 -22.2077 -4.1067 -20.7048 22.2077 0.0000 0.0000 0.0000 0.0000 0.0003 0.0000 -0.0001 -0.0001 20.0000 0.0000 0.0001 -20.0000 0.0000 0.0000 0.0000 0.0000 0.0000 0.0000 0.0000 0.0000 0.0000 0.0000 -0.0001 10.0000 -0.0001 0.0000 -10.0000 0.0000 0.0000 0.0000 0.0000 0.0000 0.0000 0.0000 0.0000 0.0000 0.0000 -0.0001 -0.0001 -0.0001 0.0001 0.0000 0.0000 0.0000 0.0000 0.0000 0.0000 0.0000 0.0000 0.0000 0.0000 0.0000 -0.0001 -10.0001 -0.0001 0.0001 10.0000 0.0000 0.0000 0.0000 0.0000 0.0000 0.0000 0.0000 0.0000 0.0000 0.0000 0.0000 -90.0000 -89.9999 0.0000 0.0000 0.0001 0.0000 0.0001 0.0000 0.0000 0.0000 0.0001 -0.0001 -20.0000 0.0000 0.0001 20.0000 -0.0003 0.0000 -0.0001 0.0000 0.0000 0.0000 0.0000 0.0000 0.0000 0.0000 -0.0001 -9.9999 -0.0002 0.0001 9.9999 0.0000 0.0000 0.0000 0.0000 0.0000 0.0000 0.0000 0.0000 0.0000 -0.0001 0.0000 0.0000 0.0000 0.0000 0.0000 0.0000 0.0001 0.0000 0.0001 0.0000 0.0000 0.0000 0.0000 0.0000 0.0000 0.0000 10.0001 -0.0001 0.0000 -10.0001 0.0000 0.0000 0.0000 0.0000 0.0000 0.0000 0.0002 0.0000 0.0000 -40.8933 20.7047 22.2076 4.1067 -20.7047 -22.2077 0.0000 0.0000 0.0000 0.0000 0.0004 0.0000 90.0000 0.0000 0.0000 0.0000 0.0000 0.0000 -270.0000 90.0000 0.0000 0.0000 0.0000 0.0000 0.0000 0.0000 0.0000 -90.0000 0.0000 0.0000 0.0000 -0.0001 0.0000 270.0002 90.0000 0.0000 0.0000 0.0000 0.0000 0.0000 0.0000 0.0000 
0.0000 94.0000 0.0000 0.0000 0.0000 0.0000 0.0000 0.0001 180.0000 0.0000 0.0000 0.0000 0.0000 0.0000 0.0000 0.0000 0.0000 0.0000 0.0000 0.0000 0.0000 0.0000 0.0000 0.0000 0.0000 0.0000 0.0000 0.0000 0.0000 90.0001 89.9999 0.0000 0.0000 0.0000 0.0000 0.0001 0.0000 0.0000 0.0000 40.8933 20.7046 -22.2077 -4.1067 -20.7048 22.2077 0.0000 0.0000 0.0000 0.0000 0.0003 0.0000 -0.0001 -0.0001 20.0000 0.0000 0.0001 -20.0000 0.0000 0.0000 0.0000 0.0000 0.0000 0.0000 0.0000 0.0000 0.0000 0.0000 -0.0001 10.0000 -0.0001 0.0000 -10.0000 0.0000 0.0000 0.0000 0.0000 0.0000 0.0000 0.0000 0.0000 0.0000 0.0000 -0.0001 -0.0001 -0.0001 0.0001 0.0000 0.0000 0.0000 0.0000 0.0000 0.0000 0.0000 0.0000 0.0000 0.0000 0.0000 -0.0001 -10.0001 -0.0001 0.0001 10.0000 0.0000 0.0000 0.0000 0.0000 0.0000 0.0000 0.0000 0.0000 0.0000 0.0000 0.0000 -90.0000 -89.9999 0.0000 0.0000 0.0001 0.0000 0.0001 0.0000 0.0000 0.0000 0.0001 -0.0001 -20.0000 0.0000 0.0001 20.0000 -0.0003 0.0000 -0.0001 0.0000 0.0000 0.0000 0.0000 0.0000 0.0000 0.0000 -0.0001 -9.9999 -0.0002 0.0001 9.9999 0.0000 0.0000 0.0000 0.0000 0.0000 0.0000 0.0000 0.0000 0.0000 -0.0001 0.0000 0.0000 0.0000 0.0000 0.0000 0.0000 0.0001 0.0000 0.0001 0.0000 0.0000 0.0000 0.0000 0.0000 0.0000 0.0000 10.0001 -0.0001 0.0000 -10.0001 0.0000 0.0000 0.0000 0.0000 0.0000 0.0000 0.0002 0.0000 0.0000 -40.8933 20.7047 22.2076 4.1067 -20.7047 -22.2077 0.0000 0.0000 0.0000 0.0000 0.0004 0.0000 90.0000 0.0000 0.0000 0.0000 0.0000 0.0000 -270.0000 90.0000 0.0000 0.0000 0.0000 0.0000 0.0000 0.0000 0.0000 -90.0000 0.0000 0.0000 0.0000 -0.0001 0.0000 270.0002 90.0000 0.0000 0.0000 0.0000 0.0000 0.0000 0.0000 0.0000 
0.0000 94.0000 0.0000 0.0000 0.0000 0.0000 0.0000 0.0001 180.0000 0.0000 0.0000 0.0000 0.0000 0.0000 0.0000 0.0000 0.0000 0.0000 0.0000 0.0000 0.0000 0.0000 0.0000 0.0000 0.0000 0.0000 0.0000 0.0000 0.0000 90.0001 89.9999 0.0000 0.0000 0.0000 0.0000 0.0001 0.0000 0.0000 0.0000 40.8933 20.7046 -22.2077 -4.1067 -20.7048 22.2077 0.0000 0.0000 0.0000 0.0000 0.0003 0.0000 -0.0001 -0.0001 20.0000 0.0000 0.0001 -20.0000 0.0000 0.0000 0.0000 0.0000 0.0000 0.0000 0.0000 0.0000 0.0000 0.0000 -0.0001 10.0000 -0.0001 0.0000 -10.0000 0.0000 0.0000 0.0000 0.0000 0.0000 0.0000 0.0000 0.0000 0.0000 0.0000 -0.0001 -0.0001 -0.0001 0.0001 0.0000 0.0000 0.0000 0.0000 0.0000 0.0000 0.0000 0.0000 0.0000 0.0000 0.0000 -0.0001 -10.0001 -0.0001 0.0001 10.0000 0.0000 0.0000 0.0000 0.0000 0.0000 0.0000 0.0000 0.0000 0.0000 0.0000 0.0000 -90.0000 -89.9999 0.0000 0.0000 0.0001 0.0000 0.0001 0.0000 0.0000 0.0000 0.0001 -0.0001 -20.0000 0.0000 0.0001 20.0000 -0.0003 0.0000 -0.0001 0.0000 0.0000 0.0000 0.0000 0.0000 0.0000 0.0000 -0.0001 -9.9999 -0.0002 0.0001 9.9999 0.0000 0.0000 0.0000 0.0000 0.0000 0.0000 0.0000 0.0000 0.0000 -0.0001 0.0000 0.0000 0.0000 0.0000 0.0000 0.0000 0.0001 0.0000 0.0001 0.0000 0.0000 0.0000 0.0000 0.0000 0.0000 0.0000 10.0001 -0.0001 0.0000 -10.0001 0.0000 0.0000 0.0000 0.0000 0.0000 0.0000 0.0002 0.0000 0.0000 -40.8933 20.7047 22.2076 4.1067 -20.7047 -22.2077 0.0000 0.0000 0.0000 0.0000 0.0004 0.0000 90.0000 0.0000 0.0000 0.0000 0.0000 0.0000 -270.0000 90.0000 0.0000 0.0000 0.0000 0.0000 0.0000 0.0000 0.0000 -90.0000 0.0000 0.0000 0.0000 -0.0001 0.0000 270.0002 90.0000 0.0000 0.0000 0.0000 0.0000 0.0000 0.0000 0.0000 
0.0000 94.0000 0.0000 0.0000 0.0000 0.0000 0.0000 0.0001 180.0000 0.0000 0.0000 0.0000 0.0000 0.0000 0.0000 0.0000 0.0000 0.0000 0.0000 0.0000 0.0000 0.0000 0.0000 0.0000 0.0000 0.0000 0.0000 0.0000 0.0000 90.0001 89.9999 0.0000 0.0000 0.0000 0.0000 0.0001 0.0000 0.0000 0.0000 40.8933 20.7046 -22.2077 -4.1067 -20.7048 22.2077 0.0000 0.0000 0.0000 0.0000 0.0003 0.0000 -0.0001 -0.0001 20.0000 0.0000 0.0001 -20.0000 0.0000 0.0000 0.0000 0.0000 0.0000 0.0000 0.0000 0.0000 0.0000 0.0000 -0.0001 10.0000 -0.0001 0.0000 -10.0000 0.0000 0.0000 0.0000 0.0000 0.0000 0.0000 0.0000 0.0000 0.0000 0.0000 -0.0001 -0.0001 -0.0001 0.0001 0.0000 0.0000 0.0000 0.0000 0.0000 0.0000 0.0000 0.0000 0.0000 0.0000 0.0000 -0.0001 -10.0001 -0.0001 0.0001 10.0000 0.0000 0.0000 0.0000 0.0000 0.0000 0.0000 0.0000 0.0000 0.0000 0.0000 0.0000 -90.0000 -89.9999 0.0000 0.0000 0.0001 0.0000 0.0001 0.0000 0.0000 0.0000 0.0001 -0.0001 -20.0000 0.0000 0.0001 20.0000 -0.0003 0.0000 -0.0001 0.0000 0.0000 0.0000 0.0000 0.0000 0.0000 0.0000 -0.0001 -9.9999 -0.0002 0.0001 9.9999 0.0000 0.0000 0.0000 0.0000 0.0000 0.0000 0.0000 0.0000 0.0000 -0.0001 0.0000 0.0000 0.0000 0.0000 0.0000 0.0000 0.0001 0.0000 0.0001 0.0000 0.0000 0.0000 0.0000 0.0000 0.0000 0.0000 10.0001 -0.0001 0.0000 -10.0001 0.0000 0.0000 0.0000 0.0000 0.0000 0.0000 0.0002 0.0000 0.0000 -40.8933 20.7047 22.2076 4.1067 -20.7047 -22.2077 0.0000 0.0000 0.0000 0.0000 0.0004 0.0000 90.0000 0.0000 0.0000 0.0000 0.0000 0.0000 -270.0000 90.0000 0.0000 0.0000 0.0000 0.0000 0.0000 0.0000 0.0000 -90.0000 0.0000 0.0000 0.0000 -0.0001 0.0000 270.0002 90.0000 0.0000 0.0000 0.0000 0.0000 0.0000 0.0000 0.0000 
0.0000 94.0000 0.0000 0.0000 0.0000 0.0000 0.0000 0.0001 180.0000 0.0000 0.0000 0.0000 0.0000 0.0000 0.0000 0.0000 0.0000 0.0000 0.0000 0.0000 0.0000 0.0000 0.0000 0.0000 0.0000 0.0000 0.0000 0.0000 0.0000 90.0001 89.9999 0.0000 0.0000 0.0000 0.0000 0.0001 0.0000 0.0000 0.0000 40.8933 20.7046 -22.2077 -4.1067 -20.7048 22.2077 0.0000 0.0000 0.0000 0.0000 0.0003 0.0000 -0.0001 -0.0001 20.0000 0.0000 0.0001 -20.0000 0.0000 0.0000 0.0000 0.0000 0.0000 0.0000 0.0000 0.0000 0.0000 0.0000 -0.0001 10.0000 -0.0001 0.0000 -10.0000 0.0000 0.0000 0.0000 0.0000 0.0000 0.0000 0.0000 0.0000 0.0000 0.0000 -0.0001 -0.0001 -0.0001 0.0001 0.0000 0.0000 0.0000 0.0000 0.0000 0.0000 0.0000 0.0000 0.0000 0.0000 0.0000 -0.0001 -10.0001 -0.0001 0.0001 10.0000 0.0000 0.0000 0.0000 0.0000 0.0000 0.0000 0.0000 0.0000 0.0000 0.0000 0.0000 -90.0000 -89.9999 0.0000 0.0000 0.0001 0.0000 0.0001 0.0000 0.0000 0.0000 0.0001 -0.0001 -20.0000 0.0000 0.0001 20.0000 -0.0003 0.0000 -0.0001 0.0000 0.0000 0.0000 0.0000 0.0000 0.0000 0.0000 -0.0001 -9.9999 -0.0002 0.0001 9.9999 0.0000 0.0000 0.0000 0.0000 0.0000 0.0000 0.0000 0.0000 0.0000 -0.0001 0.0000 0.0000 0.0000 0.0000 0.0000 0.0000 0.0001 0.0000 0.0001 0.0000 0.0000 0.0000 0.0000 0.0000 0.0000 0.0000 10.0001 -0.0001 0.0000 -10.0001 0.0000 0.0000 0.0000 0.0000 0.0000 0.0000 0.0002 0.0000 0.0000 -40.8933 20.7047 22.2076 4.1067 -20.7047 -22.2077 0.0000 0.0000 0.0000 0.0000 0.0004 0.0000 90.0000 0.0000 0.0000 0.0000 0.0000 0.0000 -270.0000 90.0000 0.0000 0.0000 0.0000 0.0000 0.0000 0.0000 0.0000 -90.0000 0.0000 0.0000 0.0000 -0.0001 0.0000 270.0002 90.0000 0.0000 0.0000 0.0000 0.0000 0.0000 0.0000 0.0000 
0.0000 94.0000 0.0000 0.0000 0.0000 0.0000 0.0000 0.0001 180.0000 0.0000 0.0000 0.0000 0.0000 0.0000 0.0000 0.0000 0.0000 0.0000 0.0000 0.0000 0.0000 0.0000 0.0000 0.0000 0.0000 0.0000 0.0000 0.0000 0.0000 90.0001 89.9999 0.0000 0.0000 0.0000 0.0000 0.0001 0.0000 0.0000 0.0000 40.8933 20.7046 -22.2077 -4.1067 -20.7048 22.2077 0.0000 0.0000 0.0000 0.0000 0.0003 0.0000 -0.0001 -0.0001 20.0000 0.0000 0.0001 -20.0000 0.0000 0.0000 0.0000 0.0000 0.0000 0.0000 0.0000 0.0000 0.0000 0.0000 -0.0001 10.0000 -0.0001 0.0000 -10.0000 0.0000 0.0000 0.0000 0.0000 0.0000 0.0000 0.0000 0.0000 0.0000 0.0000 -0.0001 -0.0001 -0.0001 0.0001 0.0000 0.0000 0.0000 0.0000 0.0000 0.0000 0.0000 0.0000 0.0000 0.0000 0.0000 -0.0001 -10.0001 -0.0001 0.0001 10.0000 0.0000 0.0000 0.0000 0.0000 0.0000 0.0000 0.0000 0.0000 0.0000 0.0000 0.0000 -90.0000 -89.9999 0.0000 0.0000 0.0001 0.0000 0.0001 0.0000 0.0000 0.0000 0.0001 -0.0001 -20.0000 0.0000 0.0001 20.0000 -0.0003 0.0000 -0.0001 0.0000 0.0000 0.0000 0.0000 0.0000 0.0000 0.0000 -0.0001 -9.9999 -0.0002 0.0001 9.9999 0.0000 0.0000 0.0000 0.0000 0.0000 0.0000 0.0000 0.0000 0.0000 -0.0001 0.0000 0.0000 0.0000 0.0000 0.0000 0.0000 0.0001 0.0000 0.0001 0.0000 0.0000 0.0000 0.0000 0.0000 0.0000 0.0000 10.0001 -0.0001 0.0000 -10.0001 0.0000 0.0000 0.0000 0.0000 0.0000 0.0000 0.0002 0.0000 0.0000 -40.8933 20.7047 22.2076 4.1067 -20.7047 -22.2077 0.0000 0.0000 0.0000 0.0000 0.0004 0.0000 90.0000 0.0000 0.0000 0.0000 0.0000 0.0000 -270.0000 90.0000 0.0000 0.0000 0.0000 0.0000 0.0000 0.0000 0.0000 -90.0000 0.0000 0.0000 0.0000 -0.0001 0.0000 270.0002 90.0000 0.0000 0.0000 0.0000 0.0000 0.0000 0.0000 0.0000 
0.0000 94.0000 0.0000 0.0000 0.0000 0.0000 0.0000 0.0001 180.0000 0.0000 0.0000 0.0000 0.0000 0.0000 0.0000 0.0000 0.0000 0.0000 0.0000 0.0000 0.0000 0.0000 0.0000 0.0000 0.0000 0.0000 0.0000 0.0000 0.0000 90.0001 89.9999 0.0000 0.0000 0.0000 0.0000 0.0001 0.0000 0.0000 0.0000 40.8933 20.7046 -22.2077 -4.1067 -20.7048 22.2077 0.0000 0.0000 0.0000 0.0000 0.0003 0.0000 -0.0001 -0.0001 20.0000 0.0000 0.0001 -20.0000 0.0000 0.0000 0.0000 0.0000 0.0000 0.0000 0.0000 0.0000 0.0000 0.0000 -0.0001 10.0000 -0.0001 0.0000 -10.0000 0.0000 0.0000 0.0000 0.0000 0.0000 0.0000 0.0000 0.0000 0.0000 0.0000 -0.0001 -0.0001 -0.0001 0.0001 0.0000 0.0000 0.0000 0.0000 0.0000 0.0000 0.0000 0.0000 0.0000 0.0000 0.0000 -0.0001 -10.0001 -0.0001 0.0001 10.0000 0.0000 0.0000 0.0000 0.0000 0.0000 0.0000 0.0000 0.0000 0.0000 0.0000 0.0000 -90.0000 -89.9999 0.0000 0.0000 0.0001 0.0000 0.0001 0.0000 0.0000 0.0000 0.0001 -0.0001 -20.0000 0.0000 0.0001 20.0000 -0.0003 0.0000 -0.0001 0.0000 0.0000 0.0000 0.0000 0.0000 0.0000 0.0000 -0.0001 -9.9999 -0.0002 0.0001 9.9999 0.0000 0.0000 0.0000 0.0000 0.0000 0.0000 0.0000 0.0000 0.0000 -0.0001 0.0000 0.0000 0.0000 0.0000 0.0000 0.0000 0.0001 0.0000 0.0001 0.0000 0.0000 0.0000 0.0000 0.0000 0.0000 0.0000 10.0001 -0.0001 0.0000 -10.0001 0.0000 0.0000 0.0000 0.0000 0.0000 0.0000 0.0002 0.0000 0.0000 -40.8933 20.7047 22.2076 4.1067 -20.7047 -22.2077 0.0000 0.0000 0.0000 0.0000 0.0004 0.0000 90.0000 0.0000 0.0000 0.0000 0.0000 0.0000 -270.0000 90.0000 0.0000 0.0000 0.0000 0.0000 0.0000 0.0000 0.0000 -90.0000 0.0000 0.0000 0.0000 -0.0001 0.0000 270.0002 90.0000 0.0000 0.0000 0.0000 0.0000 0.0000 0.0000 0.0000 
0.0000 94.0000 0.0000 0.0000 0.0000 0.0000 0.0000 0.0001 180.0000 0.0000 0.0000 0.0000 0.0000 0.0000 0.0000 0.0000 0.0000 0.0000 0.0000 0.0000 0.0000 0.0000 0.0000 0.0000 0.0000 0.0000 0.0000 0.0000 0.0000 90.0001 89.9999 0.0000 0.0000 0.0000 0.0000 0.0001 0.0000 0.0000 0.0000 40.8933 20.7046 -22.2077 -4.1067 -20.7048 22.2077 0.0000 0.0000 0.0000 0.0000 0.0003 0.0000 -0.0001 -0.0001 20.0000 0.0000 0.0001 -20.0000 0.0000 0.0000 0.0000 0.0000 0.0000 0.0000 0.0000 0.0000 0.0000 0.0000 -0.0001 10.0000 -0.0001 0.0000 -10.0000 0.0000 0.0000 0.0000 0.0000 0.0000 0.0000 0.0000 0.0000 0.0000 0.0000 -0.0001 -0.0001 -0.0001 0.0001 0.0000 0.0000 0.0000 0.0000 0.0000 0.0000 0.0000 0.0000 0.0000 0.0000 0.0000 -0.0001 -10.0001 -0.0001 0.0001 10.0000 0.0000 0.0000 0.0000 0.0000 0.0000 0.0000 0.0000 0.0000 0.0000 0.0000 0.0000 -90.0000 -89.9999 0.0000 0.0000 0.0001 0.0000 0.0001 0.0000 0.0000 0.0000 0.0001 -0.0001 -20.0000 0.0000 0.0001 20.0000 -0.0003 0.0000 -0.0001 0.0000 0.0000 0.0000 0.0000 0.0000 0.0000 0.0000 -0.0001 -9.9999 -0.0002 0.0001 9.9999 0.0000 0.0000 0.0000 0.0000 0.0000 0.0000 0.0000 0.0000 0.0000 -0.0001 0.0000 0.0000 0.0000 0.0000 0.0000 0.0000 0.0001 0.0000 0.0001 0.0000 0.0000 0.0000 0.0000 0.0000 0.0000 0.0000 10.0001 -0.0001 0.0000 -10.0001 0.0000 0.0000 0.0000 0.0000 0.0000 0.0000 0.0002 0.0000 0.0000 -40.8933 20.7047 22.2076 4.1067 -20.7047 -22.2077 0.0000 0.0000 0.0000 0.0000 0.0004 0.0000 90.0000 0.0000 0.0000 0.0000 0.0000 0.0000 -270.0000 90.0000 0.0000 0.0000 0.0000 0.0000 0.0000 0.0000 0.0000 -90.0000 0.0000 0.0000 0.0000 -0.0001 0.0000 270.0002 90.0000 0.0000 0.0000 0.0000 0.0000 0.0000 0.0000 0.0000
0.0000 94.0000 0.0000 0.0000 0.0000 0.0000 0.0000 0.0001 180.0000 0.0000 0.0000 0.0000 0.0000 0.0000 0.0000 0.0000 0.0000 0.0000 0.0000 0.0000 0.0000 0.0000 0.0000 0.0000 0.0000 0.0000 0.0000 0.0000 0.0000 90.0001 89.9999 0.0000 0.0000 0.0000 0.0000 0.0001 0.0000 0.0000 0.0000 40.8933 20.7046 -22.2077 -4.1067 -20.7048 22.2077 0.0000 0.0000 0.0000 0.0000 0.0003 0.0000 -0.0001 -0.0001 20.0000 0.0000 0.0001 -20.0000 0.0000 0.0000 0.0000 0.0000 0.0000 0.0000 0.0000 0.0000 0.0000 0.0000 -0.0001 10.0000 -0.0001 0.0000 -10.0000 0.0000 0.0000 0.0000 0.0000 0.0000 0.0000 0.0000 0.0000 0.0000 0.0000 -0.0001 -0.0001 -0.0001 0.0001 0.0000 0.0000 0.0000 0.0000 0.0000 0.0000 0.0000 0.0000 0.0000 0.0000 0.0000 -0.0001 -10.0001 -0.0001 0.0001 10.0000 0.0000 0.0000 0.0000 0.0000 0.0000 0.0000 0.0000 0.0000 0.0000 0.0000 0.0000 -90.0000 -89.9999 0.0000 0.0000 0.0001 0.0000 0.0001 0.0000 0.0000 0.0000 0.0001 -0.0001 -20.0000 0.0000 0.0001 20.0000 -0.0003 0.0000 -0.0001 0.0000 0.0000 0.0000 0.0000 0.0000 0.0000 0.0000 -0.0001 -9.9999 -0.0002 0.0001 9.9999 0.0000 0.0000 0.0000 0.0000 0.0000 0.0000 0.0000 0.0000 0.0000 -0.0001 0.0000 0.0000 0.0000 0.0000 0.0000 0.0000 0.0001 0.0000 0.0001 0.0000 0.0000 0.0000 0.0000 0.0000 0.0000 0.0000 10.0001 -0.0001 0.0000 -10.0001 0.0000 0.0000 0.0000 0.0000 0.0000 0.0000 0.0002 0.0000 0.0000 -40.8933 20.7047 22.2076 4.1067 -20.7047 -22.2077 0.0000 0.0000 0.0000 0.0000 0.0004 0.0000 90.0000 0.0000 0.0000 0.0000 0.0000 0.0000 -270.0000 90.0000 0.0000 0.0000 0.0000 0.0000 0.0000 0.0000 0.0000 -90.0000 0.0000 0.0000 0.0000 -0.0001 0.0000 270.0002 90.0000 0.0000 0.0000 0.0000 0.0000 0.0000 0.0000 0.0000 
0.0000 94.0000 0.0000 0.0000 0.0000 0.0000 0.0000 0.0001 180.0000 0.0000 0.0000 0.0000 0.0000 0.0000 0.0000 0.0000 0.0000 0.0000 0.0000 0.0000 0.0000 0.0000 0.0000 0.0000 0.0000 0.0000 0.0000 0.0000 0.0000 90.0001 89.9999 0.0000 0.0000 0.0000 0.0000 0.0001 0.0000 0.0000 0.0000 40.8933 20.7046 -22.2077 -4.1067 -20.7048 22.2077 0.0000 0.0000 0.0000 0.0000 0.0003 0.0000 -0.0001 -0.0001 20.0000 0.0000 0.0001 -20.0000 0.0000 0.0000 0.0000 0.0000 0.0000 0.0000 0.0000 0.0000 0.0000 0.0000 -0.0001 10.0000 -0.0001 0.0000 -10.0000 0.0000 0.0000 0.0000 0.0000 0.0000 0.0000 0.0000 0.0000 0.0000 0.0000 -0.0001 -0.0001 -0.0001 0.0001 0.0000 0.0000 0.0000 0.0000 0.0000 0.0000 0.0000 0.0000 0.0000 0.0000 0.0000 -0.0001 -10.0001 -0.0001 0.0001 10.0000 0.0000 0.0000 0.0000 0.0000 0.0000 0.0000 0.0000 0.0000 0.0000 0.0000 0.0000 -90.0000 -89.9999 0.0000 0.0000 0.0001 0.0000 0.0001 0.0000 0.0000 0.0000 0.0001 -0.0001 -20.0000 0.0000 0.0001 20.0000 -0.0003 0.0000 -0.0001 0.0000 0.0000 0.0000 0.0000 0.0000 0.0000 0.0000 -0.0001 -9.9999 -0.0002 0.0001 9.9999 0.0000 0.0000 0.0000 0.0000 0.0000 0.0000 0.0000 0.0000 0.0000 -0.0001 0.0000 0.0000 0.0000 0.0000 0.0000 0.0000 0.0001 0.0000 0.0001 0.0000 0.0000 0.0000 0.0000 0.0000 0.0000 0.0000 10.0001 -0.0001 0.0000 -10.0001 0.0000 0.0000 0.0000 0.0000 0.0000 0.0000 0.0002 0.0000 0.0000 -40.8933 20.7047 22.2076 4.1067 -20.7047 -22.2077 0.0000 0.0000 0.0000 0.0000 0.0004 0.0000 90.0000 0.0000 0.0000 0.0000 0.0000 0.0000 -270.0000 90.0000 0.0000 0.0000 0.0000 0.0000 0.0000 0.0000 0.0000 -90.0000 0.0000 0.0000 0.0000 -0.0001 0.0000 270.0002 90.0000 0.0000 0.0000 0.0000 0.0000 0.0000 0.0000 0.0000 
0.0000 94.0000 0.0000 0.0000 0.0000 0.0000 0.0000 0.0001 180.0000 0.0000 0.0000 0.0000 0.0000 0.0000 0.0000 0.0000 0.0000 0.0000 0.0000 0.0000 0.0000 0.0000 0.0000 0.0000 0.0000 0.0000 0.0000 0.0000 0.0000 90.0001 89.9999 0.0000 0.0000 0.0000 0.0000 0.0001 0.0000 0.0000 0.0000 40.8933 20.7046 -22.2077 -4.1067 -20.7048 22.2077 0.0000 0.0000 0.0000 0.0000 0.0003 0.0000 -0.0001 -0.0001 20.0000 0.0000 0.0001 -20.0000 0.0000 0.0000 0.0000 0.0000 0.0000 0.0000 0.0000 0.0000 0.0000 0.0000 -0.0001 10.0000 -0.0001 0.0000 -10.0000 0.0000 0.0000 0.0000 0.0000 0.0000 0.0000 0.0000 0.0000 0.0000 0.0000 -0.0001 -0.0001 -0.0001 0.0001 0.0000 0.0000 0.0000 0.0000 0.0000 0.0000 0.0000 0.0000 0.0000 0.0000 0.0000 -0.0001 -10.0001 -0.0001 0.0001 10.0000 0.0000 0.0000 0.0000 0.0000 0.0000 0.0000 0.0000 0.0000 0.0000 0.0000 0.0000 -90.0000 -89.9999 0.0000 0.0000 0.0001 0.0000 0.0001 0.0000 0.0000 0.0000 0.0001 -0.0001 -20.0000 0.0000 0.0001 20.0000 -0.0003 0.0000 -0.0001 0.0000 0.0000 0.0000 0.0000 0.0000 0.0000 0.0000 -0.0001 -9.9999 -0.0002 0.0001 9.9999 0.0000 0.0000 0.0000 0.0000 0.0000 0.0000 0.0000 0.0000 0.0000 -0.0001 0.0000 0.0000 0.0000 0.0000 0.0000 0.0000 0.0001 0.0000 0.0001 0.0000 0.0000 0.0000 0.0000 0.0000 0.0000 0.0000 10.0001 -0.0001 0.0000 -10.0001 0.0000 0.0000 0.0000 0.0000 0.0000 0.0000 0.0002 0.0000 0.0000 -40.8933 20.7047 22.2076 4.1067 -20.7047 -22.2077 0.0000 0.0000 0.0000 0.0000 0.0004 0.0000 90.0000 0.0000 0.0000 0.0000 0.0000 0.0000 -270.0000 90.0000 0.0000 0.0000 0.0000 0.0000 0.0000 0.0000 0.0000 -90.0000 0.0000 0.0000 0.0000 -0.0001 0.0000 270.0002 90.0000 0.0000 0.0000 0.0000 0.0000 0.0000 0.0000 0.0000 
0.0000 94.0000 0.0000 0.0000 0.0000 0.0000 0.0000 0.0001 180.0000 0.0000 0.0000 0.0000 0.0000 0.0000 0.0000 0.0000 0.0000 0.0000 0.0000 0.0000 0.0000 0.0000 0.0000 0.0000 0.0000 0.0000 0.0000 0.0000 0.0000 90.0001 89.9999 0.0000 0.0000 0.0000 0.0000 0.0001 0.0000 0.0000 0.0000 40.8933 20.7046 -22.2077 -4.1067 -20.7048 22.2077 0.0000 0.0000 0.0000 0.0000 0.0003 0.0000 -0.0001 -0.0001 20.0000 0.0000 0.0001 -20.0000 0.0000 0.0000 0.0000 0.0000 0.0000 0.0000 0.0000 0.0000 0.0000 0.0000 -0.0001 10.0000 -0.0001 0.0000 -10.0000 0.0000 0.0000 0.0000 0.0000 0.0000 0.0000 0.0000 0.0000 0.0000 0.0000 -0.0001 -0.0001 -0.0001 0.0001 0.0000 0.0000 0.0000 0.0000 0.0000 0.0000 0.0000 0.0000 0.0000 0.0000 0.0000 -0.0001 -10.0001 -0.0001 0.0001 10.0000 0.0000 0.0000 0.0000 0.0000 0.0000 0.0000 0.0000 0.0000 0.0000 0.0000 0.0000 -90.0000 -89.9999 0.0000 0.0000 0.0001 0.0000 0.0001 0.0000 0.0000 0.0000 0.0001 -0.0001 -20.0000 0.0000 0.0001 20.0000 -0.0003 0.0000 -0.0001 0.0000 0.0000 0.0000 0.0000 0.0000 0.0000 0.0000 -0.0001 -9.9999 -0.0002 0.0001 9.9999 0.0000 0.0000 0.0000 0.0000 0.0000 0.0000 0.0000 0.0000 0.0000 -0.0001 0.0000 0.0000 0.0000 0.0000 0.0000 0.0000 0.0001 0.0000 0.0001 0.0000 0.0000 0.0000 0.0000 0.0000 0.0000 0.0000 10.0001 -0.0001 0.0000 -10.0001 0.0000 0.0000 0.0000 0.0000 0.0000 0.0000 0.0002 0.0000 0.0000 -40.8933 20.7047 22.2076 4.1067 -20.7047 -22.2077 0.0000 0.0000 0.0000 0.0000 0.0004 0.0000 90.0000 0.0000 0.0000 0.0000 0.0000 0.0000 -270.0000 90.0000 0.0000 0.0000 0.0000 0.0000 0.0000 0.0000 0.0000 -90.0000 0.0000 0.0000 0.0000 -0.0001 0.0000 270.0002 90.0000 0.0000 0.0000 0.0000 0.0000 0.0000 0.0000 0.0000 
0.0000 94.0000 0.0000 0.0000 0.0000 0.0000 0.0000 0.0001 180.0000 0.0000 0.0000 0.0000 0.0000 0.0000 0.0000 0.0000 0.0000 0.0000 0.0000 0.0000 0.0000 0.0000 0.0000 0.0000 0.0000 0.0000 0.0000 0.0000 0.0000 90.0001 89.9999 0.0000 0.0000 0.0000 0.0000 0.0001 0.0000 0.0000 0.0000 40.8933 20.7046 -22.2077 -4.1067 -20.7048 22.2077 0.0000 0.0000 0.0000 0.0000 0.0003 0.0000 -0.0001 -0.0001 20.0000 0.0000 0.0001 -20.0000 0.0000 0.0000 0.0000 0.0000 0.0000 0.0000 0.0000 0.0000 0.0000 0.0000 -0.0001 10.0000 -0.0001 0.0000 -10.0000 0.0000 0.0000 0.0000 0.0000 0.0000 0.0000 0.0000 0.0000 0.0000 0.0000 -0.0001 -0.0001 -0.0001 0.0001 0.0000 0.0000 0.0000 0.0000 0.0000 0.0000 0.0000 0.0000 0.0000 0.0000 0.0000 -0.0001 -10.0001 -0.0001 0.0001 10.0000 0.0000 0.0000 0.0000 0.0000 0.0000 0.0000 0.0000 0.0000 0.0000 0.0000 0.0000 -90.0000 -89.9999 0.0000 0.0000 0.0001 0.0000 0.0001 0.0000 0.0000 0.0000 0.0001 -0.0001 -20.0000 0.0000 0.0001 20.0000 -0.0003 0.0000 -0.0001 0.0000 0.0000 0.0000 0.0000 0.0000 0.0000 0.0000 -0.0001 -9.9999 -0.0002 0.0001 9.9999 0.0000 0.0000 0.0000 0.0000 0.0000 0.0000 0.0000 0.0000 0.0000 -0.0001 0.0000 0.0000 0.0000 0.0000 0.0000 0.0000 0.0001 0.0000 0.0001 0.0000 0.0000 0.0000 0.0000 0.0000 0.0000 0.0000 10.0001 -0.0001 0.0000 -10.0001 0.0000 0.0000 0.0000 0.0000 0.0000 0.0000 0.0002 0.0000 0.0000 -40.8933 20.7047 22.2076 4.1067 -20.7047 -22.2077 0.0000 0.0000 0.0000 0.0000 0.0004 0.0000 90.0000 0.0000 0.0000 0.0000 0.0000 0.0000 -270.0000 90.0000 0.0000 0.0000 0.0000 0.0000 0.0000 0.0000 0.0000 -90.0000 0.0000 0.0000 0.0000 -0.0001 0.0000 270.0002 90.0000 0.0000 0.0000 0.0000 0.0000 0.0000 0.0000 0.0000 
0.0000 94.0000 0.0000 0.0000 0.0000 0.0000 0.0000 0.0001 180.0000 0.0000 0.0000 0.0000 0.0000 0.0000 0.0000 0.0000 0.0000 0.0000 0.0000 0.0000 0.0000 0.0000 0.0000 0.0000 0.0000 0.0000 0.0000 0.0000 0.0000 90.0001 89.9999 0.0000 0.0000 0.0000 0.0000 0.0001 0.0000 0.0000 0.0000 40.8933 20.7046 -22.2077 -4.1067 -20.7048 22.2077 0.0000 0.0000 0.0000 0.0000 0.0003 0.0000 -0.0001 -0.0001 20.0000 0.0000 0.0001 -20.0000 0.0000 0.0000 0.0000 0.0000 0.0000 0.0000 0.0000 0.0000 0.0000 0.0000 -0.0001 10.0000 -0.0001 0.0000 -10.0000 0.0000 0.0000 0.0000 0.0000 0.0000 0.0000 0.0000 0.0000 0.0000 0.0000 -0.0001 -0.0001 -0.0001 0.0001 0.0000 0.0000 0.0000 0.0000 0.0000 0.0000 0.0000 0.0000 0.0000 0.0000 0.0000 -0.0001 -10.0001 -0.0001 0.0001 10.0000 0.0000 0.0000 0.0000 0.0000 0.0000 0.0000 0.0000 0.0000 0.0000 0.0000 0.0000 -90.0000 -89.9999 0.0000 0.0000 0.0001 0.0000 0.0001 0.0000 0.0000 0.0000 0.0001 -0.0001 -20.0000 0.0000 0.0001 20.0000 -0.0003 0.0000 -0.0001 0.0000 0.0000 0.0000 0.0000 0.0000 0.0000 0.0000 -0.0001 -9.9999 -0.0002 0.0001 9.9999 0.0000 0.0000 0.0000 0.0000 0.0000 0.0000 0.0000 0.0000 0.0000 -0.0001 0.0000 0.0000 0.0000 0.0000 0.0000 0.0000 0.0001 0.0000 0.0001 0.0000 0.0000 0.0000 0.0000 0.0000 0.0000 0.0000 10.0001 -0.0001 0.0000 -10.0001 0.0000 0.0000 0.0000 0.0000 0.0000 0.0000 0.0002 0.0000 0.0000 -40.8933 20.7047 22.2076 4.1067 -20.7047 -22.2077 0.0000 0.0000 0.0000 0.0000 0.0004 0.0000 90.0000 0.0000 0.0000 0.0000 0.0000 0.0000 -270.0000 90.0000 0.0000 0.0000 0.0000 0.0000 0.0000 0.0000 0.0000 -90.0000 0.0000 0.0000 0.0000 -0.0001 0.0000 270.0002 90.0000 0.0000 0.0000 0.0000 0.0000 0.0000 0.0000 0.0000 
0.0000 94.0000 0.0000 0.0000 0.0000 0.0000 0.0000 0.0001 180.0000 0.0000 0.0000 0.0000 0.0000 0.0000 0.0000 0.0000 0.0000 0.0000 0.0000 0.0000 0.0000 0.0000 0.0000 0.0000 0.0000 0.0000 0.0000 0.0000 0.0000 90.0001 89.9999 0.0000 0.0000 0.0000 0.0000 0.0001 0.0000 0.0000 0.0000 40.8933 20.7046 -22.2077 -4.1067 -20.7048 22.2077 0.0000 0.0000 0.0000 0.0000 0.0003 0.0000 -0.0001 -0.0001 20.0000 0.0000 0.0001 -20.0000 0.0000 0.0000 0.0000 0.0000 0.0000 0.0000 0.0000 0.0000 0.0000 0.0000 -0.0001 10.0000 -0.0001 0.0000 -10.0000 0.0000 0.0000 0.0000 0.0000 0.0000 0.0000 0.0000 0.0000 0.0000 0.0000 -0.0001 -0.0001 -0.0001 0.0001 0.0000 0.0000 0.0000 0.0000 0.0000 0.0000 0.0000 0.0000 0.0000 0.0000 0.0000 -0.0001 -10.0001 -0.0001 0.0001 10.0000 0.0000 0.0000 0.0000 0.0000 0.0000 0.0000 0.0000 0.0000 0.0000 0.0000 0.0000 -90.0000 -89.9999 0.0000 0.0000 0.0001 0.0000 0.0001 0.0000 0.0000 0.0000 0.0001 -0.0001 -20.0000 0.0000 0.0001 20.0000 -0.0003 0.0000 -0.0001 0.0000 0.0000 0.0000 0.0000 0.0000 0.0000 0.0000 -0.0001 -9.9999 -0.0002 0.0001 9.9999 0.0000 0.0000 0.0000 0.0000 0.0000 0.0000 0.0000 0.0000 0.0000 -0.0001 0.0000 0.0000 0.0000 0.0000 0.0000 0.0000 0.0001 0.0000 0.0001 0.0000 0.0000 0.0000 0.0000 0.0000 0.0000 0.0000 10.0001 -0.0001 0.0000 -10.0001 0.0000 0.0000 0.0000 0.0000 0.0000 0.0000 0.0002 0.0000 0.0000 -40.8933 20.7047 22.2076 4.1067 -20.7047 -22.2077 0.0000 0.0000 0.0000 0.0000 0.0004 0.0000 90.0000 0.0000 0.0000 0.0000 0.0000 0.0000 -270.0000 90.0000 0.0000 0.0000 0.0000 0.0000 0.0000 0.0000 0.0000 -90.0000 0.0000 0.0000 0.0000 -0.0001 0.0000 270.0002 90.0000 0.0000 0.0000 0.0000 0.0000 0.0000 0.0000 0.0000 
0.0000 94.0000 0.0000 0.0000 0.0000 0.0000 0.0000 0.0001 180.0000 0.0000 0.0000 0.0000 0.0000 0.0000 0.0000 0.0000 0.0000 0.0000 0.0000 0.0000 0.0000 0.0000 0.0000 0.0000 0.0000 0.0000 0.0000 0.0000 0.0000 90.0001 89.9999 0.0000 0.0000 0.0000 0.0000 0.0001 0.0000 0.0000 0.0000 40.8933 20.7046 -22.2077 -4.1067 -20.7048 22.2077 0.0000 0.0000 0.0000 0.0000 0.0003 0.0000 -0.0001 -0.0001 20.0000 0.0000 0.0001 -20.0000 0.0000 0.0000 0.0000 0.0000 0.0000 0.0000 0.0000 0.0000 0.0000 0.0000 -0.0001 10.0000 -0.0001 0.0000 -10.0000 0.0000 0.0000 0.0000 0.0000 0.0000 0.0000 0.0000 0.0000 0.0000 0.0000 -0.0001 -0.0001 -0.0001 0.0001 0.0000 0.0000 0.0000 0.0000 0.0000 0.0000 0.0000 0.0000 0.0000 0.0000 0.0000 -0.0001 -10.0001 -0.0001 0.0001 10.0000 0.0000 0.0000 0.0000 0.0000 0.0000 0.0000 0.0000 0.0000 0.0000 0.0000 0.0000 -90.0000 -89.9999 0.0000 0.0000 0.0001 0.0000 0.0001 0.0000 0.0000 0.0000 0.0001 -0.0001 -20.0000 0.0000 0.0001 20.0000 -0.0003 0.0000 -0.0001 0.0000 0.0000 0.0000 0.0000 0.0000 0.0000 0.0000 -0.0001 -9.9999 -0.0002 0.0001 9.9999 0.0000 0.0000 0.0000 0.0000 0.0000 0.0000 0.0000 0.0000 0.0000 -0.0001 0.0000 0.0000 0.0000 0.0000 0.0000 0.0000 0.0001 0.0000 0.0001 0.0000 0.0000 0.0000 0.0000 0.0000 0.0000 0.0000 10.0001 -0.0001 0.0000 -10.0001 0.0000 0.0000 0.0000 0.0000 0.0000 0.0000 0.0002 0.0000 0.0000 -40.8933 20.7047 22.2076 4.1067 -20.7047 -22.2077 0.0000 0.0000 0.0000 0.0000 0.0004 0.0000 90.0000 0.0000 0.0000 0.0000 0.0000 0.0000 -270.0000 90.0000 0.0000 0.0000 0.0000 0.0000 0.0000 0.0000 0.0000 -90.0000 0.0000 0.0000 0.0000 -0.0001 0.0000 270.0002 90.0000 0.0000 0.0000 0.0000 0.0000 0.0000 0.0000 0.0000 
0.0000 94.0000 0.0000 0.0000 0.0000 0.0000 0.0000 0.0001 180.0000 0.0000 0.0000 0.0000 0.0000 0.0000 0.0000 0.0000 0.0000 0.0000 0.0000 0.0000 0.0000 0.0000 0.0000 0.0000 0.0000 0.0000 0.0000 0.0000 0.0000 90.0001 89.9999 0.0000 0.0000 0.0000 0.0000 0.0001 0.0000 0.0000 0.0000 40.8933 20.7046 -22.2077 -4.1067 -20.7048 22.2077 0.0000 0.0000 0.0000 0.0000 0.0003 0.0000 -0.0001 -0.0001 20.0000 0.0000 0.0001 -20.0000 0.0000 0.0000 0.0000 0.0000 0.0000 0.0000 0.0000 0.0000 0.0000 0.0000 -0.0001 10.0000 -0.0001 0.0000 -10.0000 0.0000 0.0000 0.0000 0.0000 0.0000 0.0000 0.0000 0.0000 0.0000 0.0000 -0.0001 -0.0001 -0.0001 0.0001 0.0000 0.0000 0.0000 0.0000 0.0000 0.0000 0.0000 0.0000 0.0000 0.0000 0.0000 -0.0001 -10.0001 -0.0001 0.0001 10.0000 0.0000 0.0000 0.0000 0.0000 0.0000 0.0000 0.0000 0.0000 0.0000 0.0000 0.0000 -90.0000 -89.9999 0.0000 0.0000 0.0001 0.0000 0.0001 0.0000 0.0000 0.0000 0.0001 -0.0001 -20.0000 0.0000 0.0001 20.0000 -0.0003 0.0000 -0.0001 0.0000 0.0000 0.0000 0.0000 0.0000 0.0000 0.0000 -0.0001 -9.9999 -0.0002 0.0001 9.9999 0.0000 0.0000 0.0000 0.0000 0.0000 0.0000 0.0000 0.0000 0.0000 -0.0001 0.0000 0.0000 0.0000 0.0000 0.0000 0.0000 0.0001 0.0000 0.0001 0.0000 0.0000 0.0000 0.0000 0.0000 0.0000 0.0000 10.0001 -0.0001 0.0000 -10.0001 0.0000 0.0000 0.0000 0.0000 0.0000 0.0000 0.0002 0.0000 0.0000 -40.8933 20.7047 22.2076 4.1067 -20.7047 -22.2077 0.0000 0.0000 0.0000 0.0000 0.0004 0.0000 90.0000 0.0000 0.0000 0.0000 0.0000 0.0000 -270.0000 90.0000 0.0000 0.0000 0.0000 0.0000 0.0000 0.0000 0.0000 -90.0000 0.0000 0.0000 0.0000 -0.0001 0.0000 270.0002 90.0000 0.0000 0.0000 0.0000 0.0000 0.0000 0.0000 0.0000 
0.0000 94.0000 0.0000 0.0000 0.0000 0.0000 0.0000 0.0001 180.0000 0.0000 0.0000 0.0000 0.0000 0.0000 0.0000 0.0000 0.0000 0.0000 0.0000 0.0000 0.0000 0.0000 0.0000 0.0000 0.0000 0.0000 0.0000 0.0000 0.0000 90.0001 89.9999 0.0000 0.0000 0.0000 0.0000 0.0001 0.0000 0.0000 0.0000 40.8933 20.7046 -22.2077 -4.1067 -20.7048 22.2077 0.0000 0.0000 0.0000 0.0000 0.0003 0.0000 -0.0001 -0.0001 20.0000 0.0000 0.0001 -20.0000 0.0000 0.0000 0.0000 0.0000 0.0000 0.0000 0.0000 0.0000 0.0000 0.0000 -0.0001 10.0000 -0.0001 0.0000 -10.0000 0.0000 0.0000 0.0000 0.0000 0.0000 0.0000 0.0000 0.0000 0.0000 0.0000 -0.0001 -0.0001 -0.0001 0.0001 0.0000 0.0000 0.0000 0.0000 0.0000 0.0000 0.0000 0.0000 0.0000 0.0000 0.0000 -0.0001 -10.0001 -0.0001 0.0001 10.0000 0.0000 0.0000 0.0000 0.0000 0.0000 0.0000 0.0000 0.0000 0.0000 0.0000 0.0000 -90.0000 -89.9999 0.0000 0.0000 0.0001 0.0000 0.0001 0.0000 0.0000 0.0000 0.0001 -0.0001 -20.0000 0.0000 0.0001 20.0000 -0.0003 0.0000 -0.0001 0.0000 0.0000 0.0000 0.0000 0.0000 0.0000 0.0000 -0.0001 -9.9999 -0.0002 0.0001 9.9999 0.0000 0.0000 0.0000 0.0000 0.0000 0.0000 0.0000 0.0000 0.0000 -0.0001 0.0000 0.0000 0.0000 0.0000 0.0000 0.0000 0.0001 0.0000 0.0001 0.0000 0.0000 0.0000 0.0000 0.0000 0.0000 0.0000 10.0001 -0.0001 0.0000 -10.0001 0.0000 0.0000 0.0000 0.0000 0.0000 0.0000 0.0002 0.0000 0.0000 -40.8933 20.7047 22.2076 4.1067 -20.7047 -22.2077 0.0000 0.0000 0.0000 0.0000 0.0004 0.0000 90.0000 0.0000 0.0000 0.0000 0.0000 0.0000 -270.0000 90.0000 0.0000 0.0000 0.0000 0.0000 0.0000 0.0000 0.0000 -90.0000 0.0000 0.0000 0.0000 -0.0001 0.0000 270.0002 90.0000 0.0000 0.0000 0.0000 0.0000 0.0000 0.0000 0.0000
0.0000 94.0000 0.0000 0.0000 0.0000 0.0000 0.0000 0.0001 180.0000 0.0000 0.0000 0.0000 0.0000 0.0000 0.0000 0.0000 0.0000 0.0000 0.0000 0.0000 0.0000 0.0000 0.0000 0.0000 0.0000 0.0000 0.0000 0.0000 0.0000 90.0001 89.9999 0.0000 0.0000 0.0000 0.0000 0.0001 0.0000 0.0000 0.0000 40.8933 20.7046 -22.2077 -4.1067 -20.7048 22.2077 0.0000 0.0000 0.0000 0.0000 0.0003 0.0000 -0.0001 -0.0001 20.0000 0.0000 0.0001 -20.0000 0.0000 0.0000 0.0000 0.0000 0.0000 0.0000 0.0000 0.0000 0.0000 0.0000 -0.0001 10.0000 -0.0001 0.0000 -10.0000 0.0000 0.0000 0.0000 0.0000 0.0000 0.0000 0.0000 0.0000 0.0000 0.0000 -0.0001 -0.0001 -0.0001 0.0001 0.0000 0.0000 0.0000 0.0000 0.0000 0.0000 0.0000 0.0000 0.0000 0.0000 0.0000 -0.0001 -10.0001 -0.0001 0.0001 10.0000 0.0000 0.0000 0.0000 0.0000 0.0000 0.0000 0.0000 0.0000 0.0000 0.0000 0.0000 -90.0000 -89.9999 0.0000 0.0000 0.0001 0.0000 0.0001 0.0000 0.0000 0.0000 0.0001 -0.0001 -20.0000 0.0000 0.0001 20.0000 -0.0003 0.0000 -0.0001 0.0000 0.0000 0.0000 0.0000 0.0000 0.0000 0.0000 -0.0001 -9.9999 -0.0002 0.0001 9.9999 0.0000 0.0000 0.0000 0.0000 0.0000 0.0000 0.0000 0.0000 0.0000 -0.0001 0.0000 0.0000 0.0000 0.0000 0.0000 0.0000 0.0001 0.0000 0.0001 0.0000 0.0000 0.0000 0.0000 0.0000 0.0000 0.0000 10.0001 -0.0001 0.0000 -10.0001 0.0000 0.0000 0.0000 0.0000 0.0000 0.0000 0.0002 0.0000 0.0000 -40.8933 20.7047 22.2076 4.1067 -20.7047 -22.2077 0.0000 0.0000 0.0000 0.0000 0.0004 0.0000 90.0000 0.0000 0.0000 0.0000 0.0000 0.0000 -270.0000 90.0000 0.0000 0.0000 0.0000 0.0000 0.0000 0.0000 0.0000 -90.0000 0.0000 0.0000 0.0000 -0.0001 0.0000 270.0002 90.0000 0.0000 0.0000 0.0000 0.0000 0.0000 0.0000 0.0000 
0.0000 94.0000 0.0000 0.0000 0.0000 0.0000 0.0000 0.0001 180.0000 0.0000 0.0000 0.0000 0.0000 0.0000 0.0000 0.0000 0.0000 0.0000 0.0000 0.0000 0.0000 0.0000 0.0000 0.0000 0.0000 0.0000 0.0000 0.0000 0.0000 90.0001 89.9999 0.0000 0.0000 0.0000 0.0000 0.0001 0.0000 0.0000 0.0000 40.8933 20.7046 -22.2077 -4.1067 -20.7048 22.2077 0.0000 0.0000 0.0000 0.0000 0.0003 0.0000 -0.0001 -0.0001 20.0000 0.0000 0.0001 -20.0000 0.0000 0.0000 0.0000 0.0000 0.0000 0.0000 0.0000 0.0000 0.0000 0.0000 -0.0001 10.0000 -0.0001 0.0000 -10.0000 0.0000 0.0000 0.0000 0.0000 0.0000 0.0000 0.0000 0.0000 0.0000 0.0000 -0.0001 -0.0001 -0.0001 0.0001 0.0000 0.0000 0.0000 0.0000 0.0000 0.0000 0.0000 0.0000 0.0000 0.0000 0.0000 -0.0001 -10.0001 -0.0001 0.0001 10.0000 0.0000 0.0000 0.0000 0.0000 0.0000 0.0000 0.0000 0.0000 0.0000 0.0000 0.0000 -90.0000 -89.9999 0.0000 0.0000 0.0001 0.0000 0.0001 0.0000 0.0000 0.0000 0.0001 -0.0001 -20.0000 0.0000 0.0001 20.0000 -0.0003 0.0000 -0.0001 0.0000 0.0000 0.0000 0.0000 0.0000 0.0000 0.0000 -0.0001 -9.9999 -0.0002 0.0001 9.9999 0.0000 0.0000 0.0000 0.0000 0.0000 0.0000 0.0000 0.0000 0.0000 -0.0001 0.0000 0.0000 0.0000 0.0000 0.0000 0.0000 0.0001 0.0000 0.0001 0.0000 0.0000 0.0000 0.0000 0.0000 0.0000 0.0000 10.0001 -0.0001 0.0000 -10.0001 0.0000 0.0000 0.0000 0.0000 0.0000 0.0000 0.0002 0.0000 0.0000 -40.8933 20.7047 22.2076 4.1067 -20.7047 -22.2077 0.0000 0.0000 0.0000 0.0000 0.0004 0.0000 90.0000 0.0000 0.0000 0.0000 0.0000 0.0000 -270.0000 90.0000 0.0000 0.0000 0.0000 0.0000 0.0000 0.0000 0.0000 -90.0000 0.0000 0.0000 0.0000 -0.0001 0.0000 270.0002 90.0000 0.0000 0.0000 0.0000 0.0000 0.0000 0.0000 0.0000 
0.0000 94.0000 0.0000 0.0000 0.0000 0.0000 0.0000 0.0001 180.0000 0.0000 0.0000 0.0000 0.0000 0.0000 0.0000 0.0000 0.0000 0.0000 0.0000 0.0000 0.0000 0.0000 0.0000 0.0000 0.0000 0.0000 0.0000 0.0000 0.0000 90.0001 89.9999 0.0000 0.0000 0.0000 0.0000 0.0001 0.0000 0.0000 0.0000 40.8933 20.7046 -22.2077 -4.1067 -20.7048 22.2077 0.0000 0.0000 0.0000 0.0000 0.0003 0.0000 -0.0001 -0.0001 20.0000 0.0000 0.0001 -20.0000 0.0000 0.0000 0.0000 0.0000 0.0000 0.0000 0.0000 0.0000 0.0000 0.0000 -0.0001 10.0000 -0.0001 0.0000 -10.0000 0.0000 0.0000 0.0000 0.0000 0.0000 0.0000 0.0000 0.0000 0.0000 0.0000 -0.0001 -0.0001 -0.0001 0.0001 0.0000 0.0000 0.0000 0.0000 0.0000 0.0000 0.0000 0.0000 0.0000 0.0000 0.0000 -0.0001 -10.0001 -0.0001 0.0001 10.0000 0.0000 0.0000 0.0000 0.0000 0.0000 0.0000 0.0000 0.0000 0.0000 0.0000 0.0000 -90.0000 -89.9999 0.0000 0.0000 0.0001 0.0000 0.0001 0.0000 0.0000 0.0000 0.0001 -0.0001 -20.0000 0.0000 0.0001 20.0000 -0.0003 0.0000 -0.0001 0.0000 0.0000 0.0000 0.0000 0.0000 0.0000 0.0000 -0.0001 -9.9999 -0.0002 0.0001 9.9999 0.0000 0.0000 0.0000 0.0000 0.0000 0.0000 0.0000 0.0000 0.0000 -0.0001 0.0000 0.0000 0.0000 0.0000 0.0000 0.0000 0.0001 0.0000 0.0001 0.0000 0.0000 0.0000 0.0000 0.0000 0.0000 0.0000 10.0001 -0.0001 0.0000 -10.0001 0.0000 0.0000 0.0000 0.0000 0.0000 0.0000 0.0002 0.0000 0.0000 -40.8933 20.7047 22.2076 4.1067 -20.7047 -22.2077 0.0000 0.0000 0.0000 0.0000 0.0004 0.0000 90.0000 0.0000 0.0000 0.0000 0.0000 0.0000 -270.0000 90.0000 0.0000 0.0000 0.0000 0.0000 0.0000 0.0000 0.0000 -90.0000 0.0000 0.0000 0.0000 -0.0001 0.0000 270.0002 90.0000 0.0000 0.0000 0.0000 0.0000 0.0000 0.0000 0.0000 
0.0000 94.0000 0.0000 0.0000 0.0000 0.0000 0.0000 0.0001 180.0000 0.0000 0.0000 0.0000 0.0000 0.0000 0.0000 0.0000 0.0000 0.0000 0.0000 0.0000 0.0000 0.0000 0.0000 0.0000 0.0000 0.0000 0.0000 0.0000 0.0000 90.0001 89.9999 0.0000 0.0000 0.0000 0.0000 0.0001 0.0000 0.0000 0.0000 40.8933 20.7046 -22.2077 -4.1067 -20.7048 22.2077 0.0000 0.0000 0.0000 0.0000 0.0003 0.0000 -0.0001 -0.0001 20.0000 0.0000 0.0001 -20.0000 0.0000 0.0000 0.0000 0.0000 0.0000 0.0000 0.0000 0.0000 0.0000 0.0000 -0.0001 10.0000 -0.0001 0.0000 -10.0000 0.0000 0.0000 0.0000 0.0000 0.0000 0.0000 0.0000 0.0000 0.0000 0.0000 -0.0001 -0.0001 -0.0001 0.0001 0.0000 0.0000 0.0000 0.0000 0.0000 0.0000 0.0000 0.0000 0.0000 0.0000 0.0000 -0.0001 -10.0001 -0.0001 0.0001 10.0000 0.0000 0.0000 0.0000 0.0000 0.0000 0.0000 0.0000 0.0000 0.0000 0.0000 0.0000 -90.0000 -89.9999 0.0000 0.0000 0.0001 0.0000 0.0001 0.0000 0.0000 0.0000 0.0001 -0.0001 -20.0000 0.0000 0.0001 20.0000 -0.0003 0.0000 -0.0001 0.0000 0.0000 0.0000 0.0000 0.0000 0.0000 0.0000 -0.0001 -9.9999 -0.0002 0.0001 9.9999 0.0000 0.0000 0.0000 0.0000 0.0000 0.0000 0.0000 0.0000 0.0000 -0.0001 0.0000 0.0000 0.0000 0.0000 0.0000 0.0000 0.0001 0.0000 0.0001 0.0000 0.0000 0.0000 0.0000 0.0000 0.0000 0.0000 10.0001 -0.0001 0.0000 -10.0001 0.0000 0.0000 0.0000 0.0000 0.0000 0.0000 0.0002 0.0000 0.0000 -40.8933 20.7047 22.2076 4.1067 -20.7047 -22.2077 0.0000 0.0000 0.0000 0.0000 0.0004 0.0000 90.0000 0.0000 0.0000 0.0000 0.0000 0.0000 -270.0000 90.0000 0.0000 0.0000 0.0000 0.0000 0.0000 0.0000 0.0000 -90.0000 0.0000 0.0000 0.0000 -0.0001 0.0000 270.0002 90.0000 0.0000 0.0000 0.0000 0.0000 0.0000 0.0000 0.0000 
0.0000 94.0000 0.0000 0.0000 0.0000 0.0000 0.0000 0.0001 180.0000 0.0000 0.0000 0.0000 0.0000 0.0000 0.0000 0.0000 0.0000 0.0000 0.0000 0.0000 0.0000 0.0000 0.0000 0.0000 0.0000 0.0000 0.0000 0.0000 0.0000 90.0001 89.9999 0.0000 0.0000 0.0000 0.0000 0.0001 0.0000 0.0000 0.0000 40.8933 20.7046 -22.2077 -4.1067 -20.7048 22.2077 0.0000 0.0000 0.0000 0.0000 0.0003 0.0000 -0.0001 -0.0001 20.0000 0.0000 0.0001 -20.0000 0.0000 0.0000 0.0000 0.0000 0.0000 0.0000 0.0000 0.0000 0.0000 0.0000 -0.0001 10.0000 -0.0001 0.0000 -10.0000 0.0000 0.0000 0.0000 0.0000 0.0000 0.0000 0.0000 0.0000 0.0000 0.0000 -0.0001 -0.0001 -0.0001 0.0001 0.0000 0.0000 0.0000 0.0000 0.0000 0.0000 0.0000 0.0000 0.0000 0.0000 0.0000 -0.0001 -10.0001 -0.0001 0.0001 10.0000 0.0000 0.0000 0.0000 0.0000 0.0000 0.0000 0.0000 0.0000 0.0000 0.0000 0.0000 -90.0000 -89.9999 0.0000 0.0000 0.0001 0.0000 0.0001 0.0000 0.0000 0.0000 0.0001 -0.0001 -20.0000 0.0000 0.0001 20.0000 -0.0003 0.0000 -0.0001 0.0000 0.0000 0.0000 0.0000 0.0000 0.0000 0.0000 -0.0001 -9.9999 -0.0002 0.0001 9.9999 0.0000 0.0000 0.0000 0.0000 0.0000 0.0000 0.0000 0.0000 0.0000 -0.0001 0.0000 0.0000 0.0000 0.0000 0.0000 0.0000 0.0001 0.0000 0.0001 0.0000 0.0000 0.0000 0.0000 0.0000 0.0000 0.0000 10.0001 -0.0001 0.0000 -10.0001 0.0000 0.0000 0.0000 0.0000 0.0000 0.0000 0.0002 0.0000 0.0000 -40.8933 20.7047 22.2076 4.1067 -20.7047 -22.2077 0.0000 0.0000 0.0000 0.0000 0.0004 0.0000 90.0000 0.0000 0.0000 0.0000 0.0000 0.0000 -270.0000 90.0000 0.0000 0.0000 0.0000 0.0000 0.0000 0.0000 0.0000 -90.0000 0.0000 0.0000 0.0000 -0.0001 0.0000 270.0002 90.0000 0.0000 0.0000 0.0000 0.0000 0.0000 0.0000 0.0000 
0.0000 94.0000 0.0000 0.0000 0.0000 0.0000 0.0000 0.0001 180.0000 0.0000 0.0000 0.0000 0.0000 0.0000 0.0000 0.0000 0.0000 0.0000 0.0000 0.0000 0.0000 0.0000 0.0000 0.0000 0.0000 0.0000 0.0000 0.0000 0.0000 90.0001 89.9999 0.0000 0.0000 0.0000 0.0000 0.0001 0.0000 0.0000 0.0000 40.8933 20.7046 -22.2077 -4.1067 -20.7048 22.2077 0.0000 0.0000 0.0000 0.0000 0.0003 0.0000 -0.0001 -0.0001 20.0000 0.0000 0.0001 -20.0000 0.0000 0.0000 0.0000 0.0000 0.0000 0.0000 0.0000 0.0000 0.0000 0.0000 -0.0001 10.0000 -0.0001 0.0000 -10.0000 0.0000 0.0000 0.0000 0.0000 0.0000 0.0000 0.0000 0.0000 0.0000 0.0000 -0.0001 -0.0001 -0.0001 0.0001 0.0000 0.0000 0.0000 0.0000 0.0000 0.0000 0.0000 0.0000 0.0000 0.0000 0.0000 -0.0001 -10.0001 -0.0001 0.0001 10.0000 0.0000 0.0000 0.0000 0.0000 0.0000 0.0000 0.0000 0.0000 0.0000 0.0000 0.0000 -90.0000 -89.9999 0.0000 0.0000 0.0001 0.0000 0.0001 0.0000 0.0000 0.0000 0.0001 -0.0001 -20.0000 0.0000 0.0001 20.0000 -0.0003 0.0000 -0.0001 0.0000 0.0000 0.0000 0.0000 0.0000 0.0000 0.0000 -0.0001 -9.9999 -0.0002 0.0001 9.9999 0.0000 0.0000 0.0000 0.0000 0.0000 0.0000 0.0000 0.0000 0.0000 -0.0001 0.0000 0.0000 0.0000 0.0000 0.0000 0.0000 0.0001 0.0000 0.0001 0.0000 0.0000 0.0000 0.0000 0.0000 0.0000 0.0000 10.0001 -0.0001 0.0000 -10.0001 0.0000 0.0000 0.0000 0.0000 0.0000 0.0000 0.0002 0.0000 0.0000 -40.8933 20.7047 22.2076 4.1067 -20.7047 -22.2077 0.0000 0.0000 0.0000 0.0000 0.0004 0.0000 90.0000 0.0000 0.0000 0.0000 0.0000 0.0000 -270.0000 90.0000 0.0000 0.0000 0.0000 0.0000 0.0000 0.0000 0.0000 -90.0000 0.0000 0.0000 0.0000 -0.0001 0.0000 270.0002 90.0000 0.0000 0.0000 0.0000 0.0000 0.0000 0.0000 0.0000 
0.0000 94.0000 0.0000 0.0000 0.0000 0.0000 0.0000 0.0001 180.0000 0.0000 0.0000 0.0000 0.0000 0.0000 0.0000 0.0000 0.0000 0.0000 0.0000 0.0000 0.0000 0.0000 0.0000 0.0000 0.0000 0.0000 0.0000 0.0000 0.0000 90.0001 89.9999 0.0000 0.0000 0.0000 0.0000 0.0001 0.0000 0.0000 0.0000 40.8933 20.7046 -22.2077 -4.1067 -20.7048 22.2077 0.0000 0.0000 0.0000 0.0000 0.0003 0.0000 -0.0001 -0.0001 20.0000 0.0000 0.0001 -20.0000 0.0000 0.0000 0.0000 0.0000 0.0000 0.0000 0.0000 0.0000 0.0000 0.0000 -0.0001 10.0000 -0.0001 0.0000 -10.0000 0.0000 0.0000 0.0000 0.0000 0.0000 0.0000 0.0000 0.0000 0.0000 0.0000 -0.0001 -0.0001 -0.0001 0.0001 0.0000 0.0000 0.0000 0.0000 0.0000 0.0000 0.0000 0.0000 0.0000 0.0000 0.0000 -0.0001 -10.0001 -0.0001 0.0001 10.0000 0.0000 0.0000 0.0000 0.0000 0.0000 0.0000 0.0000 0.0000 0.0000 0.0000 0.0000 -90.0000 -89.9999 0.0000 0.0000 0.0001 0.0000 0.0001 0.0000 0.0000 0.0000 0.0001 -0.0001 -20.0000 0.0000 0.0001 20.0000 -0.0003 0.0000 -0.0001 0.0000 0.0000 0.0000 0.0000 0.0000 0.0000 0.0000 -0.0001 -9.9999 -0.0002 0.0001 9.9999 0.0000 0.0000 0.0000 0.0000 0.0000 0.0000 0.0000 0.0000 0.0000 -0.0001 0.0000 0.0000 0.0000 0.0000 0.0000 0.0000 0.0001 0.0000 0.0001 0.0000 0.0000 0.0000 0.0000 0.0000 0.0000 0.0000 10.0001 -0.0001 0.0000 -10.0001 0.0000 0.0000 0.0000 0.0000 0.0000 0.0000 0.0002 0.0000 0.0000 -40.8933 20.7047 22.2076 4.1067 -20.7047 -22.2077 0.0000 0.0000 0.0000 0.0000 0.0004 0.0000 90.0000 0.0000 0.0000 0.0000 0.0000 0.0000 -270.0000 90.0000 0.0000 0.0000 0.0000 0.0000 0.0000 0.0000 0.0000 -90.0000 0.0000 0.0000 0.0000 -0.0001 0.0000 270.0002 90.0000 0.0000 0.0000 0.0000 0.0000 0.0000 0.0000 0.0000 
0.0000 94.0000 0.0000 0.0000 0.0000 0.0000 0.0000 0.0001 180.0000 0.0000 0.0000 0.0000 0.0000 0.0000 0.0000 0.0000 0.0000 0.0000 0.0000 0.0000 0.0000 0.0000 0.0000 0.0000 0.0000 0.0000 0.0000 0.0000 0.0000 90.0001 89.9999 0.0000 0.0000 0.0000 0.0000 0.0001 0.0000 0.0000 0.0000 40.8933 20.7046 -22.2077 -4.1067 -20.7048 22.2077 0.0000 0.0000 0.0000 0.0000 0.0003 0.0000 -0.0001 -0.0001 20.0000 0.0000 0.0001 -20.0000 0.0000 0.0000 0.0000 0.0000 0.0000 0.0000 0.0000 0.0000 0.0000 0.0000 -0.0001 10.0000 -0.0001 0.0000 -10.0000 0.0000 0.0000 0.0000 0.0000 0.0000 0.0000 0.0000 0.0000 0.0000 0.0000 -0.0001 -0.0001 -0.0001 0.0001 0.0000 0.0000 0.0000 0.0000 0.0000 0.0000 0.0000 0.0000 0.0000 0.0000 0.0000 -0.0001 -10.0001 -0.0001 0.0001 10.0000 0.0000 0.0000 0.0000 0.0000 0.0000 0.0000 0.0000 0.0000 0.0000 0.0000 0.0000 -90.0000 -89.9999 0.0000 0.0000 0.0001 0.0000 0.0001 0.0000 0.0000 0.0000 0.0001 -0.0001 -20.0000 0.0000 0.0001 20.0000 -0.0003 0.0000 -0.0001 0.0000 0.0000 0.0000 0.0000 0.0000 0.0000 0.0000 -0.0001 -9.9999 -0.0002 0.0001 9.9999 0.0000 0.0000 0.0000 0.0000 0.0000 0.0000 0.0000 0.0000 0.0000 -0.0001 0.0000 0.0000 0.0000 0.0000 0.0000 0.0000 0.0001 0.0000 0.0001 0.0000 0.0000 0.0000 0.0000 0.0000 0.0000 0.0000 10.0001 -0.0001 0.0000 -10.0001 0.0000 0.0000 0.0000 0.0000 0.0000 0.0000 0.0002 0.0000 0.0000 -40.8933 20.7047 22.2076 4.1067 -20.7047 -22.2077 0.0000 0.0000 0.0000 0.0000 0.0004 0.0000 90.0000 0.0000 0.0000 0.0000 0.0000 0.0000 -270.0000 90.0000 0.0000 0.0000 0.0000 0.0000 0.0000 0.0000 0.0000 -90.0000 0.0000 0.0000 0.0000 -0.0001 0.0000 270.0002 90.0000 0.0000 0.0000 0.0000 0.0000 0.0000 0.0000 0.0000 
0.0000 94.0000 0.0000 0.0000 0.0000 0.0000 0.0000 0.0001 180.0000 0.0000 0.0000 0.0000 0.0000 0.0000 0.0000 0.0000 0.0000 0.0000 0.0000 0.0000 0.0000 0.0000 0.0000 0.0000 0.0000 0.0000 0.0000 0.0000 0.0000 90.0001 89.9999 0.0000 0.0000 0.0000 0.0000 0.0001 0.0000 0.0000 0.0000 40.8933 20.7046 -22.2077 -4.1067 -20.7048 22.2077 0.0000 0.0000 0.0000 0.0000 0.0003 0.0000 -0.0001 -0.0001 20.0000 0.0000 0.0001 -20.0000 0.0000 0.0000 0.0000 0.0000 0.0000 0.0000 0.0000 0.0000 0.0000 0.0000 -0.0001 10.0000 -0.0001 0.0000 -10.0000 0.0000 0.0000 0.0000 0.0000 0.0000 0.0000 0.0000 0.0000 0.0000 0.0000 -0.0001 -0.0001 -0.0001 0.0001 0.0000 0.0000 0.0000 0.0000 0.0000 0.0000 0.0000 0.0000 0.0000 0.0000 0.0000 -0.0001 -10.0001 -0.0001 0.0001 10.0000 0.0000 0.0000 0.0000 0.0000 0.0000 0.0000 0.0000 0.0000 0.0000 0.0000 0.0000 -90.0000 -89.9999 0.0000 0.0000 0.0001 0.0000 0.0001 0.0000 0.0000 0.0000 0.0001 -0.0001 -20.0000 0.0000 0.0001 20.0000 -0.0003 0.0000 -0.0001 0.0000 0.0000 0.0000 0.0000 0.0000 0.0000 0.0000 -0.0001 -9.9999 -0.0002 0.0001 9.9999 0.0000 0.0000 0.0000 0.0000 0.0000 0.0000 0.0000 0.0000 0.0000 -0.0001 0.0000 0.0000 0.0000 0.0000 0.0000 0.0000 0.0001 0.0000 0.0001 0.0000 0.0000 0.0000 0.0000 0.0000 0.0000 0.0000 10.0001 -0.0001 0.0000 -10.0001 0.0000 0.0000 0.0000 0.0000 0.0000 0.0000 0.0002 0.0000 0.0000 -40.8933 20.7047 22.2076 4.1067 -20.7047 -22.2077 0.0000 0.0000 0.0000 0.0000 0.0004 0.0000 90.0000 0.0000 0.0000 0.0000 0.0000 0.0000 -270.0000 90.0000 0.0000 0.0000 0.0000 0.0000 0.0000 0.0000 0.0000 -90.0000 0.0000 0.0000 0.0000 -0.0001 0.0000 270.0002 90.0000 0.0000 0.0000 0.0000 0.0000 0.0000 0.0000 0.0000 
0.0000 94.0000 0.0000 0.0000 0.0000 0.0000 0.0000 0.0001 180.0000 0.0000 0.0000 0.0000 0.0000 0.0000 0.0000 0.0000 0.0000 0.0000 0.0000 0.0000 0.0000 0.0000 0.0000 0.0000 0.0000 0.0000 0.0000 0.0000 0.0000 90.0001 89.9999 0.0000 0.0000 0.0000 0.0000 0.0001 0.0000 0.0000 0.0000 40.8933 20.7046 -22.2077 -4.1067 -20.7048 22.2077 0.0000 0.0000 0.0000 0.0000 0.0003 0.0000 -0.0001 -0.0001 20.0000 0.0000 0.0001 -20.0000 0.0000 0.0000 0.0000 0.0000 0.0000 0.0000 0.0000 0.0000 0.0000 0.0000 -0.0001 10.0000 -0.0001 0.0000 -10.0000 0.0000 0.0000 0.0000 0.0000 0.0000 0.0000 0.0000 0.0000 0.0000 0.0000 -0.0001 -0.0001 -0.0001 0.0001 0.0000 0.0000 0.0000 0.0000 0.0000 0.0000 0.0000 0.0000 0.0000 0.0000 0.0000 -0.0001 -10.0001 -0.0001 0.0001 10.0000 0.0000 0.0000 0.0000 0.0000 0.0000 0.0000 0.0000 0.0000 0.0000 0.0000 0.0000 -90.0000 -89.9999 0.0000 0.0000 0.0001 0.0000 0.0001 0.0000 0.0000 0.0000 0.0001 -0.0001 -20.0000 0.0000 0.0001 20.0000 -0.0003 0.0000 -0.0001 0.0000 0.0000 0.0000 0.0000 0.0000 0.0000 0.0000 -0.0001 -9.9999 -0.0002 0.0001 9.9999 0.0000 0.0000 0.0000 0.0000 0.0000 0.0000 0.0000 0.0000 0.0000 -0.0001 0.0000 0.0000 0.0000 0.0000 0.0000 0.0000 0.0001 0.0000 0.0001 0.0000 0.0000 0.0000 0.0000 0.0000 0.0000 0.0000 10.0001 -0.0001 0.0000 -10.0001 0.0000 0.0000 0.0000 0.0000 0.0000 0.0000 0.0002 0.0000 0.0000 -40.8933 20.7047 22.2076 4.1067 -20.7047 -22.2077 0.0000 0.0000 0.0000 0.0000 0.0004 0.0000 90.0000 0.0000 0.0000 0.0000 0.0000 0.0000 -270.0000 90.0000 0.0000 0.0000 0.0000 0.0000 0.0000 0.0000 0.0000 -90.0000 0.0000 0.0000 0.0000 -0.0001 0.0000 270.0002 90.0000 0.0000 0.0000 0.0000 0.0000 0.0000 0.0000 0.0000
0.0000 94.0000 0.0000 0.0000 0.0000 0.0000 0.0000 0.0001 180.0000 0.0000 0.0000 0.0000 0.0000 0.0000 0.0000 0.0000 0.0000 0.0000 0.0000 0.0000 0.0000 0.0000 0.0000 0.0000 0.0000 0.0000 0.0000 0.0000 0.0000 90.0001 89.9999 0.0000 0.0000 0.0000 0.0000 0.0001 0.0000 0.0000 0.0000 40.8933 20.7046 -22.2077 -4.1067 -20.7048 22.2077 0.0000 0.0000 0.0000 0.0000 0.0003 0.0000 -0.0001 -0.0001 20.0000 0.0000 0.0001 -20.0000 0.0000 0.0000 0.0000 0.0000 0.0000 0.0000 0.0000 0.0000 0.0000 0.0000 -0.0001 10.0000 -0.0001 0.0000 -10.0000 0.0000 0.0000 0.0000 0.0000 0.0000 0.0000 0.0000 0.0000 0.0000 0.0000 -0.0001 -0.0001 -0.0001 0.0001 0.0000 0.0000 0.0000 0.0000 0.0000 0.0000 0.0000 0.0000 0.0000 0.0000 0.0000 -0.0001 -10.0001 -0.0001 0.0001 10.0000 0.0000 0.0000 0.0000 0.0000 0.0000 0.0000 0.0000 0.0000 0.0000 0.0000 0.0000 -90.0000 -89.9999 0.0000 0.0000 0.0001 0.0000 0.0001 0.0000 0.0000 0.0000 0.0001 -0.0001 -20.0000 0.0000 0.0001 20.0000 -0.0003 0.0000 -0.0001 0.0000 0.0000 0.0000 0.0000 0.0000 0.0000 0.0000 -0.0001 -9.9999 -0.0002 0.0001 9.9999 0.0000 0.0000 0.0000 0.0000 0.0000 0.0000 0.0000 0.0000 0.0000 -0.0001 0.0000 0.0000 0.0000 0.0000 0.0000 0.0000 0.0001 0.0000 0.0001 0.0000 0.0000 0.0000 0.0000 0.0000 0.0000 0.0000 10.0001 -0.0001 0.0000 -10.0001 0.0000 0.0000 0.0000 0.0000 0.0000 0.0000 0.0002 0.0000 0.0000 -40.8933 20.7047 22.2076 4.1067 -20.7047 -22.2077 0.0000 0.0000 0.0000 0.0000 0.0004 0.0000 90.0000 0.0000 0.0000 0.0000 0.0000 0.0000 -270.0000 90.0000 0.0000 0.0000 0.0000 0.0000 0.0000 0.0000 0.0000 -90.0000 0.0000 0.0000 0.0000 -0.0001 0.0000 270.0002 90.0000 0.0000 0.0000 0.0000 0.0000 0.0000 0.0000 0.0000 
0.0000 94.0000 0.0000 0.0000 0.0000 0.0000 0.0000 0.0001 180.0000 0.0000 0.0000 0.0000 0.0000 0.0000 0.0000 0.0000 0.0000 0.0000 0.0000 0.0000 0.0000 0.0000 0.0000 0.0000 0.0000 0.0000 0.0000 0.0000 0.0000 90.0001 89.9999 0.0000 0.0000 0.0000 0.0000 0.0001 0.0000 0.0000 0.0000 40.8933 20.7046 -22.2077 -4.1067 -20.7048 22.2077 0.0000 0.0000 0.0000 0.0000 0.0003 0.0000 -0.0001 -0.0001 20.0000 0.0000 0.0001 -20.0000 0.0000 0.0000 0.0000 0.0000 0.0000 0.0000 0.0000 0.0000 0.0000 0.0000 -0.0001 10.0000 -0.0001 0.0000 -10.0000 0.0000 0.0000 0.0000 0.0000 0.0000 0.0000 0.0000 0.0000 0.0000 0.0000 -0.0001 -0.0001 -0.0001 0.0001 0.0000 0.0000 0.0000 0.0000 0.0000 0.0000 0.0000 0.0000 0.0000 0.0000 0.0000 -0.0001 -10.0001 -0.0001 0.0001 10.0000 0.0000 0.0000 0.0000 0.0000 0.0000 0.0000 0.0000 0.0000 0.0000 0.0000 0.0000 -90.0000 -89.9999 0.0000 0.0000 0.0001 0.0000 0.0001 0.0000 0.0000 0.0000 0.0001 -0.0001 -20.0000 0.0000 0.0001 20.0000 -0.0003 0.0000 -0.0001 0.0000 0.0000 0.0000 0.0000 0.0000 0.0000 0.0000 -0.0001 -9.9999 -0.0002 0.0001 9.9999 0.0000 0.0000 0.0000 0.0000 0.0000 0.0000 0.0000 0.0000 0.0000 -0.0001 0.0000 0.0000 0.0000 0.0000 0.0000 0.0000 0.0001 0.0000 0.0001 0.0000 0.0000 0.0000 0.0000 0.0000 0.0000 0.0000 10.0001 -0.0001 0.0000 -10.0001 0.0000 0.0000 0.0000 0.0000 0.0000 0.0000 0.0002 0.0000 0.0000 -40.8933 20.7047 22.2076 4.1067 -20.7047 -22.2077 0.0000 0.0000 0.0000 0.0000 0.0004 0.0000 90.0000 0.0000 0.0000 0.0000 0.0000 0.0000 -270.0000 90.0000 0.0000 0.0000 0.0000 0.0000 0.0000 0.0000 0.0000 -90.0000 0.0000 0.0000 0.0000 -0.0001 0.0000 270.0002 90.0000 0.0000 0.0000 0.0000 0.0000 0.0000 0.0000 0.0000 
0.0000 94.0000 0.0000 0.0000 0.0000 0.0000 0.0000 0.0001 180.0000 0.0000 0.0000 0.0000 0.0000 0.0000 0.0000 0.0000 0.0000 0.0000 0.0000 0.0000 0.0000 0.0000 0.0000 0.0000 0.0000 0.0000 0.0000 0.0000 0.0000 90.0001 89.9999 0.0000 0.0000 0.0000 0.0000 0.0001 0.0000 0.0000 0.0000 40.8933 20.7046 -22.2077 -4.1067 -20.7048 22.2077 0.0000 0.0000 0.0000 0.0000 0.0003 0.0000 -0.0001 -0.0001 20.0000 0.0000 0.0001 -20.0000 0.0000 0.0000 0.0000 0.0000 0.0000 0.0000 0.0000 0.0000 0.0000 0.0000 -0.0001 10.0000 -0.0001 0.0000 -10.0000 0.0000 0.0000 0.0000 0.0000 0.0000 0.0000 0.0000 0.0000 0.0000 0.0000 -0.0001 -0.0001 -0.0001 0.0001 0.0000 0.0000 0.0000 0.0000 0.0000 0.0000 0.0000 0.0000 0.0000 0.0000 0.0000 -0.0001 -10.0001 -0.0001 0.0001 10.0000 0.0000 0.0000 0.0000 0.0000 0.0000 0.0000 0.0000 0.0000 0.0000 0.0000 0.0000 -90.0000 -89.9999 0.0000 0.0000 0.0001 0.0000 0.0001 0.0000 0.0000 0.0000 0.0001 -0.0001 -20.0000 0.0000 0.0001 20.0000 -0.0003 0.0000 -0.0001 0.0000 0.0000 0.0000 0.0000 0.0000 0.0000 0.0000 -0.0001 -9.9999 -0.0002 0.0001 9.9999 0.0000 0.0000 0.0000 0.0000 0.0000 0.0000 0.0000 0.0000 0.0000 -0.0001 0.0000 0.0000 0.0000 0.0000 0.0000 0.0000 0.0001 0.0000 0.0001 0.0000 0.0000 0.0000 0.0000 0.0000 0.0000 0.0000 10.0001 -0.0001 0.0000 -10.0001 0.0000 0.0000 0.0000 0.0000 0.0000 0.0000 0.0002 0.0000 0.0000 -40.8933 20.7047 22.2076 4.1067 -20.7047 -22.2077 0.0000 0.0000 0.0000 0.0000 0.0004 0.0000 90.0000 0.0000 0.0000 0.0000 0.0000 0.0000 -270.0000 90.0000 0.0000 0.0000 0.0000 0.0000 0.0000 0.0000 0.0000 -90.0000 0.0000 0.0000 0.0000 -0.0001 0.0000 270.0002 90.0000 0.0000 0.0000 0.0000 0.0000 0.0000 0.0000 0.0000 
0.0000 94.0000 0.0000 0.0000 0.0000 0.0000 0.0000 0.0001 180.0000 0.0000 0.0000 0.0000 0.0000 0.0000 0.0000 0.0000 0.0000 0.0000 0.0000 0.0000 0.0000 0.0000 0.0000 0.0000 0.0000 0.0000 0.0000 0.0000 0.0000 90.0001 89.9999 0.0000 0.0000 0.0000 0.0000 0.0001 0.0000 0.0000 0.0000 40.8933 20.7046 -22.2077 -4.1067 -20.7048 22.2077 0.0000 0.0000 0.0000 0.0000 0.0003 0.0000 -0.0001 -0.0001 20.0000 0.0000 0.0001 -20.0000 0.0000 0.0000 0.0000 0.0000 0.0000 0.0000 0.0000 0.0000 0.0000 0.0000 -0.0001 10.0000 -0.0001 0.0000 -10.0000 0.0000 0.0000 0.0000 0.0000 0.0000 0.0000 0.0000 0.0000 0.0000 0.0000 -0.0001 -0.0001 -0.0001 0.0001 0.0000 0.0000 0.0000 0.0000 0.0000 0.0000 0.0000 0.0000 0.0000 0.0000 0.0000 -0.0001 -10.0001 -0.0001 0.0001 10.0000 0.0000 0.0000 0.0000 0.0000 0.0000 0.0000 0.0000 0.0000 0.0000 0.0000 0.0000 -90.0000 -89.9999 0.0000 0.0000 0.0001 0.0000 0.0001 0.0000 0.0000 0.0000 0.0001 -0.0001 -20.0000 0.0000 0.0001 20.0000 -0.0003 0.0000 -0.0001 0.0000 0.0000 0.0000 0.0000 0.0000 0.0000 0.0000 -0.0001 -9.9999 -0.0002 0.0001 9.9999 0.0000 0.0000 0.0000 0.0000 0.0000 0.0000 0.0000 0.0000 0.0000 -0.0001 0.0000 0.0000 0.0000 0.0000 0.0000 0.0000 0.0001 0.0000 0.0001 0.0000 0.0000 0.0000 0.0000 0.0000 0.0000 0.0000 10.0001 -0.0001 0.0000 -10.0001 0.0000 0.0000 0.0000 0.0000 0.0000 0.0000 0.0002 0.0000 0.0000 -40.8933 20.7047 22.2076 4.1067 -20.7047 -22.2077 0.0000 0.0000 0.0000 0.0000 0.0004 0.0000 90.0000 0.0000 0.0000 0.0000 0.0000 0.0000 -270.0000 90.0000 0.0000 0.0000 0.0000 0.0000 0.0000 0.0000 0.0000 -90.0000 0.0000 0.0000 0.0000 -0.0001 0.0000 270.0002 90.0000 0.0000 0.0000 0.0000 0.0000 0.0000 0.0000 0.0000 
0.0000 94.0000 0.0000 0.0000 0.0000 0.0000 0.0000 0.0001 180.0000 0.0000 0.0000 0.0000 0.0000 0.0000 0.0000 0.0000 0.0000 0.0000 0.0000 0.0000 0.0000 0.0000 0.0000 0.0000 0.0000 0.0000 0.0000 0.0000 0.0000 90.0001 89.9999 0.0000 0.0000 0.0000 0.0000 0.0001 0.0000 0.0000 0.0000 40.8933 20.7046 -22.2077 -4.1067 -20.7048 22.2077 0.0000 0.0000 0.0000 0.0000 0.0003 0.0000 -0.0001 -0.0001 20.0000 0.0000 0.0001 -20.0000 0.0000 0.0000 0.0000 0.0000 0.0000 0.0000 0.0000 0.0000 0.0000 0.0000 -0.0001 10.0000 -0.0001 0.0000 -10.0000 0.0000 0.0000 0.0000 0.0000 0.0000 0.0000 0.0000 0.0000 0.0000 0.0000 -0.0001 -0.0001 -0.0001 0.0001 0.0000 0.0000 0.0000 0.0000 0.0000 0.0000 0.0000 0.0000 0.0000 0.0000 0.0000 -0.0001 -10.0001 -0.0001 0.0001 10.0000 0.0000 0.0000 0.0000 0.0000 0.0000 0.0000 0.0000 0.0000 0.0000 0.0000 0.0000 -90.0000 -89.9999 0.0000 0.0000 0.0001 0.0000 0.0001 0.0000 0.0000 0.0000 0.0001 -0.0001 -20.0000 0.0000 0.0001 20.0000 -0.0003 0.0000 -0.0001 0.0000 0.0000 0.0000 0.0000 0.0000 0.0000 0.0000 -0.0001 -9.9999 -0.0002 0.0001 9.9999 0.0000 0.0000 0.0000 0.0000 0.0000 0.0000 0.0000 0.0000 0.0000 -0.0001 0.0000 0.0000 0.0000 0.0000 0.0000 0.0000 0.0001 0.0000 0.0001 0.0000 0.0000 0.0000 0.0000 0.0000 0.0000 0.0000 10.0001 -0.0001 0.0000 -10.0001 0.0000 0.0000 0.0000 0.0000 0.0000 0.0000 0.0002 0.0000 0.0000 -40.8933 20.7047 22.2076 4.1067 -20.7047 -22.2077 0.0000 0.0000 0.0000 0.0000 0.0004 0.0000 90.0000 0.0000 0.0000 0.0000 0.0000 0.0000 -270.0000 90.0000 0.0000 0.0000 0.0000 0.0000 0.0000 0.0000 0.0000 -90.0000 0.0000 0.0000 0.0000 -0.0001 0.0000 270.0002 90.0000 0.0000 0.0000 0.0000 0.0000 0.0000 0.0000 0.0000 
0.0000 94.0000 0.0000 0.0000 0.0000 0.0000 0.0000 0.0001 180.0000 0.0000 0.0000 0.0000 0.0000 0.0000 0.0000 0.0000 0.0000 0.0000 0.0000 0.0000 0.0000 0.0000 0.0000 0.0000 0.0000 0.0000 0.0000 0.0000 0.0000 90.0001 89.9999 0.0000 0.0000 0.0000 0.0000 0.0001 0.0000 0.0000 0.0000 40.8933 20.7046 -22.2077 -4.1067 -20.7048 22.2077 0.0000 0.0000 0.0000 0.0000 0.0003 0.0000 -0.0001 -0.0001 20.0000 0.0000 0.0001 -20.0000 0.0000 0.0000 0.0000 0.0000 0.0000 0.0000 0.0000 0.0000 0.0000 0.0000 -0.0001 10.0000 -0.0001 0.0000 -10.0000 0.0000 0.0000 0.0000 0.0000 0.0000 0.0000 0.0000 0.0000 0.0000 0.0000 -0.0001 -0.0001 -0.0001 0.0001 0.0000 0.0000 0.0000 0.0000 0.0000 0.0000 0.0000 0.0000 0.0000 0.0000 0.0000 -0.0001 -10.0001 -0.0001 0.0001 10.0000 0.0000 0.0000 0.0000 0.0000 0.0000 0.0000 0.0000 0.0000 0.0000 0.0000 0.0000 -90.0000 -89.9999 0.0000 0.0000 0.0001 0.0000 0.0001 0.0000 0.0000 0.0000 0.0001 -0.0001 -20.0000 0.0000 0.0001 20.0000 -0.0003 0.0000 -0.0001 0.0000 0.0000 0.0000 0.0000 0.0000 0.0000 0.0000 -0.0001 -9.9999 -0.0002 0.0001 9.9999 0.0000 0.0000 0.0000 0.0000 0.0000 0.0000 0.0000 0.0000 0.0000 -0.0001 0.0000 0.0000 0.0000 0.0000 0.0000 0.0000 0.0001 0.0000 0.0001 0.0000 0.0000 0.0000 0.0000 0.0000 0.0000 0.0000 10.0001 -0.0001 0.0000 -10.0001 0.0000 0.0000 0.0000 0.0000 0.0000 0.0000 0.0002 0.0000 0.0000 -40.8933 20.7047 22.2076 4.1067 -20.7047 -22.2077 0.0000 0.0000 0.0000 0.0000 0.0004 0.0000 90.0000 0.0000 0.0000 0.0000 0.0000 0.0000 -270.0000 90.0000 0.0000 0.0000 0.0000 0.0000 0.0000 0.0000 0.0000 -90.0000 0.0000 0.0000 0.0000 -0.0001 0.0000 270.0002 90.0000 0.0000 0.0000 0.0000 0.0000 0.0000 0.0000 0.0000 
0.0000 94.0000 0.0000 0.0000 0.0000 0.0000 0.0000 0.0001 180.0000 0.0000 0.0000 0.0000 0.0000 0.0000 0.0000 0.0000 0.0000 0.0000 0.0000 0.0000 0.0000 0.0000 0.0000 0.0000 0.0000 0.0000 0.0000 0.0000 0.0000 90.0001 89.9999 0.0000 0.0000 0.0000 0.0000 0.0001 0.0000 0.0000 0.0000 40.8933 20.7046 -22.2077 -4.1067 -20.7048 22.2077 0.0000 0.0000 0.0000 0.0000 0.0003 0.0000 -0.0001 -0.0001 20.0000 0.0000 0.0001 -20.0000 0.0000 0.0000 0.0000 0.0000 0.0000 0.0000 0.0000 0.0000 0.0000 0.0000 -0.0001 10.0000 -0.0001 0.0000 -10.0000 0.0000 0.0000 0.0000 0.0000 0.0000 0.0000 0.0000 0.0000 0.0000 0.0000 -0.0001 -0.0001 -0.0001 0.0001 0.0000 0.0000 0.0000 0.0000 0.0000 0.0000 0.0000 0.0000 0.0000 0.0000 0.0000 -0.0001 -10.0001 -0.0001 0.0001 10.0000 0.0000 0.0000 0.0000 0.0000 0.0000 0.0000 0.0000 0.0000 0.0000 0.0000 0.0000 -90.0000 -89.9999 0.0000 0.0000 0.0001 0.0000 0.0001 0.0000 0.0000 0.0000 0.0001 -0.0001 -20.0000 0.0000 0.0001 20.0000 -0.0003 0.0000 -0.0001 0.0000 0.0000 0.0000 0.0000 0.0000 0.0000 0.0000 -0.0001 -9.9999 -0.0002 0.0001 9.9999 0.0000 0.0000 0.0000 0.0000 0.0000 0.0000 0.0000 0.0000 0.0000 -0.0001 0.0000 0.0000 0.0000 0.0000 0.0000 0.0000 0.0001 0.0000 0.0001 0.0000 0.0000 0.0000 0.0000 0.0000 0.0000 0.0000 10.0001 -0.0001 0.0000 -10.0001 0.0000 0.0000 0.0000 0.0000 0.0000 0.0000 0.0002 0.0000 0.0000 -40.8933 20.7047 22.2076 4.1067 -20.7047 -22.2077 0.0000 0.0000 0.0000 0.0000 0.0004 0.0000 90.0000 0.0000 0.0000 0.0000 0.0000 0.0000 -270.0000 90.0000 0.0000 0.0000 0.0000 0.0000 0.0000 0.0000 0.0000 -90.0000 0.0000 0.0000 0.0000 -0.0001 0.0000 270.0002 90.0000 0.0000 0.0000 0.0000 0.0000 0.0000 0.0000 0.0000 
0.0000 94.0000 0.0000 0.0000 0.0000 0.0000 0.0000 0.0001 180.0000 0.0000 0.0000 0.0000 0.0000 0.0000 0.0000 0.0000 0.0000 0.0000 0.0000 0.0000 0.0000 0.0000 0.0000 0.0000 0.0000 0.0000 0.0000 0.0000 0.0000 90.0001 89.9999 0.0000 0.0000 0.0000 0.0000 0.0001 0.0000 0.0000 0.0000 40.8933 20.7046 -22.2077 -4.1067 -20.7048 22.2077 0.0000 0.0000 0.0000 0.0000 0.0003 0.0000 -0.0001 -0.0001 20.0000 0.0000 0.0001 -20.0000 0.0000 0.0000 0.0000 0.0000 0.0000 0.0000 0.0000 0.0000 0.0000 0.0000 -0.0001 10.0000 -0.0001 0.0000 -10.0000 0.0000 0.0000 0.0000 0.0000 0.0000 0.0000 0.0000 0.0000 0.0000 0.0000 -0.0001 -0.0001 -0.0001 0.0001 0.0000 0.0000 0.0000 0.0000 0.0000 0.0000 0.0000 0.0000 0.0000 0.0000 0.0000 -0.0001 -10.0001 -0.0001 0.0001 10.0000 0.0000 0.0000 0.0000 0.0000 0.0000 0.0000 0.0000 0.0000 0.0000 0.0000 0.0000 -90.0000 -89.9999 0.0000 0.0000 0.0001 0.0000 0.0001 0.0000 0.0000 0.0000 0.0001 -0.0001 -20.0000 0.0000 0.0001 20.0000 -0.0003 0.0000 -0.0001 0.0000 0.0000 0.0000 0.0000 0.0000 0.0000 0.0000 -0.0001 -9.9999 -0.0002 0.0001 9.9999 0.0000 0.0000 0.0000 0.0000 0.0000 0.0000 0.0000 0.0000 0.0000 -0.0001 0.0000 0.0000 0.0000 0.0000 0.0000 0.0000 0.0001 0.0000 0.0001 0.0000 0.0000 0.0000 0.0000 0.0000 0.0000 0.0000 10.0001 -0.0001 0.0000 -10.0001 0.0000 0.0000 0.0000 0.0000 0.0000 0.0000 0.0002 0.0000 0.0000 -40.8933 20.7047 22.2076 4.1067 -20.7047 -22.2077 0.0000 0.0000 0.0000 0.0000 0.0004 0.0000 90.0000 0.0000 0.0000 0.0000 0.0000 0.0000 -270.0000 90.0000 0.0000 0.0000 0.0000 0.0000 0.0000 0.0000 0.0000 -90.0000 0.0000 0.0000 0.0000 -0.0001 0.0000 270.0002 90.0000 0.0000 0.0000 0.0000 0.0000 0.0000 0.0000 0.0000 
0.0000 94.0000 0.0000 0.0000 0.0000 0.0000 0.0000 0.0001 180.0000 0.0000 0.0000 0.0000 0.0000 0.0000 0.0000 0.0000 0.0000 0.0000 0.0000 0.0000 0.0000 0.0000 0.0000 0.0000 0.0000 0.0000 0.0000 0.0000 0.0000 90.0001 89.9999 0.0000 0.0000 0.0000 0.0000 0.0001 0.0000 0.0000 0.0000 40.8933 20.7046 -22.2077 -4.1067 -20.7048 22.2077 0.0000 0.0000 0.0000 0.0000 0.0003 0.0000 -0.0001 -0.0001 20.0000 0.0000 0.0001 -20.0000 0.0000 0.0000 0.0000 0.0000 0.0000 0.0000 0.0000 0.0000 0.0000 0.0000 -0.0001 10.0000 -0.0001 0.0000 -10.0000 0.0000 0.0000 0.0000 0.0000 0.0000 0.0000 0.0000 0.0000 0.0000 0.0000 -0.0001 -0.0001 -0.0001 0.0001 0.0000 0.0000 0.0000 0.0000 0.0000 0.0000 0.0000 0.0000 0.0000 0.0000 0.0000 -0.0001 -10.0001 -0.0001 0.0001 10.0000 0.0000 0.0000 0.0000 0.0000 0.0000 0.0000 0.0000 0.0000 0.0000 0.0000 0.0000 -90.0000 -89.9999 0.0000 0.0000 0.0001 0.0000 0.0001 0.0000 0.0000 0.0000 0.0001 -0.0001 -20.0000 0.0000 0.0001 20.0000 -0.0003 0.0000 -0.0001 0.0000 0.0000 0.0000 0.0000 0.0000 0.0000 0.0000 -0.0001 -9.9999 -0.0002 0.0001 9.9999 0.0000 0.0000 0.0000 0.0000 0.0000 0.0000 0.0000 0.0000 0.0000 -0.0001 0.0000 0.0000 0.0000 0.0000 0.0000 0.0000 0.0001 0.0000 0.0001 0.0000 0.0000 0.0000 0.0000 0.0000 0.0000 0.0000 10.0001 -0.0001 0.0000 -10.0001 0.0000 0.0000 0.0000 0.0000 0.0000 0.0000 0.0002 0.0000 0.0000 -40.8933 20.7047 22.2076 4.1067 -20.7047 -22.2077 0.0000 0.0000 0.0000 0.0000 0.0004 0.0000 90.0000 0.0000 0.0000 0.0000 0.0000 0.0000 -270.0000 90.0000 0.0000 0.0000 0.0000 0.0000 0.0000 0.0000 0.0000 -90.0000 0.0000 0.0000 0.0000 -0.0001 0.0000 270.0002 90.0000 0.0000 0.0000 0.0000 0.0000 0.0000 0.0000 0.0000 
0.0000 94.0000 0.0000 0.0000 0.0000 0.0000 0.0000 0.0001 180.0000 0.0000 0.0000 0.0000 0.0000 0.0000 0.0000 0.0000 0.0000 0.0000 0.0000 0.0000 0.0000 0.0000 0.0000 0.0000 0.0000 0.0000 0.0000 0.0000 0.0000 90.0001 89.9999 0.0000 0.0000 0.0000 0.0000 0.0001 0.0000 0.0000 0.0000 40.8933 20.7046 -22.2077 -4.1067 -20.7048 22.2077 0.0000 0.0000 0.0000 0.0000 0.0003 0.0000 -0.0001 -0.0001 20.0000 0.0000 0.0001 -20.0000 0.0000 0.0000 0.0000 0.0000 0.0000 0.0000 0.0000 0.0000 0.0000 0.0000 -0.0001 10.0000 -0.0001 0.0000 -10.0000 0.0000 0.0000 0.0000 0.0000 0.0000 0.0000 0.0000 0.0000 0.0000 0.0000 -0.0001 -0.0001 -0.0001 0.0001 0.0000 0.0000 0.0000 0.0000 0.0000 0.0000 0.0000 0.0000 0.0000 0.0000 0.0000 -0.0001 -10.0001 -0.0001 0.0001 10.0000 0.0000 0.0000 0.0000 0.0000 0.0000 0.0000 0.0000 0.0000 0.0000 0.0000 0.0000 -90.0000 -89.9999 0.0000 0.0000 0.0001 0.0000 0.0001 0.0000 0.0000 0.0000 0.0001 -0.0001 -20.0000 0.0000 0.0001 20.0000 -0.0003 0.0000 -0.0001 0.0000 0.0000 0.0000 0.0000 0.0000 0.0000 0.0000 -0.0001 -9.9999 -0.0002 0.0001 9.9999 0.0000 0.0000 0.0000 0.0000 0.0000 0.0000 0.0000 0.0000 0.0000 -0.0001 0.0000 0.0000 0.0000 0.0000 0.0000 0.0000 0.0001 0.0000 0.0001 0.0000 0.0000 0.0000 0.0000 0.0000 0.0000 0.0000 10.0001 -0.0001 0.0000 -10.0001 0.0000 0.0000 0.0000 0.0000 0.0000 0.0000 0.0002 0.0000 0.0000 -40.8933 20.7047 22.2076 4.1067 -20.7047 -22.2077 0.0000 0.0000 0.0000 0.0000 0.0004 0.0000 90.0000 0.0000 0.0000 0.0000 0.0000 0.0000 -270.0000 90.0000 0.0000 0.0000 0.0000 0.0000 0.0000 0.0000 0.0000 -90.0000 0.0000 0.0000 0.0000 -0.0001 0.0000 270.0002 90.0000 0.0000 0.0000 0.0000 0.0000 0.0000 0.0000 0.0000
0.0000 94.0000 0.0000 0.0000 0.0000 0.0000 0.0000 0.0001 180.0000 0.0000 0.0000 0.0000 0.0000 0.0000 0.0000 0.0000 0.0000 0.0000 0.0000 0.0000 0.0000 0.0000 0.0000 0.0000 0.0000 0.0000 0.0000 0.0000 0.0000 90.0001 89.9999 0.0000 0.0000 0.0000 0.0000 0.0001 0.0000 0.0000 0.0000 40.8933 20.7046 -22.2077 -4.1067 -20.7048 22.2077 0.0000 0.0000 0.0000 0.0000 0.0003 0.0000 -0.0001 -0.0001 20.0000 0.0000 0.0001 -20.0000 0.0000 0.0000 0.0000 0.0000 0.0000 0.0000 0.0000 0.0000 0.0000 0.0000 -0.0001 10.0000 -0.0001 0.0000 -10.0000 0.0000 0.0000 0.0000 0.0000 0.0000 0.0000 0.0000 0.0000 0.0000 0.0000 -0.0001 -0.0001 -0.0001 0.0001 0.0000 0.0000 0.0000 0.0000 0.0000 0.0000 0.0000 0.0000 0.0000 0.0000 0.0000 -0.0001 -10.0001 -0.0001 0.0001 10.0000 0.0000 0.0000 0.0000 0.0000 0.0000 0.0000 0.0000 0.0000 0.0000 0.0000 0.0000 -90.0000 -89.9999 0.0000 0.0000 0.0001 0.0000 0.0001 0.0000 0.0000 0.0000 0.0001 -0.0001 -20.0000 0.0000 0.0001 20.0000 -0.0003 0.0000 -0.0001 0.0000 0.0000 0.0000 0.0000 0.0000 0.0000 0.0000 -0.0001 -9.9999 -0.0002 0.0001 9.9999 0.0000 0.0000 0.0000 0.0000 0.0000 0.0000 0.0000 0.0000 0.0000 -0.0001 0.0000 0.0000 0.0000 0.0000 0.0000 0.0000 0.0001 0.0000 0.0001 0.0000 0.0000 0.0000 0.0000 0.0000 0.0000 0.0000 10.0001 -0.0001 0.0000 -10.0001 0.0000 0.0000 0.0000 0.0000 0.0000 0.0000 0.0002 0.0000 0.0000 -40.8933 20.7047 22.2076 4.1067 -20.7047 -22.2077 0.0000 0.0000 0.0000 0.0000 0.0004 0.0000 90.0000 0.0000 0.0000 0.0000 0.0000 0.0000 -270.0000 90.0000 0.0000 0.0000 0.0000 0.0000 0.0000 0.0000 0.0000 -90.0000 0.0000 0.0000 0.0000 -0.0001 0.0000 270.0002 90.0000 0.0000 0.0000 0.0000 0.0000 0.0000 0.0000 0.0000 
0.0000 94.0000 0.0000 0.0000 0.0000 0.0000 0.0000 0.0001 180.0000 0.0000 0.0000 0.0000 0.0000 0.0000 0.0000 0.0000 0.0000 0.0000 0.0000 0.0000 0.0000 0.0000 0.0000 0.0000 0.0000 0.0000 0.0000 0.0000 0.0000 90.0001 89.9999 0.0000 0.0000 0.0000 0.0000 0.0001 0.0000 0.0000 0.0000 40.8933 20.7046 -22.2077 -4.1067 -20.7048 22.2077 0.0000 0.0000 0.0000 0.0000 0.0003 0.0000 -0.0001 -0.0001 20.0000 0.0000 0.0001 -20.0000 0.0000 0.0000 0.0000 0.0000 0.0000 0.0000 0.0000 0.0000 0.0000 0.0000 -0.0001 10.0000 -0.0001 0.0000 -10.0000 0.0000 0.0000 0.0000 0.0000 0.0000 0.0000 0.0000 0.0000 0.0000 0.0000 -0.0001 -0.0001 -0.0001 0.0001 0.0000 0.0000 0.0000 0.0000 0.0000 0.0000 0.0000 0.0000 0.0000 0.0000 0.0000 -0.0001 -10.0001 -0.0001 0.0001 10.0000 0.0000 0.0000 0.0000 0.0000 0.0000 0.0000 0.0000 0.0000 0.0000 0.0000 0.0000 -90.0000 -89.9999 0.0000 0.0000 0.0001 0.0000 0.0001 0.0000 0.0000 0.0000 0.0001 -0.0001 -20.0000 0.0000 0.0001 20.0000 -0.0003 0.0000 -0.0001 0.0000 0.0000 0.0000 0.0000 0.0000 0.0000 0.0000 -0.0001 -9.9999 -0.0002 0.0001 9.9999 0.0000 0.0000 0.0000 0.0000 0.0000 0.0000 0.0000 0.0000 0.0000 -0.0001 0.0000 0.0000 0.0000 0.0000 0.0000 0.0000 0.0001 0.0000 0.0001 0.0000 0.0000 0.0000 0.0000 0.0000 0.0000 0.0000 10.0001 -0.0001 0.0000 -10.0001 0.0000 0.0000 0.0000 0.0000 0.0000 0.0000 0.0002 0.0000 0.0000 -40.8933 20.7047 22.2076 4.1067 -20.7047 -22.2077 0.0000 0.0000 0.0000 0.0000 0.0004 0.0000 90.0000 0.0000 0.0000 0.0000 0.0000 0.0000 -270.0000 90.0000 0.0000 0.0000 0.0000 0.0000 0.0000 0.0000 0.0000 -90.0000 0.0000 0.0000 0.0000 -0.0001 0.0000 270.0002 90.0000 0.0000 0.0000 0.0000 0.0000 0.0000 0.0000 0.0000 
0.0000 94.0000 0.0000 0.0000 0.0000 0.0000 0.0000 0.0001 180.0000 0.0000 0.0000 0.0000 0.0000 0.0000 0.0000 0.0000 0.0000 0.0000 0.0000 0.0000 0.0000 0.0000 0.0000 0.0000 0.0000 0.0000 0.0000 0.0000 0.0000 90.0001 89.9999 0.0000 0.0000 0.0000 0.0000 0.0001 0.0000 0.0000 0.0000 40.8933 20.7046 -22.2077 -4.1067 -20.7048 22.2077 0.0000 0.0000 0.0000 0.0000 0.0003 0.0000 -0.0001 -0.0001 20.0000 0.0000 0.0001 -20.0000 0.0000 0.0000 0.0000 0.0000 0.0000 0.0000 0.0000 0.0000 0.0000 0.0000 -0.0001 10.0000 -0.0001 0.0000 -10.0000 0.0000 0.0000 0.0000 0.0000 0.0000 0.0000 0.0000 0.0000 0.0000 0.0000 -0.0001 -0.0001 -0.0001 0.0001 0.0000 0.0000 0.0000 0.0000 0.0000 0.0000 0.0000 0.0000 0.0000 0.0000 0.0000 -0.0001 -10.0001 -0.0001 0.0001 10.0000 0.0000 0.0000 0.0000 0.0000 0.0000 0.0000 0.0000 0.0000 0.0000 0.0000 0.0000 -90.0000 -89.9999 0.0000 0.0000 0.0001 0.0000 0.0001 0.0000 0.0000 0.0000 0.0001 -0.0001 -20.0000 0.0000 0.0001 20.0000 -0.0003 0.0000 -0.0001 0.0000 0.0000 0.0000 0.0000 0.0000 0.0000 0.0000 -0.0001 -9.9999 -0.0002 0.0001 9.9999 0.0000 0.0000 0.0000 0.0000 0.0000 0.0000 0.0000 0.0000 0.0000 -0.0001 0.0000 0.0000 0.0000 0.0000 0.0000 0.0000 0.0001 0.0000 0.0001 0.0000 0.0000 0.0000 0.0000 0.0000 0.0000 0.0000 10.0001 -0.0001 0.0000 -10.0001 0.0000 0.0000 0.0000 0.0000 0.0000 0.0000 0.0002 0.0000 0.0000 -40.8933 20.7047 22.2076 4.1067 -20.7047 -22.2077 0.0000 0.0000 0.0000 0.0000 0.0004 0.0000 90.0000 0.0000 0.0000 0.0000 0.0000 0.0000 -270.0000 90.0000 0.0000 0.0000 0.0000 0.0000 0.0000 0.0000 0.0000 -90.0000 0.0000 0.0000 0.0000 -0.0001 0.0000 270.0002 90.0000 0.0000 0.0000 0.0000 0.0000 0.0000 0.0000 0.0000 
0.0000 94.0000 0.0000 0.0000 0.0000 0.0000 0.0000 0.0001 180.0000 0.0000 0.0000 0.0000 0.0000 0.0000 0.0000 0.0000 0.0000 0.0000 0.0000 0.0000 0.0000 0.0000 0.0000 0.0000 0.0000 0.0000 0.0000 0.0000 0.0000 90.0001 89.9999 0.0000 0.0000 0.0000 0.0000 0.0001 0.0000 0.0000 0.0000 40.8933 20.7046 -22.2077 -4.1067 -20.7048 22.2077 0.0000 0.0000 0.0000 0.0000 0.0003 0.0000 -0.0001 -0.0001 20.0000 0.0000 0.0001 -20.0000 0.0000 0.0000 0.0000 0.0000 0.0000 0.0000 0.0000 0.0000 0.0000 0.0000 -0.0001 10.0000 -0.0001 0.0000 -10.0000 0.0000 0.0000 0.0000 0.0000 0.0000 0.0000 0.0000 0.0000 0.0000 0.0000 -0.0001 -0.0001 -0.0001 0.0001 0.0000 0.0000 0.0000 0.0000 0.0000 0.0000 0.0000 0.0000 0.0000 0.0000 0.0000 -0.0001 -10.0001 -0.0001 0.0001 10.0000 0.0000 0.0000 0.0000 0.0000 0.0000 0.0000 0.0000 0.0000 0.0000 0.0000 0.0000 -90.0000 -89.9999 0.0000 0.0000 0.0001 0.0000 0.0001 0.0000 0.0000 0.0000 0.0001 -0.0001 -20.0000 0.0000 0.0001 20.0000 -0.0003 0.0000 -0.0001 0.0000 0.0000 0.0000 0.0000 0.0000 0.0000 0.0000 -0.0001 -9.9999 -0.0002 0.0001 9.9999 0.0000 0.0000 0.0000 0.0000 0.0000 0.0000 0.0000 0.0000 0.0000 -0.0001 0.0000 0.0000 0.0000 0.0000 0.0000 0.0000 0.0001 0.0000 0.0001 0.0000 0.0000 0.0000 0.0000 0.0000 0.0000 0.0000 10.0001 -0.0001 0.0000 -10.0001 0.0000 0.0000 0.0000 0.0000 0.0000 0.0000 0.0002 0.0000 0.0000 -40.8933 20.7047 22.2076 4.1067 -20.7047 -22.2077 0.0000 0.0000 0.0000 0.0000 0.0004 0.0000 90.0000 0.0000 0.0000 0.0000 0.0000 0.0000 -270.0000 90.0000 0.0000 0.0000 0.0000 0.0000 0.0000 0.0000 0.0000 -90.0000 0.0000 0.0000 0.0000 -0.0001 0.0000 270.0002 90.0000 0.0000 0.0000 0.0000 0.0000 0.0000 0.0000 0.0000 
0.0000 94.0000 0.0000 0.0000 0.0000 0.0000 0.0000 0.0001 180.0000 0.0000 0.0000 0.0000 0.0000 0.0000 0.0000 0.0000 0.0000 0.0000 0.0000 0.0000 0.0000 0.0000 0.0000 0.0000 0.0000 0.0000 0.0000 0.0000 0.0000 90.0001 89.9999 0.0000 0.0000 0.0000 0.0000 0.0001 0.0000 0.0000 0.0000 40.8933 20.7046 -22.2077 -4.1067 -20.7048 22.2077 0.0000 0.0000 0.0000 0.0000 0.0003 0.0000 -0.0001 -0.0001 20.0000 0.0000 0.0001 -20.0000 0.0000 0.0000 0.0000 0.0000 0.0000 0.0000 0.0000 0.0000 0.0000 0.0000 -0.0001 10.0000 -0.0001 0.0000 -10.0000 0.0000 0.0000 0.0000 0.0000 0.0000 0.0000 0.0000 0.0000 0.0000 0.0000 -0.0001 -0.0001 -0.0001 0.0001 0.0000 0.0000 0.0000 0.0000 0.0000 0.0000 0.0000 0.0000 0.0000 0.0000 0.0000 -0.0001 -10.0001 -0.0001 0.0001 10.0000 0.0000 0.0000 0.0000 0.0000 0.0000 0.0000 0.0000 0.0000 0.0000 0.0000 0.0000 -90.0000 -89.9999 0.0000 0.0000 0.0001 0.0000 0.0001 0.0000 0.0000 0.0000 0.0001 -0.0001 -20.0000 0.0000 0.0001 20.0000 -0.0003 0.0000 -0.0001 0.0000 0.0000 0.0000 0.0000 0.0000 0.0000 0.0000 -0.0001 -9.9999 -0.0002 0.0001 9.9999 0.0000 0.0000 0.0000 0.0000 0.0000 0.0000 0.0000 0.0000 0.0000 -0.0001 0.0000 0.0000 0.0000 0.0000 0.0000 0.0000 0.0001 0.0000 0.0001 0.0000 0.0000 0.0000 0.0000 0.0000 0.0000 0.0000 10.0001 -0.0001 0.0000 -10.0001 0.0000 0.0000 0.0000 0.0000 0.0000 0.0000 0.0002 0.0000 0.0000 -40.8933 20.7047 22.2076 4.1067 -20.7047 -22.2077 0.0000 0.0000 0.0000 0.0000 0.0004 0.0000 90.0000 0.0000 0.0000 0.0000 0.0000 0.0000 -270.0000 90.0000 0.0000 0.0000 0.0000 0.0000 0.0000 0.0000 0.0000 -90.0000 0.0000 0.0000 0.0000 -0.0001 0.0000 270.0002 90.0000 0.0000 0.0000 0.0000 0.0000 0.0000 0.0000 0.0000 
0.0000 94.0000 0.0000 0.0000 0.0000 0.0000 0.0000 0.0001 180.0000 0.0000 0.0000 0.0000 0.0000 0.0000 0.0000 0.0000 0.0000 0.0000 0.0000 0.0000 0.0000 0.0000 0.0000 0.0000 0.0000 0.0000 0.0000 0.0000 0.0000 90.0001 89.9999 0.0000 0.0000 0.0000 0.0000 0.0001 0.0000 0.0000 0.0000 40.8933 20.7046 -22.2077 -4.1067 -20.7048 22.2077 0.0000 0.0000 0.0000 0.0000 0.0003 0.0000 -0.0001 -0.0001 20.0000 0.0000 0.0001 -20.0000 0.0000 0.0000 0.0000 0.0000 0.0000 0.0000 0.0000 0.0000 0.0000 0.0000 -0.0001 10.0000 -0.0001 0.0000 -10.0000 0.0000 0.0000 0.0000 0.0000 0.0000 0.0000 0.0000 0.0000 0.0000 0.0000 -0.0001 -0.0001 -0.0001 0.0001 0.0000 0.0000 0.0000 0.0000 0.0000 0.0000 0.0000 0.0000 0.0000 0.0000 0.0000 -0.0001 -10.0001 -0.0001 0.0001 10.0000 0.0000 0.0000 0.0000 0.0000 0.0000 0.0000 0.0000 0.0000 0.0000 0.0000 0.0000 -90.0000 -89.9999 0.0000 0.0000 0.0001 0.0000 0.0001 0.0000 0.0000 0.0000 0.0001 -0.0001 -20.0000 0.0000 0.0001 20.0000 -0.0003 0.0000 -0.0001 0.0000 0.0000 0.0000 0.0000 0.0000 0.0000 0.0000 -0.0001 -9.9999 -0.0002 0.0001 9.9999 0.0000 0.0000 0.0000 0.0000 0.0000 0.0000 0.0000 0.0000 0.0000 -0.0001 0.0000 0.0000 0.0000 0.0000 0.0000 0.0000 0.0001 0.0000 0.0001 0.0000 0.0000 0.0000 0.0000 0.0000 0.0000 0.0000 10.0001 -0.0001 0.0000 -10.0001 0.0000 0.0000 0.0000 0.0000 0.0000 0.0000 0.0002 0.0000 0.0000 -40.8933 20.7047 22.2076 4.1067 -20.7047 -22.2077 0.0000 0.0000 0.0000 0.0000 0.0004 0.0000 90.0000 0.0000 0.0000 0.0000 0.0000 0.0000 -270.0000 90.0000 0.0000 0.0000 0.0000 0.0000 0.0000 0.0000 0.0000 -90.0000 0.0000 0.0000 0.0000 -0.0001 0.0000 270.0002 90.0000 0.0000 0.0000 0.0000 0.0000 0.0000 0.0000 0.0000 
0.0000 94.0000 0.0000 0.0000 0.0000 0.0000 0.0000 0.0001 180.0000 0.0000 0.0000 0.0000 0.0000 0.0000 0.0000 0.0000 0.0000 0.0000 0.0000 0.0000 0.0000 0.0000 0.0000 0.0000 0.0000 0.0000 0.0000 0.0000 0.0000 90.0001 89.9999 0.0000 0.0000 0.0000 0.0000 0.0001 0.0000 0.0000 0.0000 40.8933 20.7046 -22.2077 -4.1067 -20.7048 22.2077 0.0000 0.0000 0.0000 0.0000 0.0003 0.0000 -0.0001 -0.0001 20.0000 0.0000 0.0001 -20.0000 0.0000 0.0000 0.0000 0.0000 0.0000 0.0000 0.0000 0.0000 0.0000 0.0000 -0.0001 10.0000 -0.0001 0.0000 -10.0000 0.0000 0.0000 0.0000 0.0000 0.0000 0.0000 0.0000 0.0000 0.0000 0.0000 -0.0001 -0.0001 -0.0001 0.0001 0.0000 0.0000 0.0000 0.0000 0.0000 0.0000 0.0000 0.0000 0.0000 0.0000 0.0000 -0.0001 -10.0001 -0.0001 0.0001 10.0000 0.0000 0.0000 0.0000 0.0000 0.0000 0.0000 0.0000 0.0000 0.0000 0.0000 0.0000 -90.0000 -89.9999 0.0000 0.0000 0.0001 0.0000 0.0001 0.0000 0.0000 0.0000 0.0001 -0.0001 -20.0000 0.0000 0.0001 20.0000 -0.0003 0.0000 -0.0001 0.0000 0.0000 0.0000 0.0000 0.0000 0.0000 0.0000 -0.0001 -9.9999 -0.0002 0.0001 9.9999 0.0000 0.0000 0.0000 0.0000 0.0000 0.0000 0.0000 0.0000 0.0000 -0.0001 0.0000 0.0000 0.0000 0.0000 0.0000 0.0000 0.0001 0.0000 0.0001 0.0000 0.0000 0.0000 0.0000 0.0000 0.0000 0.0000 10.0001 -0.0001 0.0000 -10.0001 0.0000 0.0000 0.0000 0.0000 0.0000 0.0000 0.0002 0.0000 0.0000 -40.8933 20.7047 22.2076 4.1067 -20.7047 -22.2077 0.0000 0.0000 0.0000 0.0000 0.0004 0.0000 90.0000 0.0000 0.0000 0.0000 0.0000 0.0000 -270.0000 90.0000 0.0000 0.0000 0.0000 0.0000 0.0000 0.0000 0.0000 -90.0000 0.0000 0.0000 0.0000 -0.0001 0.0000 270.0002 90.0000 0.0000 0.0000 0.0000 0.0000 0.0000 0.0000 0.0000 
0.0000 94.0000 0.0000 0.0000 0.0000 0.0000 0.0000 0.0001 180.0000 0.0000 0.0000 0.0000 0.0000 0.0000 0.0000 0.0000 0.0000 0.0000 0.0000 0.0000 0.0000 0.0000 0.0000 0.0000 0.0000 0.0000 0.0000 0.0000 0.0000 90.0001 89.9999 0.0000 0.0000 0.0000 0.0000 0.0001 0.0000 0.0000 0.0000 40.8933 20.7046 -22.2077 -4.1067 -20.7048 22.2077 0.0000 0.0000 0.0000 0.0000 0.0003 0.0000 -0.0001 -0.0001 20.0000 0.0000 0.0001 -20.0000 0.0000 0.0000 0.0000 0.0000 0.0000 0.0000 0.0000 0.0000 0.0000 0.0000 -0.0001 10.0000 -0.0001 0.0000 -10.0000 0.0000 0.0000 0.0000 0.0000 0.0000 0.0000 0.0000 0.0000 0.0000 0.0000 -0.0001 -0.0001 -0.0001 0.0001 0.0000 0.0000 0.0000 0.0000 0.0000 0.0000 0.0000 0.0000 0.0000 0.0000 0.0000 -0.0001 -10.0001 -0.0001 0.0001 10.0000 0.0000 0.0000 0.0000 0.0000 0.0000 0.0000 0.0000 0.0000 0.0000 0.0000 0.0000 -90.0000 -89.9999 0.0000 0.0000 0.0001 0.0000 0.0001 0.0000 0.0000 0.0000 0.0001 -0.0001 -20.0000 0.0000 0.0001 20.0000 -0.0003 0.0000 -0.0001 0.0000 0.0000 0.0000 0.0000 0.0000 0.0000 0.0000 -0.0001 -9.9999 -0.0002 0.0001 9.9999 0.0000 0.0000 0.0000 0.0000 0.0000 0.0000 0.0000 0.0000 0.0000 -0.0001 0.0000 0.0000 0.0000 0.0000 0.0000 0.0000 0.0001 0.0000 0.0001 0.0000 0.0000 0.0000 0.0000 0.0000 0.0000 0.0000 10.0001 -0.0001 0.0000 -10.0001 0.0000 0.0000 0.0000 0.0000 0.0000 0.0000 0.0002 0.0000 0.0000 -40.8933 20.7047 22.2076 4.1067 -20.7047 -22.2077 0.0000 0.0000 0.0000 0.0000 0.0004 0.0000 90.0000 0.0000 0.0000 0.0000 0.0000 0.0000 -270.0000 90.0000 0.0000 0.0000 0.0000 0.0000 0.0000 0.0000 0.0000 -90.0000 0.0000 0.0000 0.0000 -0.0001 0.0000 270.0002 90.0000 0.0000 0.0000 0.0000 0.0000 0.0000 0.0000 0.0000 
0.0000 94.0000 0.0000 0.0000 0.0000 0.0000 0.0000 0.0001 180.0000 0.0000 0.0000 0.0000 0.0000 0.0000 0.0000 0.0000 0.0000 0.0000 0.0000 0.0000 0.0000 0.0000 0.0000 0.0000 0.0000 0.0000 0.0000 0.0000 0.0000 90.0001 89.9999 0.0000 0.0000 0.0000 0.0000 0.0001 0.0000 0.0000 0.0000 40.8933 20.7046 -22.2077 -4.1067 -20.7048 22.2077 0.0000 0.0000 0.0000 0.0000 0.0003 0.0000 -0.0001 -0.0001 20.0000 0.0000 0.0001 -20.0000 0.0000 0.0000 0.0000 0.0000 0.0000 0.0000 0.0000 0.0000 0.0000 0.0000 -0.0001 10.0000 -0.0001 0.0000 -10.0000 0.0000 0.0000 0.0000 0.0000 0.0000 0.0000 0.0000 0.0000 0.0000 0.0000 -0.0001 -0.0001 -0.0001 0.0001 0.0000 0.0000 0.0000 0.0000 0.0000 0.0000 0.0000 0.0000 0.0000 0.0000 0.0000 -0.0001 -10.0001 -0.0001 0.0001 10.0000 0.0000 0.0000 0.0000 0.0000 0.0000 0.0000 0.0000 0.0000 0.0000 0.0000 0.0000 -90.0000 -89.9999 0.0000 0.0000 0.0001 0.0000 0.0001 0.0000 0.0000 0.0000 0.0001 -0.0001 -20.0000 0.0000 0.0001 20.0000 -0.0003 0.0000 -0.0001 0.0000 0.0000 0.0000 0.0000 0.0000 0.0000 0.0000 -0.0001 -9.9999 -0.0002 0.0001 9.9999 0.0000 0.0000 0.0000 0.0000 0.0000 0.0000 0.0000 0.0000 0.0000 -0.0001 0.0000 0.0000 0.0000 0.0000 0.0000 0.0000 0.0001 0.0000 0.0001 0.0000 0.0000 0.0000 0.0000 0.0000 0.0000 0.0000 10.0001 -0.0001 0.0000 -10.0001 0.0000 0.0000 0.0000 0.0000 0.0000 0.0000 0.0002 0.0000 0.0000 -40.8933 20.7047 22.2076 4.1067 -20.7047 -22.2077 0.0000 0.0000 0.0000 0.0000 0.0004 0.0000 90.0000 0.0000 0.0000 0.0000 0.0000 0.0000 -270.0000 90.0000 0.0000 0.0000 0.0000 0.0000 0.0000 0.0000 0.0000 -90.0000 0.0000 0.0000 0.0000 -0.0001 0.0000 270.0002 90.0000 0.0000 0.0000 0.0000 0.0000 0.0000 0.0000 0.0000 
0.0000 94.0000 0.0000 0.0000 0.0000 0.0000 0.0000 0.0001 180.0000 0.0000 0.0000 0.0000 0.0000 0.0000 0.0000 0.0000 0.0000 0.0000 0.0000 0.0000 0.0000 0.0000 0.0000 0.0000 0.0000 0.0000 0.0000 0.0000 0.0000 90.0001 89.9999 0.0000 0.0000 0.0000 0.0000 0.0001 0.0000 0.0000 0.0000 40.8933 20.7046 -22.2077 -4.1067 -20.7048 22.2077 0.0000 0.0000 0.0000 0.0000 0.0003 0.0000 -0.0001 -0.0001 20.0000 0.0000 0.0001 -20.0000 0.0000 0.0000 0.0000 0.0000 0.0000 0.0000 0.0000 0.0000 0.0000 0.0000 -0.0001 10.0000 -0.0001 0.0000 -10.0000 0.0000 0.0000 0.0000 0.0000 0.0000 0.0000 0.0000 0.0000 0.0000 0.0000 -0.0001 -0.0001 -0.0001 0.0001 0.0000 0.0000 0.0000 0.0000 0.0000 0.0000 0.0000 0.0000 0.0000 0.0000 0.0000 -0.0001 -10.0001 -0.0001 0.0001 10.0000 0.0000 0.0000 0.0000 0.0000 0.0000 0.0000 0.0000 0.0000 0.0000 0.0000 0.0000 -90.0000 -89.9999 0.0000 0.0000 0.0001 0.0000 0.0001 0.0000 0.0000 0.0000 0.0001 -0.0001 -20.0000 0.0000 0.0001 20.0000 -0.0003 0.0000 -0.0001 0.0000 0.0000 0.0000 0.0000 0.0000 0.0000 0.0000 -0.0001 -9.9999 -0.0002 0.0001 9.9999 0.0000 0.0000 0.0000 0.0000 0.0000 0.0000 0.0000 0.0000 0.0000 -0.0001 0.0000 0.0000 0.0000 0.0000 0.0000 0.0000 0.0001 0.0000 0.0001 0.0000 0.0000 0.0000 0.0000 0.0000 0.0000 0.0000 10.0001 -0.0001 0.0000 -10.0001 0.0000 0.0000 0.0000 0.0000 0.0000 0.0000 0.0002 0.0000 0.0000 -40.8933 20.7047 22.2076 4.1067 -20.7047 -22.2077 0.0000 0.0000 0.0000 0.0000 0.0004 0.0000 90.0000 0.0000 0.0000 0.0000 0.0000 0.0000 -270.0000 90.0000 0.0000 0.0000 0.0000 0.0000 0.0000 0.0000 0.0000 -90.0000 0.0000 0.0000 0.0000 -0.0001 0.0000 270.0002 90.0000 0.0000 0.0000 0.0000 0.0000 0.0000 0.0000 0.0000
0.0000 94.0000 0.0000 0.0000 0.0000 0.0000 0.0000 0.0001 180.0000 0.0000 0.0000 0.0000 0.0000 0.0000 0.0000 0.0000 0.0000 0.0000 0.0000 0.0000 0.0000 0.0000 0.0000 0.0000 0.0000 0.0000 0.0000 0.0000 0.0000 90.0001 89.9999 0.0000 0.0000 0.0000 0.0000 0.0001 0.0000 0.0000 0.0000 40.8933 20.7046 -22.2077 -4.1067 -20.7048 22.2077 0.0000 0.0000 0.0000 0.0000 0.0003 0.0000 -0.0001 -0.0001 20.0000 0.0000 0.0001 -20.0000 0.0000 0.0000 0.0000 0.0000 0.0000 0.0000 0.0000 0.0000 0.0000 0.0000 -0.0001 10.0000 -0.0001 0.0000 -10.0000 0.0000 0.0000 0.0000 0.0000 0.0000 0.0000 0.0000 0.0000 0.0000 0.0000 -0.0001 -0.0001 -0.0001 0.0001 0.0000 0.0000 0.0000 0.0000 0.0000 0.0000 0.0000 0.0000 0.0000 0.0000 0.0000 -0.0001 -10.0001 -0.0001 0.0001 10.0000 0.0000 0.0000 0.0000 0.0000 0.0000 0.0000 0.0000 0.0000 0.0000 0.0000 0.0000 -90.0000 -89.9999 0.0000 0.0000 0.0001 0.0000 0.0001 0.0000 0.0000 0.0000 0.0001 -0.0001 -20.0000 0.0000 0.0001 20.0000 -0.0003 0.0000 -0.0001 0.0000 0.0000 0.0000 0.0000 0.0000 0.0000 0.0000 -0.0001 -9.9999 -0.0002 0.0001 9.9999 0.0000 0.0000 0.0000 0.0000 0.0000 0.0000 0.0000 0.0000 0.0000 -0.0001 0.0000 0.0000 0.0000 0.0000 0.0000 0.0000 0.0001 0.0000 0.0001 0.0000 0.0000 0.0000 0.0000 0.0000 0.0000 0.0000 10.0001 -0.0001 0.0000 -10.0001 0.0000 0.0000 0.0000 0.0000 0.0000 0.0000 0.0002 0.0000 0.0000 -40.8933 20.7047 22.2076 4.1067 -20.7047 -22.2077 0.0000 0.0000 0.0000 0.0000 0.0004 0.0000 90.0000 0.0000 0.0000 0.0000 0.0000 0.0000 -270.0000 90.0000 0.0000 0.0000 0.0000 0.0000 0.0000 0.0000 0.0000 -90.0000 0.0000 0.0000 0.0000 -0.0001 0.0000 270.0002 90.0000 0.0000 0.0000 0.0000 0.0000 0.0000 0.0000 0.0000 
0.0000 94.0000 0.0000 0.0000 0.0000 0.0000 0.0000 0.0001 180.0000 0.0000 0.0000 0.0000 0.0000 0.0000 0.0000 0.0000 0.0000 0.0000 0.0000 0.0000 0.0000 0.0000 0.0000 0.0000 0.0000 0.0000 0.0000 0.0000 0.0000 90.0001 89.9999 0.0000 0.0000 0.0000 0.0000 0.0001 0.0000 0.0000 0.0000 40.8933 20.7046 -22.2077 -4.1067 -20.7048 22.2077 0.0000 0.0000 0.0000 0.0000 0.0003 0.0000 -0.0001 -0.0001 20.0000 0.0000 0.0001 -20.0000 0.0000 0.0000 0.0000 0.0000 0.0000 0.0000 0.0000 0.0000 0.0000 0.0000 -0.0001 10.0000 -0.0001 0.0000 -10.0000 0.0000 0.0000 0.0000 0.0000 0.0000 0.0000 0.0000 0.0000 0.0000 0.0000 -0.0001 -0.0001 -0.0001 0.0001 0.0000 0.0000 0.0000 0.0000 0.0000 0.0000 0.0000 0.0000 0.0000 0.0000 0.0000 -0.0001 -10.0001 -0.0001 0.0001 10.0000 0.0000 0.0000 0.0000 0.0000 0.0000 0.0000 0.0000 0.0000 0.0000 0.0000 0.0000 -90.0000 -89.9999 0.0000 0.0000 0.0001 0.0000 0.0001 0.0000 0.0000 0.0000 0.0001 -0.0001 -20.0000 0.0000 0.0001 20.0000 -0.0003 0.0000 -0.0001 0.0000 0.0000 0.0000 0.0000 0.0000 0.0000 0.0000 -0.0001 -9.9999 -0.0002 0.0001 9.9999 0.0000 0.0000 0.0000 0.0000 0.0000 0.0000 0.0000 0.0000 0.0000 -0.0001 0.0000 0.0000 0.0000 0.0000 0.0000 0.0000 0.0001 0.0000 0.0001 0.0000 0.0000 0.0000 0.0000 0.0000 0.0000 0.0000 10.0001 -0.0001 0.0000 -10.0001 0.0000 0.0000 0.0000 0.0000 0.0000 0.0000 0.0002 0.0000 0.0000 -40.8933 20.7047 22.2076 4.1067 -20.7047 -22.2077 0.0000 0.0000 0.0000 0.0000 0.0004 0.0000 90.0000 0.0000 0.0000 0.0000 0.0000 0.0000 -270.0000 90.0000 0.0000 0.0000 0.0000 0.0000 0.0000 0.0000 0.0000 -90.0000 0.0000 0.0000 0.0000 -0.0001 0.0000 270.0002 90.0000 0.0000 0.0000 0.0000 0.0000 0.0000 0.0000 0.0000 
0.0000 94.0000 0.0000 0.0000 0.0000 0.0000 0.0000 0.0001 180.0000 0.0000 0.0000 0.0000 0.0000 0.0000 0.0000 0.0000 0.0000 0.0000 0.0000 0.0000 0.0000 0.0000 0.0000 0.0000 0.0000 0.0000 0.0000 0.0000 0.0000 90.0001 89.9999 0.0000 0.0000 0.0000 0.0000 0.0001 0.0000 0.0000 0.0000 40.8933 20.7046 -22.2077 -4.1067 -20.7048 22.2077 0.0000 0.0000 0.0000 0.0000 0.0003 0.0000 -0.0001 -0.0001 20.0000 0.0000 0.0001 -20.0000 0.0000 0.0000 0.0000 0.0000 0.0000 0.0000 0.0000 0.0000 0.0000 0.0000 -0.0001 10.0000 -0.0001 0.0000 -10.0000 0.0000 0.0000 0.0000 0.0000 0.0000 0.0000 0.0000 0.0000 0.0000 0.0000 -0.0001 -0.0001 -0.0001 0.0001 0.0000 0.0000 0.0000 0.0000 0.0000 0.0000 0.0000 0.0000 0.0000 0.0000 0.0000 -0.0001 -10.0001 -0.0001 0.0001 10.0000 0.0000 0.0000 0.0000 0.0000 0.0000 0.0000 0.0000 0.0000 0.0000 0.0000 0.0000 -90.0000 -89.9999 0.0000 0.0000 0.0001 0.0000 0.0001 0.0000 0.0000 0.0000 0.0001 -0.0001 -20.0000 0.0000 0.0001 20.0000 -0.0003 0.0000 -0.0001 0.0000 0.0000 0.0000 0.0000 0.0000 0.0000 0.0000 -0.0001 -9.9999 -0.0002 0.0001 9.9999 0.0000 0.0000 0.0000 0.0000 0.0000 0.0000 0.0000 0.0000 0.0000 -0.0001 0.0000 0.0000 0.0000 0.0000 0.0000 0.0000 0.0001 0.0000 0.0001 0.0000 0.0000 0.0000 0.0000 0.0000 0.0000 0.0000 10.0001 -0.0001 0.0000 -10.0001 0.0000 0.0000 0.0000 0.0000 0.0000 0.0000 0.0002 0.0000 0.0000 -40.8933 20.7047 22.2076 4.1067 -20.7047 -22.2077 0.0000 0.0000 0.0000 0.0000 0.0004 0.0000 90.0000 0.0000 0.0000 0.0000 0.0000 0.0000 -270.0000 90.0000 0.0000 0.0000 0.0000 0.0000 0.0000 0.0000 0.0000 -90.0000 0.0000 0.0000 0.0000 -0.0001 0.0000 270.0002 90.0000 0.0000 0.0000 0.0000 0.0000 0.0000 0.0000 0.0000 
0.0000 94.0000 0.0000 0.0000 0.0000 0.0000 0.0000 0.0001 180.0000 0.0000 0.0000 0.0000 0.0000 0.0000 0.0000 0.0000 0.0000 0.0000 0.0000 0.0000 0.0000 0.0000 0.0000 0.0000 0.0000 0.0000 0.0000 0.0000 0.0000 90.0001 89.9999 0.0000 0.0000 0.0000 0.0000 0.0001 0.0000 0.0000 0.0000 40.8933 20.7046 -22.2077 -4.1067 -20.7048 22.2077 0.0000 0.0000 0.0000 0.0000 0.0003 0.0000 -0.0001 -0.0001 20.0000 0.0000 0.0001 -20.0000 0.0000 0.0000 0.0000 0.0000 0.0000 0.0000 0.0000 0.0000 0.0000 0.0000 -0.0001 10.0000 -0.0001 0.0000 -10.0000 0.0000 0.0000 0.0000 0.0000 0.0000 0.0000 0.0000 0.0000 0.0000 0.0000 -0.0001 -0.0001 -0.0001 0.0001 0.0000 0.0000 0.0000 0.0000 0.0000 0.0000 0.0000 0.0000 0.0000 0.0000 0.0000 -0.0001 -10.0001 -0.0001 0.0001 10.0000 0.0000 0.0000 0.0000 0.0000 0.0000 0.0000 0.0000 0.0000 0.0000 0.0000 0.0000 -90.0000 -89.9999 0.0000 0.0000 0.0001 0.0000 0.0001 0.0000 0.0000 0.0000 0.0001 -0.0001 -20.0000 0.0000 0.0001 20.0000 -0.0003 0.0000 -0.0001 0.0000 0.0000 0.0000 0.0000 0.0000 0.0000 0.0000 -0.0001 -9.9999 -0.0002 0.0001 9.9999 0.0000 0.0000 0.0000 0.0000 0.0000 0.0000 0.0000 0.0000 0.0000 -0.0001 0.0000 0.0000 0.0000 0.0000 0.0000 0.0000 0.0001 0.0000 0.0001 0.0000 0.0000 0.0000 0.0000 0.0000 0.0000 0.0000 10.0001 -0.0001 0.0000 -10.0001 0.0000 0.0000 0.0000 0.0000 0.0000 0.0000 0.0002 0.0000 0.0000 -40.8933 20.7047 22.2076 4.1067 -20.7047 -22.2077 0.0000 0.0000 0.0000 0.0000 0.0004 0.0000 90.0000 0.0000 0.0000 0.0000 0.0000 0.0000 -270.0000 90.0000 0.0000 0.0000 0.0000 0.0000 0.0000 0.0000 0.0000 -90.0000 0.0000 0.0000 0.0000 -0.0001 0.0000 270.0002 90.0000 0.0000 0.0000 0.0000 0.0000 0.0000 0.0000 0.0000 
0.0000 94.0000 0.0000 0.0000 0.0000 0.0000 0.0000 0.0001 180.0000 0.0000 0.0000 0.0000 0.0000 0.0000 0.0000 0.0000 0.0000 0.0000 0.0000 0.0000 0.0000 0.0000 0.0000 0.0000 0.0000 0.0000 0.0000 0.0000 0.0000 90.0001 89.9999 0.0000 0.0000 0.0000 0.0000 0.0001 0.0000 0.0000 0.0000 40.8933 20.7046 -22.2077 -4.1067 -20.7048 22.2077 0.0000 0.0000 0.0000 0.0000 0.0003 0.0000 -0.0001 -0.0001 20.0000 0.0000 0.0001 -20.0000 0.0000 0.0000 0.0000 0.0000 0.0000 0.0000 0.0000 0.0000 0.0000 0.0000 -0.0001 10.0000 -0.0001 0.0000 -10.0000 0.0000 0.0000 0.0000 0.0000 0.0000 0.0000 0.0000 0.0000 0.0000 0.0000 -0.0001 -0.0001 -0.0001 0.0001 0.0000 0.0000 0.0000 0.0000 0.0000 0.0000 0.0000 0.0000 0.0000 0.0000 0.0000 -0.0001 -10.0001 -0.0001 0.0001 10.0000 0.0000 0.0000 0.0000 0.0000 0.0000 0.0000 0.0000 0.0000 0.0000 0.0000 0.0000 -90.0000 -89.9999 0.0000 0.0000 0.0001 0.0000 0.0001 0.0000 0.0000 0.0000 0.0001 -0.0001 -20.0000 0.0000 0.0001 20.0000 -0.0003 0.0000 -0.0001 0.0000 0.0000 0.0000 0.0000 0.0000 0.0000 0.0000 -0.0001 -9.9999 -0.0002 0.0001 9.9999 0.0000 0.0000 0.0000 0.0000 0.0000 0.0000 0.0000 0.0000 0.0000 -0.0001 0.0000 0.0000 0.0000 0.0000 0.0000 0.0000 0.0001 0.0000 0.0001 0.0000 0.0000 0.0000 0.0000 0.0000 0.0000 0.0000 10.0001 -0.0001 0.0000 -10.0001 0.0000 0.0000 0.0000 0.0000 0.0000 0.0000 0.0002 0.0000 0.0000 -40.8933 20.7047 22.2076 4.1067 -20.7047 -22.2077 0.0000 0.0000 0.0000 0.0000 0.0004 0.0000 90.0000 0.0000 0.0000 0.0000 0.0000 0.0000 -270.0000 90.0000 0.0000 0.0000 0.0000 0.0000 0.0000 0.0000 0.0000 -90.0000 0.0000 0.0000 0.0000 -0.0001 0.0000 270.0002 90.0000 0.0000 0.0000 0.0000 0.0000 0.0000 0.0000 0.0000 
0.0000 94.0000 0.0000 0.0000 0.0000 0.0000 0.0000 0.0001 180.0000 0.0000 0.0000 0.0000 0.0000 0.0000 0.0000 0.0000 0.0000 0.0000 0.0000 0.0000 0.0000 0.0000 0.0000 0.0000 0.0000 0.0000 0.0000 0.0000 0.0000 90.0001 89.9999 0.0000 0.0000 0.0000 0.0000 0.0001 0.0000 0.0000 0.0000 40.8933 20.7046 -22.2077 -4.1067 -20.7048 22.2077 0.0000 0.0000 0.0000 0.0000 0.0003 0.0000 -0.0001 -0.0001 20.0000 0.0000 0.0001 -20.0000 0.0000 0.0000 0.0000 0.0000 0.0000 0.0000 0.0000 0.0000 0.0000 0.0000 -0.0001 10.0000 -0.0001 0.0000 -10.0000 0.0000 0.0000 0.0000 0.0000 0.0000 0.0000 0.0000 0.0000 0.0000 0.0000 -0.0001 -0.0001 -0.0001 0.0001 0.0000 0.0000 0.0000 0.0000 0.0000 0.0000 0.0000 0.0000 0.0000 0.0000 0.0000 -0.0001 -10.0001 -0.0001 0.0001 10.0000 0.0000 0.0000 0.0000 0.0000 0.0000 0.0000 0.0000 0.0000 0.0000 0.0000 0.0000 -90.0000 -89.9999 0.0000 0.0000 0.0001 0.0000 0.0001 0.0000 0.0000 0.0000 0.0001 -0.0001 -20.0000 0.0000 0.0001 20.0000 -0.0003 0.0000 -0.0001 0.0000 0.0000 0.0000 0.0000 0.0000 0.0000 0.0000 -0.0001 -9.9999 -0.0002 0.0001 9.9999 0.0000 0.0000 0.0000 0.0000 0.0000 0.0000 0.0000 0.0000 0.0000 -0.0001 0.0000 0.0000 0.0000 0.0000 0.0000 0.0000 0.0001 0.0000 0.0001 0.0000 0.0000 0.0000 0.0000 0.0000 0.0000 0.0000 10.0001 -0.0001 0.0000 -10.0001 0.0000 0.0000 0.0000 0.0000 0.0000 0.0000 0.0002 0.0000 0.0000 -40.8933 20.7047 22.2076 4.1067 -20.7047 -22.2077 0.0000 0.0000 0.0000 0.0000 0.0004 0.0000 90.0000 0.0000 0.0000 0.0000 0.0000 0.0000 -270.0000 90.0000 0.0000 0.0000 0.0000 0.0000 0.0000 0.0000 0.0000 -90.0000 0.0000 0.0000 0.0000 -0.0001 0.0000 270.0002 90.0000 0.0000 0.0000 0.0000 0.0000 0.0000 0.0000 0.0000 
0.0000 94.0000 0.0000 0.0000 0.0000 0.0000 0.0000 0.0001 180.0000 0.0000 0.0000 0.0000 0.0000 0.0000 0.0000 0.0000 0.0000 0.0000 0.0000 0.0000 0.0000 0.0000 0.0000 0.0000 0.0000 0.0000 0.0000 0.0000 0.0000 90.0001 89.9999 0.0000 0.0000 0.0000 0.0000 0.0001 0.0000 0.0000 0.0000 40.8933 20.7046 -22.2077 -4.1067 -20.7048 22.2077 0.0000 0.0000 0.0000 0.0000 0.0003 0.0000 -0.0001 -0.0001 20.0000 0.0000 0.0001 -20.0000 0.0000 0.0000 0.0000 0.0000 0.0000 0.0000 0.0000 0.0000 0.0000 0.0000 -0.0001 10.0000 -0.0001 0.0000 -10.0000 0.0000 0.0000 0.0000 0.0000 0.0000 0.0000 0.0000 0.0000 0.0000 0.0000 -0.0001 -0.0001 -0.0001 0.0001 0.0000 0.0000 0.0000 0.0000 0.0000 0.0000 0.0000 0.0000 0.0000 0.0000 0.0000 -0.0001 -10.0001 -0.0001 0.0001 10.0000 0.0000 0.0000 0.0000 0.0000 0.0000 0.0000 0.0000 0.0000 0.0000 0.0000 0.0000 -90.0000 -89.9999 0.0000 0.0000 0.0001 0.0000 0.0001 0.0000 0.0000 0.0000 0.0001 -0.0001 -20.0000 0.0000 0.0001 20.0000 -0.0003 0.0000 -0.0001 0.0000 0.0000 0.0000 0.0000 0.0000 0.0000 0.0000 -0.0001 -9.9999 -0.0002 0.0001 9.9999 0.0000 0.0000 0.0000 0.0000 0.0000 0.0000 0.0000 0.0000 0.0000 -0.0001 0.0000 0.0000 0.0000 0.0000 0.0000 0.0000 0.0001 0.0000 0.0001 0.0000 0.0000 0.0000 0.0000 0.0000 0.0000 0.0000 10.0001 -0.0001 0.0000 -10.0001 0.0000 0.0000 0.0000 0.0000 0.0000 0.0000 0.0002 0.0000 0.0000 -40.8933 20.7047 22.2076 4.1067 -20.7047 -22.2077 0.0000 0.0000 0.0000 0.0000 0.0004 0.0000 90.0000 0.0000 0.0000 0.0000 0.0000 0.0000 -270.0000 90.0000 0.0000 0.0000 0.0000 0.0000 0.0000 0.0000 0.0000 -90.0000 0.0000 0.0000 0.0000 -0.0001 0.0000 270.0002 90.0000 0.0000 0.0000 0.0000 0.0000 0.0000 0.0000 0.0000 
0.0000 94.0000 0.0000 0.0000 0.0000 0.0000 0.0000 0.0001 180.0000 0.0000 0.0000 0.0000 0.0000 0.0000 0.0000 0.0000 0.0000 0.0000 0.0000 0.0000 0.0000 0.0000 0.0000 0.0000 0.0000 0.0000 0.0000 0.0000 0.0000 90.0001 89.9999 0.0000 0.0000 0.0000 0.0000 0.0001 0.0000 0.0000 0.0000 40.8933 20.7046 -22.2077 -4.1067 -20.7048 22.2077 0.0000 0.0000 0.0000 0.0000 0.0003 0.0000 -0.0001 -0.0001 20.0000 0.0000 0.0001 -20.0000 0.0000 0.0000 0.0000 0.0000 0.0000 0.0000 0.0000 0.0000 0.0000 0.0000 -0.0001 10.0000 -0.0001 0.0000 -10.0000 0.0000 0.0000 0.0000 0.0000 0.0000 0.0000 0.0000 0.0000 0.0000 0.0000 -0.0001 -0.0001 -0.0001 0.0001 0.0000 0.0000 0.0000 0.0000 0.0000 0.0000 0.0000 0.0000 0.0000 0.0000 0.0000 -0.0001 -10.0001 -0.0001 0.0001 10.0000 0.0000 0.0000 0.0000 0.0000 0.0000 0.0000 0.0000 0.0000 0.0000 0.0000 0.0000 -90.0000 -89.9999 0.0000 0.0000 0.0001 0.0000 0.0001 0.0000 0.0000 0.0000 0.0001 -0.0001 -20.0000 0.0000 0.0001 20.0000 -0.0003 0.0000 -0.0001 0.0000 0.0000 0.0000 0.0000 0.0000 0.0000 0.0000 -0.0001 -9.9999 -0.0002 0.0001 9.9999 0.0000 0.0000 0.0000 0.0000 0.0000 0.0000 0.0000 0.0000 0.0000 -0.0001 0.0000 0.0000 0.0000 0.0000 0.0000 0.0000 0.0001 0.0000 0.0001 0.0000 0.0000 0.0000 0.0000 0.0000 0.0000 0.0000 10.0001 -0.0001 0.0000 -10.0001 0.0000 0.0000 0.0000 0.0000 0.0000 0.0000 0.0002 0.0000 0.0000 -40.8933 20.7047 22.2076 4.1067 -20.7047 -22.2077 0.0000 0.0000 0.0000 0.0000 0.0004 0.0000 90.0000 0.0000 0.0000 0.0000 0.0000 0.0000 -270.0000 90.0000 0.0000 0.0000 0.0000 0.0000 0.0000 0.0000 0.0000 -90.0000 0.0000 0.0000 0.0000 -0.0001 0.0000 270.0002 90.0000 0.0000 0.0000 0.0000 0.0000 0.0000 0.0000 0.0000 
0.0000 94.0000 0.0000 0.0000 0.0000 0.0000 0.0000 0.0001 180.0000 0.0000 0.0000 0.0000 0.0000 0.0000 0.0000 0.0000 0.0000 0.0000 0.0000 0.0000 0.0000 0.0000 0.0000 0.0000 0.0000 0.0000 0.0000 0.0000 0.0000 90.0001 89.9999 0.0000 0.0000 0.0000 0.0000 0.0001 0.0000 0.0000 0.0000 40.8933 20.7046 -22.2077 -4.1067 -20.7048 22.2077 0.0000 0.0000 0.0000 0.0000 0.0003 0.0000 -0.0001 -0.0001 20.0000 0.0000 0.0001 -20.0000 0.0000 0.0000 0.0000 0.0000 0.0000 0.0000 0.0000 0.0000 0.0000 0.0000 -0.0001 10.0000 -0.0001 0.0000 -10.0000 0.0000 0.0000 0.0000 0.0000 0.0000 0.0000 0.0000 0.0000 0.0000 0.0000 -0.0001 -0.0001 -0.0001 0.0001 0.0000 0.0000 0.0000 0.0000 0.0000 0.0000 0.0000 0.0000 0.0000 0.0000 0.0000 -0.0001 -10.0001 -0.0001 0.0001 10.0000 0.0000 0.0000 0.0000 0.0000 0.0000 0.0000 0.0000 0.0000 0.0000 0.0000 0.0000 -90.0000 -89.9999 0.0000 0.0000 0.0001 0.0000 0.0001 0.0000 0.0000 0.0000 0.0001 -0.0001 -20.0000 0.0000 0.0001 20.0000 -0.0003 0.0000 -0.0001 0.0000 0.0000 0.0000 0.0000 0.0000 0.0000 0.0000 -0.0001 -9.9999 -0.0002 0.0001 9.9999 0.0000 0.0000 0.0000 0.0000 0.0000 0.0000 0.0000 0.0000 0.0000 -0.0001 0.0000 0.0000 0.0000 0.0000 0.0000 0.0000 0.0001 0.0000 0.0001 0.0000 0.0000 0.0000 0.0000 0.0000 0.0000 0.0000 10.0001 -0.0001 0.0000 -10.0001 0.0000 0.0000 0.0000 0.0000 0.0000 0.0000 0.0002 0.0000 0.0000 -40.8933 20.7047 22.2076 4.1067 -20.7047 -22.2077 0.0000 0.0000 0.0000 0.0000 0.0004 0.0000 90.0000 0.0000 0.0000 0.0000 0.0000 0.0000 -270.0000 90.0000 0.0000 0.0000 0.0000 0.0000 0.0000 0.0000 0.0000 -90.0000 0.0000 0.0000 0.0000 -0.0001 0.0000 270.0002 90.0000 0.0000 0.0000 0.0000 0.0000 0.0000 0.0000 0.0000 
0.0000 94.0000 0.0000 0.0000 0.0000 0.0000 0.0000 0.0001 180.0000 0.0000 0.0000 0.0000 0.0000 0.0000 0.0000 0.0000 0.0000 0.0000 0.0000 0.0000 0.0000 0.0000 0.0000 0.0000 0.0000 0.0000 0.0000 0.0000 0.0000 90.0001 89.9999 0.0000 0.0000 0.0000 0.0000 0.0001 0.0000 0.0000 0.0000 40.8933 20.7046 -22.2077 -4.1067 -20.7048 22.2077 0.0000 0.0000 0.0000 0.0000 0.0003 0.0000 -0.0001 -0.0001 20.0000 0.0000 0.0001 -20.0000 0.0000 0.0000 0.0000 0.0000 0.0000 0.0000 0.0000 0.0000 0.0000 0.0000 -0.0001 10.0000 -0.0001 0.0000 -10.0000 0.0000 0.0000 0.0000 0.0000 0.0000 0.0000 0.0000 0.0000 0.0000 0.0000 -0.0001 -0.0001 -0.0001 0.0001 0.0000 0.0000 0.0000 0.0000 0.0000 0.0000 0.0000 0.0000 0.0000 0.0000 0.0000 -0.0001 -10.0001 -0.0001 0.0001 10.0000 0.0000 0.0000 0.0000 0.0000 0.0000 0.0000 0.0000 0.0000 0.0000 0.0000 0.0000 -90.0000 -89.9999 0.0000 0.0000 0.0001 0.0000 0.0001 0.0000 0.0000 0.0000 0.0001 -0.0001 -20.0000 0.0000 0.0001 20.0000 -0.0003 0.0000 -0.0001 0.0000 0.0000 0.0000 0.0000 0.0000 0.0000 0.0000 -0.0001 -9.9999 -0.0002 0.0001 9.9999 0.0000 0.0000 0.0000 0.0000 0.0000 0.0000 0.0000 0.0000 0.0000 -0.0001 0.0000 0.0000 0.0000 0.0000 0.0000 0.0000 0.0001 0.0000 0.0001 0.0000 0.0000 0.0000 0.0000 0.0000 0.0000 0.0000 10.0001 -0.0001 0.0000 -10.0001 0.0000 0.0000 0.0000 0.0000 0.0000 0.0000 0.0002 0.0000 0.0000 -40.8933 20.7047 22.2076 4.1067 -20.7047 -22.2077 0.0000 0.0000 0.0000 0.0000 0.0004 0.0000 90.0000 0.0000 0.0000 0.0000 0.0000 0.0000 -270.0000 90.0000 0.0000 0.0000 0.0000 0.0000 0.0000 0.0000 0.0000 -90.0000 0.0000 0.0000 0.0000 -0.0001 0.0000 270.0002 90.0000 0.0000 0.0000 0.0000 0.0000 0.0000 0.0000 0.0000
0.0000 94.0000 0.0000 0.0000 0.0000 0.0000 0.0000 0.0001 180.0000 0.0000 0.0000 0.0000 0.0000 0.0000 0.0000 0.0000 0.0000 0.0000 0.0000 0.0000 0.0000 0.0000 0.0000 0.0000 0.0000 0.0000 0.0000 0.0000 0.0000 90.0001 89.9999 0.0000 0.0000 0.0000 0.0000 0.0001 0.0000 0.0000 0.0000 40.8933 20.7046 -22.2077 -4.1067 -20.7048 22.2077 0.0000 0.0000 0.0000 0.0000 0.0003 0.0000 -0.0001 -0.0001 20.0000 0.0000 0.0001 -20.0000 0.0000 0.0000 0.0000 0.0000 0.0000 0.0000 0.0000 0.0000 0.0000 0.0000 -0.0001 10.0000 -0.0001 0.0000 -10.0000 0.0000 0.0000 0.0000 0.0000 0.0000 0.0000 0.0000 0.0000 0.0000 0.0000 -0.0001 -0.0001 -0.0001 0.0001 0.0000 0.0000 0.0000 0.0000 0.0000 0.0000 0.0000 0.0000 0.0000 0.0000 0.0000 -0.0001 -10.0001 -0.0001 0.0001 10.0000 0.0000 0.0000 0.0000 0.0000 0.0000 0.0000 0.0000 0.0000 0.0000 0.0000 0.0000 -90.0000 -89.9999 0.0000 0.0000 0.0001 0.0000 0.0001 0.0000 0.0000 0.0000 0.0001 -0.0001 -20.0000 0.0000 0.0001 20.0000 -0.0003 0.0000 -0.0001 0.0000 0.0000 0.0000 0.0000 0.0000 0.0000 0.0000 -0.0001 -9.9999 -0.0002 0.0001 9.9999 0.0000 0.0000 0.0000 0.0000 0.0000 0.0000 0.0000 0.0000 0.0000 -0.0001 0.0000 0.0000 0.0000 0.0000 0.0000 0.0000 0.0001 0.0000 0.0001 0.0000 0.0000 0.0000 0.0000 0.0000 0.0000 0.0000 10.0001 -0.0001 0.0000 -10.0001 0.0000 0.0000 0.0000 0.0000 0.0000 0.0000 0.0002 0.0000 0.0000 -40.8933 20.7047 22.2076 4.1067 -20.7047 -22.2077 0.0000 0.0000 0.0000 0.0000 0.0004 0.0000 90.0000 0.0000 0.0000 0.0000 0.0000 0.0000 -270.0000 90.0000 0.0000 0.0000 0.0000 0.0000 0.0000 0.0000 0.0000 -90.0000 0.0000 0.0000 0.0000 -0.0001 0.0000 270.0002 90.0000 0.0000 0.0000 0.0000 0.0000 0.0000 0.0000 0.0000 
0.0000 94.0000 0.0000 0.0000 0.0000 0.0000 0.0000 0.0001 180.0000 0.0000 0.0000 0.0000 0.0000 0.0000 0.0000 0.0000 0.0000 0.0000 0.0000 0.0000 0.0000 0.0000 0.0000 0.0000 0.0000 0.0000 0.0000 0.0000 0.0000 90.0001 89.9999 0.0000 0.0000 0.0000 0.0000 0.0001 0.0000 0.0000 0.0000 40.8933 20.7046 -22.2077 -4.1067 -20.7048 22.2077 0.0000 0.0000 0.0000 0.0000 0.0003 0.0000 -0.0001 -0.0001 20.0000 0.0000 0.0001 -20.0000 0.0000 0.0000 0.0000 0.0000 0.0000 0.0000 0.0000 0.0000 0.0000 0.0000 -0.0001 10.0000 -0.0001 0.0000 -10.0000 0.0000 0.0000 0.0000 0.0000 0.0000 0.0000 0.0000 0.0000 0.0000 0.0000 -0.0001 -0.0001 -0.0001 0.0001 0.0000 0.0000 0.0000 0.0000 0.0000 0.0000 0.0000 0.0000 0.0000 0.0000 0.0000 -0.0001 -10.0001 -0.0001 0.0001 10.0000 0.0000 0.0000 0.0000 0.0000 0.0000 0.0000 0.0000 0.0000 0.0000 0.0000 0.0000 -90.0000 -89.9999 0.0000 0.0000 0.0001 0.0000 0.0001 0.0000 0.0000 0.0000 0.0001 -0.0001 -20.0000 0.0000 0.0001 20.0000 -0.0003 0.0000 -0.0001 0.0000 0.0000 0.0000 0.0000 0.0000 0.0000 0.0000 -0.0001 -9.9999 -0.0002 0.0001 9.9999 0.0000 0.0000 0.0000 0.0000 0.0000 0.0000 0.0000 0.0000 0.0000 -0.0001 0.0000 0.0000 0.0000 0.0000 0.0000 0.0000 0.0001 0.0000 0.0001 0.0000 0.0000 0.0000 0.0000 0.0000 0.0000 0.0000 10.0001 -0.0001 0.0000 -10.0001 0.0000 0.0000 0.0000 0.0000 0.0000 0.0000 0.0002 0.0000 0.0000 -40.8933 20.7047 22.2076 4.1067 -20.7047 -22.2077 0.0000 0.0000 0.0000 0.0000 0.0004 0.0000 90.0000 0.0000 0.0000 0.0000 0.0000 0.0000 -270.0000 90.0000 0.0000 0.0000 0.0000 0.0000 0.0000 0.0000 0.0000 -90.0000 0.0000 0.0000 0.0000 -0.0001 0.0000 270.0002 90.0000 0.0000 0.0000 0.0000 0.0000 0.0000 0.0000 0.0000 
0.0000 94.0000 0.0000 0.0000 0.0000 0.0000 0.0000 0.0001 180.0000 0.0000 0.0000 0.0000 0.0000 0.0000 0.0000 0.0000 0.0000 0.0000 0.0000 0.0000 0.0000 0.0000 0.0000 0.0000 0.0000 0.0000 0.0000 0.0000 0.0000 90.0001 89.9999 0.0000 0.0000 0.0000 0.0000 0.0001 0.0000 0.0000 0.0000 40.8933 20.7046 -22.2077 -4.1067 -20.7048 22.2077 0.0000 0.0000 0.0000 0.0000 0.0003 0.0000 -0.0001 -0.0001 20.0000 0.0000 0.0001 -20.0000 0.0000 0.0000 0.0000 0.0000 0.0000 0.0000 0.0000 0.0000 0.0000 0.0000 -0.0001 10.0000 -0.0001 0.0000 -10.0000 0.0000 0.0000 0.0000 0.0000 0.0000 0.0000 0.0000 0.0000 0.0000 0.0000 -0.0001 -0.0001 -0.0001 0.0001 0.0000 0.0000 0.0000 0.0000 0.0000 0.0000 0.0000 0.0000 0.0000 0.0000 0.0000 -0.0001 -10.0001 -0.0001 0.0001 10.0000 0.0000 0.0000 0.0000 0.0000 0.0000 0.0000 0.0000 0.0000 0.0000 0.0000 0.0000 -90.0000 -89.9999 0.0000 0.0000 0.0001 0.0000 0.0001 0.0000 0.0000 0.0000 0.0001 -0.0001 -20.0000 0.0000 0.0001 20.0000 -0.0003 0.0000 -0.0001 0.0000 0.0000 0.0000 0.0000 0.0000 0.0000 0.0000 -0.0001 -9.9999 -0.0002 0.0001 9.9999 0.0000 0.0000 0.0000 0.0000 0.0000 0.0000 0.0000 0.0000 0.0000 -0.0001 0.0000 0.0000 0.0000 0.0000 0.0000 0.0000 0.0001 0.0000 0.0001 0.0000 0.0000 0.0000 0.0000 0.0000 0.0000 0.0000 10.0001 -0.0001 0.0000 -10.0001 0.0000 0.0000 0.0000 0.0000 0.0000 0.0000 0.0002 0.0000 0.0000 -40.8933 20.7047 22.2076 4.1067 -20.7047 -22.2077 0.0000 0.0000 0.0000 0.0000 0.0004 0.0000 90.0000 0.0000 0.0000 0.0000 0.0000 0.0000 -270.0000 90.0000 0.0000 0.0000 0.0000 0.0000 0.0000 0.0000 0.0000 -90.0000 0.0000 0.0000 0.0000 -0.0001 0.0000 270.0002 90.0000 0.0000 0.0000 0.0000 0.0000 0.0000 0.0000 0.0000 
0.0000 94.0000 0.0000 0.0000 0.0000 0.0000 0.0000 0.0001 180.0000 0.0000 0.0000 0.0000 0.0000 0.0000 0.0000 0.0000 0.0000 0.0000 0.0000 0.0000 0.0000 0.0000 0.0000 0.0000 0.0000 0.0000 0.0000 0.0000 0.0000 90.0001 89.9999 0.0000 0.0000 0.0000 0.0000 0.0001 0.0000 0.0000 0.0000 40.8933 20.7046 -22.2077 -4.1067 -20.7048 22.2077 0.0000 0.0000 0.0000 0.0000 0.0003 0.0000 -0.0001 -0.0001 20.0000 0.0000 0.0001 -20.0000 0.0000 0.0000 0.0000 0.0000 0.0000 0.0000 0.0000 0.0000 0.0000 0.0000 -0.0001 10.0000 -0.0001 0.0000 -10.0000 0.0000 0.0000 0.0000 0.0000 0.0000 0.0000 0.0000 0.0000 0.0000 0.0000 -0.0001 -0.0001 -0.0001 0.0001 0.0000 0.0000 0.0000 0.0000 0.0000 0.0000 0.0000 0.0000 0.0000 0.0000 0.0000 -0.0001 -10.0001 -0.0001 0.0001 10.0000 0.0000 0.0000 0.0000 0.0000 0.0000 0.0000 0.0000 0.0000 0.0000 0.0000 0.0000 -90.0000 -89.9999 0.0000 0.0000 0.0001 0.0000 0.0001 0.0000 0.0000 0.0000 0.0001 -0.0001 -20.0000 0.0000 0.0001 20.0000 -0.0003 0.0000 -0.0001 0.0000 0.0000 0.0000 0.0000 0.0000 0.0000 0.0000 -0.0001 -9.9999 -0.0002 0.0001 9.9999 0.0000 0.0000 0.0000 0.0000 0.0000 0.0000 0.0000 0.0000 0.0000 -0.0001 0.0000 0.0000 0.0000 0.0000 0.0000 0.0000 0.0001 0.0000 0.0001 0.0000 0.0000 0.0000 0.0000 0.0000 0.0000 0.0000 10.0001 -0.0001 0.0000 -10.0001 0.0000 0.0000 0.0000 0.0000 0.0000 0.0000 0.0002 0.0000 0.0000 -40.8933 20.7047 22.2076 4.1067 -20.7047 -22.2077 0.0000 0.0000 0.0000 0.0000 0.0004 0.0000 90.0000 0.0000 0.0000 0.0000 0.0000 0.0000 -270.0000 90.0000 0.0000 0.0000 0.0000 0.0000 0.0000 0.0000 0.0000 -90.0000 0.0000 0.0000 0.0000 -0.0001 0.0000 270.0002 90.0000 0.0000 0.0000 0.0000 0.0000 0.0000 0.0000 0.0000 
0.0000 94.0000 0.0000 0.0000 0.0000 0.0000 0.0000 0.0001 180.0000 0.0000 0.0000 0.0000 0.0000 0.0000 0.0000 0.0000 0.0000 0.0000 0.0000 0.0000 0.0000 0.0000 0.0000 0.0000 0.0000 0.0000 0.0000 0.0000 0.0000 90.0001 89.9999 0.0000 0.0000 0.0000 0.0000 0.0001 0.0000 0.0000 0.0000 40.8933 20.7046 -22.2077 -4.1067 -20.7048 22.2077 0.0000 0.0000 0.0000 0.0000 0.0003 0.0000 -0.0001 -0.0001 20.0000 0.0000 0.0001 -20.0000 0.0000 0.0000 0.0000 0.0000 0.0000 0.0000 0.0000 0.0000 0.0000 0.0000 -0.0001 10.0000 -0.0001 0.0000 -10.0000 0.0000 0.0000 0.0000 0.0000 0.0000 0.0000 0.0000 0.0000 0.0000 0.0000 -0.0001 -0.0001 -0.0001 0.0001 0.0000 0.0000 0.0000 0.0000 0.0000 0.0000 0.0000 0.0000 0.0000 0.0000 0.0000 -0.0001 -10.0001 -0.0001 0.0001 10.0000 0.0000 0.0000 0.0000 0.0000 0.0000 0.0000 0.0000 0.0000 0.0000 0.0000 0.0000 -90.0000 -89.9999 0.0000 0.0000 0.0001 0.0000 0.0001 0.0000 0.0000 0.0000 0.0001 -0.0001 -20.0000 0.0000 0.0001 20.0000 -0.0003 0.0000 -0.0001 0.0000 0.0000 0.0000 0.0000 0.0000 0.0000 0.0000 -0.0001 -9.9999 -0.0002 0.0001 9.9999 0.0000 0.0000 0.0000 0.0000 0.0000 0.0000 0.0000 0.0000 0.0000 -0.0001 0.0000 0.0000 0.0000 0.0000 0.0000 0.0000 0.0001 0.0000 0.0001 0.0000 0.0000 0.0000 0.0000 0.0000 0.0000 0.0000 10.0001 -0.0001 0.0000 -10.0001 0.0000 0.0000 0.0000 0.0000 0.0000 0.0000 0.0002 0.0000 0.0000 -40.8933 20.7047 22.2076 4.1067 -20.7047 -22.2077 0.0000 0.0000 0.0000 0.0000 0.0004 0.0000 90.0000 0.0000 0.0000 0.0000 0.0000 0.0000 -270.0000 90.0000 0.0000 0.0000 0.0000 0.0000 0.0000 0.0000 0.0000 -90.0000 0.0000 0.0000 0.0000 -0.0001 0.0000 270.0002 90.0000 0.0000 0.0000 0.0000 0.0000 0.0000 0.0000 0.0000 
0.0000 94.0000 0.0000 0.0000 0.0000 0.0000 0.0000 0.0001 180.0000 0.0000 0.0000 0.0000 0.0000 0.0000 0.0000 0.0000 0.0000 0.0000 0.0000 0.0000 0.0000 0.0000 0.0000 0.0000 0.0000 0.0000 0.0000 0.0000 0.0000 90.0001 89.9999 0.0000 0.0000 0.0000 0.0000 0.0001 0.0000 0.0000 0.0000 40.8933 20.7046 -22.2077 -4.1067 -20.7048 22.2077 0.0000 0.0000 0.0000 0.0000 0.0003 0.0000 -0.0001 -0.0001 20.0000 0.0000 0.0001 -20.0000 0.0000 0.0000 0.0000 0.0000 0.0000 0.0000 0.0000 0.0000 0.0000 0.0000 -0.0001 10.0000 -0.0001 0.0000 -10.0000 0.0000 0.0000 0.0000 0.0000 0.0000 0.0000 0.0000 0.0000 0.0000 0.0000 -0.0001 -0.0001 -0.0001 0.0001 0.0000 0.0000 0.0000 0.0000 0.0000 0.0000 0.0000 0.0000 0.0000 0.0000 0.0000 -0.0001 -10.0001 -0.0001 0.0001 10.0000 0.0000 0.0000 0.0000 0.0000 0.0000 0.0000 0.0000 0.0000 0.0000 0.0000 0.0000 -90.0000 -89.9999 0.0000 0.0000 0.0001 0.0000 0.0001 0.0000 0.0000 0.0000 0.0001 -0.0001 -20.0000 0.0000 0.0001 20.0000 -0.0003 0.0000 -0.0001 0.0000 0.0000 0.0000 0.0000 0.0000 0.0000 0.0000 -0.0001 -9.9999 -0.0002 0.0001 9.9999 0.0000 0.0000 0.0000 0.0000 0.0000 0.0000 0.0000 0.0000 0.0000 -0.0001 0.0000 0.0000 0.0000 0.0000 0.0000 0.0000 0.0001 0.0000 0.0001 0.0000 0.0000 0.0000 0.0000 0.0000 0.0000 0.0000 10.0001 -0.0001 0.0000 -10.0001 0.0000 0.0000 0.0000 0.0000 0.0000 0.0000 0.0002 0.0000 0.0000 -40.8933 20.7047 22.2076 4.1067 -20.7047 -22.2077 0.0000 0.0000 0.0000 0.0000 0.0004 0.0000 90.0000 0.0000 0.0000 0.0000 0.0000 0.0000 -270.0000 90.0000 0.0000 0.0000 0.0000 0.0000 0.0000 0.0000 0.0000 -90.0000 0.0000 0.0000 0.0000 -0.0001 0.0000 270.0002 90.0000 0.0000 0.0000 0.0000 0.0000 0.0000 0.0000 0.0000 
0.0000 94.0000 0.0000 0.0000 0.0000 0.0000 0.0000 0.0001 180.0000 0.0000 0.0000 0.0000 0.0000 0.0000 0.0000 0.0000 0.0000 0.0000 0.0000 0.0000 0.0000 0.0000 0.0000 0.0000 0.0000 0.0000 0.0000 0.0000 0.0000 90.0001 89.9999 0.0000 0.0000 0.0000 0.0000 0.0001 0.0000 0.0000 0.0000 40.8933 20.7046 -22.2077 -4.1067 -20.7048 22.2077 0.0000 0.0000 0.0000 0.0000 0.0003 0.0000 -0.0001 -0.0001 20.0000 0.0000 0.0001 -20.0000 0.0000 0.0000 0.0000 0.0000 0.0000 0.0000 0.0000 0.0000 0.0000 0.0000 -0.0001 10.0000 -0.0001 0.0000 -10.0000 0.0000 0.0000 0.0000 0.0000 0.0000 0.0000 0.0000 0.0000 0.0000 0.0000 -0.0001 -0.0001 -0.0001 0.0001 0.0000 0.0000 0.0000 0.0000 0.0000 0.0000 0.0000 0.0000 0.0000 0.0000 0.0000 -0.0001 -10.0001 -0.0001 0.0001 10.0000 0.0000 0.0000 0.0000 0.0000 0.0000 0.0000 0.0000 0.0000 0.0000 0.0000 0.0000 -90.0000 -89.9999 0.0000 0.0000 0.0001 0.0000 0.0001 0.0000 0.0000 0.0000 0.0001 -0.0001 -20.0000 0.0000 0.0001 20.0000 -0.0003 0.0000 -0.0001 0.0000 0.0000 0.0000 0.0000 0.0000 0.0000 0.0000 -0.0001 -9.9999 -0.0002 0.0001 9.9999 0.0000 0.0000 0.0000 0.0000 0.0000 0.0000 0.0000 0.0000 0.0000 -0.0001 0.0000 0.0000 0.0000 0.0000 0.0000 0.0000 0.0001 0.0000 0.0001 0.0000 0.0000 0.0000 0.0000 0.0000 0.0000 0.0000 10.0001 -0.0001 0.0000 -10.0001 0.0000 0.0000 0.0000 0.0000 0.0000 0.0000 0.0002 0.0000 0.0000 -40.8933 20.7047 22.2076 4.1067 -20.7047 -22.2077 0.0000 0.0000 0.0000 0.0000 0.0004 0.0000 90.0000 0.0000 0.0000 0.0000 0.0000 0.0000 -270.0000 90.0000 0.0000 0.0000 0.0000 0.0000 0.0000 0.0000 0.0000 -90.0000 0.0000 0.0000 0.0000 -0.0001 0.0000 270.0002 90.0000 0.0000 0.0000 0.0000 0.0000 0.0000 0.0000 0.0000 
0.0000 94.0000 0.0000 0.0000 0.0000 0.0000 0.0000 0.0001 180.0000 0.0000 0.0000 0.0000 0.0000 0.0000 0.0000 0.0000 0.0000 0.0000 0.0000 0.0000 0.0000 0.0000 0.0000 0.0000 0.0000 0.0000 0.0000 0.0000 0.0000 90.0001 89.9999 0.0000 0.0000 0.0000 0.0000 0.0001 0.0000 0.0000 0.0000 40.8933 20.7046 -22.2077 -4.1067 -20.7048 22.2077 0.0000 0.0000 0.0000 0.0000 0.0003 0.0000 -0.0001 -0.0001 20.0000 0.0000 0.0001 -20.0000 0.0000 0.0000 0.0000 0.0000 0.0000 0.0000 0.0000 0.0000 0.0000 0.0000 -0.0001 10.0000 -0.0001 0.0000 -10.0000 0.0000 0.0000 0.0000 0.0000 0.0000 0.0000 0.0000 0.0000 0.0000 0.0000 -0.0001 -0.0001 -0.0001 0.0001 0.0000 0.0000 0.0000 0.0000 0.0000 0.0000 0.0000 0.0000 0.0000 0.0000 0.0000 -0.0001 -10.0001 -0.0001 0.0001 10.0000 0.0000 0.0000 0.0000 0.0000 0.0000 0.0000 0.0000 0.0000 0.0000 0.0000 0.0000 -90.0000 -89.9999 0.0000 0.0000 0.0001 0.0000 0.0001 0.0000 0.0000 0.0000 0.0001 -0.0001 -20.0000 0.0000 0.0001 20.0000 -0.0003 0.0000 -0.0001 0.0000 0.0000 0.0000 0.0000 0.0000 0.0000 0.0000 -0.0001 -9.9999 -0.0002 0.0001 9.9999 0.0000 0.0000 0.0000 0.0000 0.0000 0.0000 0.0000 0.0000 0.0000 -0.0001 0.0000 0.0000 0.0000 0.0000 0.0000 0.0000 0.0001 0.0000 0.0001 0.0000 0.0000 0.0000 0.0000 0.0000 0.0000 0.0000 10.0001 -0.0001 0.0000 -10.0001 0.0000 0.0000 0.0000 0.0000 0.0000 0.0000 0.0002 0.0000 0.0000 -40.8933 20.7047 22.2076 4.1067 -20.7047 -22.2077 0.0000 0.0000 0.0000 0.0000 0.0004 0.0000 90.0000 0.0000 0.0000 0.0000 0.0000 0.0000 -270.0000 90.0000 0.0000 0.0000 0.0000 0.0000 0.0000 0.0000 0.0000 -90.0000 0.0000 0.0000 0.0000 -0.0001 0.0000 270.0002 90.0000 0.0000 0.0000 0.0000 0.0000 0.0000 0.0000 0.0000 
0.0000 94.0000 0.0000 0.0000 0.0000 0.0000 0.0000 0.0001 180.0000 0.0000 0.0000 0.0000 0.0000 0.0000 0.0000 0.0000 0.0000 0.0000 0.0000 0.0000 0.0000 0.0000 0.0000 0.0000 0.0000 0.0000 0.0000 0.0000 0.0000 90.0001 89.9999 0.0000 0.0000 0.0000 0.0000 0.0001 0.0000 0.0000 0.0000 40.8933 20.7046 -22.2077 -4.1067 -20.7048 22.2077 0.0000 0.0000 0.0000 0.0000 0.0003 0.0000 -0.0001 -0.0001 20.0000 0.0000 0.0001 -20.0000 0.0000 0.0000 0.0000 0.0000 0.0000 0.0000 0.0000 0.0000 0.0000 0.0000 -0.0001 10.0000 -0.0001 0.0000 -10.0000 0.0000 0.0000 0.0000 0.0000 0.0000 0.0000 0.0000 0.0000 0.0000 0.0000 -0.0001 -0.0001 -0.0001 0.0001 0.0000 0.0000 0.0000 0.0000 0.0000 0.0000 0.0000 0.0000 0.0000 0.0000 0.0000 -0.0001 -10.0001 -0.0001 0.0001 10.0000 0.0000 0.0000 0.0000 0.0000 0.0000 0.0000 0.0000 0.0000 0.0000 0.0000 0.0000 -90.0000 -89.9999 0.0000 0.0000 0.0001 0.0000 0.0001 0.0000 0.0000 0.0000 0.0001 -0.0001 -20.0000 0.0000 0.0001 20.0000 -0.0003 0.0000 -0.0001 0.0000 0.0000 0.0000 0.0000 0.0000 0.0000 0.0000 -0.0001 -9.9999 -0.0002 0.0001 9.9999 0.0000 0.0000 0.0000 0.0000 0.0000 0.0000 0.0000 0.0000 0.0000 -0.0001 0.0000 0.0000 0.0000 0.0000 0.0000 0.0000 0.0001 0.0000 0.0001 0.0000 0.0000 0.0000 0.0000 0.0000 0.0000 0.0000 10.0001 -0.0001 0.0000 -10.0001 0.0000 0.0000 0.0000 0.0000 0.0000 0.0000 0.0002 0.0000 0.0000 -40.8933 20.7047 22.2076 4.1067 -20.7047 -22.2077 0.0000 0.0000 0.0000 0.0000 0.0004 0.0000 90.0000 0.0000 0.0000 0.0000 0.0000 0.0000 -270.0000 90.0000 0.0000 0.0000 0.0000 0.0000 0.0000 0.0000 0.0000 -90.0000 0.0000 0.0000 0.0000 -0.0001 0.0000 270.0002 90.0000 0.0000 0.0000 0.0000 0.0000 0.0000 0.0000 0.0000 
0.0000 94.0000 0.0000 0.0000 0.0000 0.0000 0.0000 0.0001 180.0000 0.0000 0.0000 0.0000 0.0000 0.0000 0.0000 0.0000 0.0000 0.0000 0.0000 0.0000 0.0000 0.0000 0.0000 0.0000 0.0000 0.0000 0.0000 0.0000 0.0000 90.0001 89.9999 0.0000 0.0000 0.0000 0.0000 0.0001 0.0000 0.0000 0.0000 40.8933 20.7046 -22.2077 -4.1067 -20.7048 22.2077 0.0000 0.0000 0.0000 0.0000 0.0003 0.0000 -0.0001 -0.0001 20.0000 0.0000 0.0001 -20.0000 0.0000 0.0000 0.0000 0.0000 0.0000 0.0000 0.0000 0.0000 0.0000 0.0000 -0.0001 10.0000 -0.0001 0.0000 -10.0000 0.0000 0.0000 0.0000 0.0000 0.0000 0.0000 0.0000 0.0000 0.0000 0.0000 -0.0001 -0.0001 -0.0001 0.0001 0.0000 0.0000 0.0000 0.0000 0.0000 0.0000 0.0000 0.0000 0.0000 0.0000 0.0000 -0.0001 -10.0001 -0.0001 0.0001 10.0000 0.0000 0.0000 0.0000 0.0000 0.0000 0.0000 0.0000 0.0000 0.0000 0.0000 0.0000 -90.0000 -89.9999 0.0000 0.0000 0.0001 0.0000 0.0001 0.0000 0.0000 0.0000 0.0001 -0.0001 -20.0000 0.0000 0.0001 20.0000 -0.0003 0.0000 -0.0001 0.0000 0.0000 0.0000 0.0000 0.0000 0.0000 0.0000 -0.0001 -9.9999 -0.0002 0.0001 9.9999 0.0000 0.0000 0.0000 0.0000 0.0000 0.0000 0.0000 0.0000 0.0000 -0.0001 0.0000 0.0000 0.0000 0.0000 0.0000 0.0000 0.0001 0.0000 0.0001 0.0000 0.0000 0.0000 0.0000 0.0000 0.0000 0.0000 10.0001 -0.0001 0.0000 -10.0001 0.0000 0.0000 0.0000 0.0000 0.0000 0.0000 0.0002 0.0000 0.0000 -40.8933 20.7047 22.2076 4.1067 -20.7047 -22.2077 0.0000 0.0000 0.0000 0.0000 0.0004 0.0000 90.0000 0.0000 0.0000 0.0000 0.0000 0.0000 -270.0000 90.0000 0.0000 0.0000 0.0000 0.0000 0.0000 0.0000 0.0000 -90.0000 0.0000 0.0000 0.0000 -0.0001 0.0000 270.0002 90.0000 0.0000 0.0000 0.0000 0.0000 0.0000 0.0000 0.0000
0.0000 94.0000 0.0000 0.0000 0.0000 0.0000 0.0000 0.0001 180.0000 0.0000 0.0000 0.0000 0.0000 0.0000 0.0000 0.0000 0.0000 0.0000 0.0000 0.0000 0.0000 0.0000 0.0000 0.0000 0.0000 0.0000 0.0000 0.0000 0.0000 90.0001 89.9999 0.0000 0.0000 0.0000 0.0000 0.0001 0.0000 0.0000 0.0000 40.8933 20.7046 -22.2077 -4.1067 -20.7048 22.2077 0.0000 0.0000 0.0000 0.0000 0.0003 0.0000 -0.0001 -0.0001 20.0000 0.0000 0.0001 -20.0000 0.0000 0.0000 0.0000 0.0000 0.0000 0.0000 0.0000 0.0000 0.0000 0.0000 -0.0001 10.0000 -0.0001 0.0000 -10.0000 0.0000 0.0000 0.0000 0.0000 0.0000 0.0000 0.0000 0.0000 0.0000 0.0000 -0.0001 -0.0001 -0.0001 0.0001 0.0000 0.0000 0.0000 0.0000 0.0000 0.0000 0.0000 0.0000 0.0000 0.0000 0.0000 -0.0001 -10.0001 -0.0001 0.0001 10.0000 0.0000 0.0000 0.0000 0.0000 0.0000 0.0000 0.0000 0.0000 0.0000 0.0000 0.0000 -90.0000 -89.9999 0.0000 0.0000 0.0001 0.0000 0.0001 0.0000 0.0000 0.0000 0.0001 -0.0001 -20.0000 0.0000 0.0001 20.0000 -0.0003 0.0000 -0.0001 0.0000 0.0000 0.0000 0.0000 0.0000 0.0000 0.0000 -0.0001 -9.9999 -0.0002 0.0001 9.9999 0.0000 0.0000 0.0000 0.0000 0.0000 0.0000 0.0000 0.0000 0.0000 -0.0001 0.0000 0.0000 0.0000 0.0000 0.0000 0.0000 0.0001 0.0000 0.0001 0.0000 0.0000 0.0000 0.0000 0.0000 0.0000 0.0000 10.0001 -0.0001 0.0000 -10.0001 0.0000 0.0000 0.0000 0.0000 0.0000 0.0000 0.0002 0.0000 0.0000 -40.8933 20.7047 22.2076 4.1067 -20.7047 -22.2077 0.0000 0.0000 0.0000 0.0000 0.0004 0.0000 90.0000 0.0000 0.0000 0.0000 0.0000 0.0000 -270.0000 90.0000 0.0000 0.0000 0.0000 0.0000 0.0000 0.0000 0.0000 -90.0000 0.0000 0.0000 0.0000 -0.0001 0.0000 270.0002 90.0000 0.0000 0.0000 0.0000 0.0000 0.0000 0.0000 0.0000 
0.0000 94.0000 0.0000 0.0000 0.0000 0.0000 0.0000 0.0001 180.0000 0.0000 0.0000 0.0000 0.0000 0.0000 0.0000 0.0000 0.0000 0.0000 0.0000 0.0000 0.0000 0.0000 0.0000 0.0000 0.0000 0.0000 0.0000 0.0000 0.0000 90.0001 89.9999 0.0000 0.0000 0.0000 0.0000 0.0001 0.0000 0.0000 0.0000 40.8933 20.7046 -22.2077 -4.1067 -20.7048 22.2077 0.0000 0.0000 0.0000 0.0000 0.0003 0.0000 -0.0001 -0.0001 20.0000 0.0000 0.0001 -20.0000 0.0000 0.0000 0.0000 0.0000 0.0000 0.0000 0.0000 0.0000 0.0000 0.0000 -0.0001 10.0000 -0.0001 0.0000 -10.0000 0.0000 0.0000 0.0000 0.0000 0.0000 0.0000 0.0000 0.0000 0.0000 0.0000 -0.0001 -0.0001 -0.0001 0.0001 0.0000 0.0000 0.0000 0.0000 0.0000 0.0000 0.0000 0.0000 0.0000 0.0000 0.0000 -0.0001 -10.0001 -0.0001 0.0001 10.0000 0.0000 0.0000 0.0000 0.0000 0.0000 0.0000 0.0000 0.0000 0.0000 0.0000 0.0000 -90.0000 -89.9999 0.0000 0.0000 0.0001 0.0000 0.0001 0.0000 0.0000 0.0000 0.0001 -0.0001 -20.0000 0.0000 0.0001 20.0000 -0.0003 0.0000 -0.0001 0.0000 0.0000 0.0000 0.0000 0.0000 0.0000 0.0000 -0.0001 -9.9999 -0.0002 0.0001 9.9999 0.0000 0.0000 0.0000 0.0000 0.0000 0.0000 0.0000 0.0000 0.0000 -0.0001 0.0000 0.0000 0.0000 0.0000 0.0000 0.0000 0.0001 0.0000 0.0001 0.0000 0.0000 0.0000 0.0000 0.0000 0.0000 0.0000 10.0001 -0.0001 0.0000 -10.0001 0.0000 0.0000 0.0000 0.0000 0.0000 0.0000 0.0002 0.0000 0.0000 -40.8933 20.7047 22.2076 4.1067 -20.7047 -22.2077 0.0000 0.0000 0.0000 0.0000 0.0004 0.0000 90.0000 0.0000 0.0000 0.0000 0.0000 0.0000 -270.0000 90.0000 0.0000 0.0000 0.0000 0.0000 0.0000 0.0000 0.0000 -90.0000 0.0000 0.0000 0.0000 -0.0001 0.0000 270.0002 90.0000 0.0000 0.0000 0.0000 0.0000 0.0000 0.0000 0.0000 
0.0000 94.0000 0.0000 0.0000 0.0000 0.0000 0.0000 0.0001 180.0000 0.0000 0.0000 0.0000 0.0000 0.0000 0.0000 0.0000 0.0000 0.0000 0.0000 0.0000 0.0000 0.0000 0.0000 0.0000 0.0000 0.0000 0.0000 0.0000 0.0000 90.0001 89.9999 0.0000 0.0000 0.0000 0.0000 0.0001 0.0000 0.0000 0.0000 40.8933 20.7046 -22.2077 -4.1067 -20.7048 22.2077 0.0000 0.0000 0.0000 0.0000 0.0003 0.0000 -0.0001 -0.0001 20.0000 0.0000 0.0001 -20.0000 0.0000 0.0000 0.0000 0.0000 0.0000 0.0000 0.0000 0.0000 0.0000 0.0000 -0.0001 10.0000 -0.0001 0.0000 -10.0000 0.0000 0.0000 0.0000 0.0000 0.0000 0.0000 0.0000 0.0000 0.0000 0.0000 -0.0001 -0.0001 -0.0001 0.0001 0.0000 0.0000 0.0000 0.0000 0.0000 0.0000 0.0000 0.0000 0.0000 0.0000 0.0000 -0.0001 -10.0001 -0.0001 0.0001 10.0000 0.0000 0.0000 0.0000 0.0000 0.0000 0.0000 0.0000 0.0000 0.0000 0.0000 0.0000 -90.0000 -89.9999 0.0000 0.0000 0.0001 0.0000 0.0001 0.0000 0.0000 0.0000 0.0001 -0.0001 -20.0000 0.0000 0.0001 20.0000 -0.0003 0.0000 -0.0001 0.0000 0.0000 0.0000 0.0000 0.0000 0.0000 0.0000 -0.0001 -9.9999 -0.0002 0.0001 9.9999 0.0000 0.0000 0.0000 0.0000 0.0000 0.0000 0.0000 0.0000 0.0000 -0.0001 0.0000 0.0000 0.0000 0.0000 0.0000 0.0000 0.0001 0.0000 0.0001 0.0000 0.0000 0.0000 0.0000 0.0000 0.0000 0.0000 10.0001 -0.0001 0.0000 -10.0001 0.0000 0.0000 0.0000 0.0000 0.0000 0.0000 0.0002 0.0000 0.0000 -40.8933 20.7047 22.2076 4.1067 -20.7047 -22.2077 0.0000 0.0000 0.0000 0.0000 0.0004 0.0000 90.0000 0.0000 0.0000 0.0000 0.0000 0.0000 -270.0000 90.0000 0.0000 0.0000 0.0000 0.0000 0.0000 0.0000 0.0000 -90.0000 0.0000 0.0000 0.0000 -0.0001 0.0000 270.0002 90.0000 0.0000 0.0000 0.0000 0.0000 0.0000 0.0000 0.0000 
0.0000 94.0000 0.0000 0.0000 0.0000 0.0000 0.0000 0.0001 180.0000 0.0000 0.0000 0.0000 0.0000 0.0000 0.0000 0.0000 0.0000 0.0000 0.0000 0.0000 0.0000 0.0000 0.0000 0.0000 0.0000 0.0000 0.0000 0.0000 0.0000 90.0001 89.9999 0.0000 0.0000 0.0000 0.0000 0.0001 0.0000 0.0000 0.0000 40.8933 20.7046 -22.2077 -4.1067 -20.7048 22.2077 0.0000 0.0000 0.0000 0.0000 0.0003 0.0000 -0.0001 -0.0001 20.0000 0.0000 0.0001 -20.0000 0.0000 0.0000 0.0000 0.0000 0.0000 0.0000 0.0000 0.0000 0.0000 0.0000 -0.0001 10.0000 -0.0001 0.0000 -10.0000 0.0000 0.0000 0.0000 0.0000 0.0000 0.0000 0.0000 0.0000 0.0000 0.0000 -0.0001 -0.0001 -0.0001 0.0001 0.0000 0.0000 0.0000 0.0000 0.0000 0.0000 0.0000 0.0000 0.0000 0.0000 0.0000 -0.0001 -10.0001 -0.0001 0.0001 10.0000 0.0000 0.0000 0.0000 0.0000 0.0000 0.0000 0.0000 0.0000 0.0000 0.0000 0.0000 -90.0000 -89.9999 0.0000 0.0000 0.0001 0.0000 0.0001 0.0000 0.0000 0.0000 0.0001 -0.0001 -20.0000 0.0000 0.0001 20.0000 -0.0003 0.0000 -0.0001 0.0000 0.0000 0.0000 0.0000 0.0000 0.0000 0.0000 -0.0001 -9.9999 -0.0002 0.0001 9.9999 0.0000 0.0000 0.0000 0.0000 0.0000 0.0000 0.0000 0.0000 0.0000 -0.0001 0.0000 0.0000 0.0000 0.0000 0.0000 0.0000 0.0001 0.0000 0.0001 0.0000 0.0000 0.0000 0.0000 0.0000 0.0000 0.0000 10.0001 -0.0001 0.0000 -10.0001 0.0000 0.0000 0.0000 0.0000 0.0000 0.0000 0.0002 0.0000 0.0000 -40.8933 20.7047 22.2076 4.1067 -20.7047 -22.2077 0.0000 0.0000 0.0000 0.0000 0.0004 0.0000 90.0000 0.0000 0.0000 0.0000 0.0000 0.0000 -270.0000 90.0000 0.0000 0.0000 0.0000 0.0000 0.0000 0.0000 0.0000 -90.0000 0.0000 0.0000 0.0000 -0.0001 0.0000 270.0002 90.0000 0.0000 0.0000 0.0000 0.0000 0.0000 0.0000 0.0000 
0.0000 94.0000 0.0000 0.0000 0.0000 0.0000 0.0000 0.0001 180.0000 0.0000 0.0000 0.0000 0.0000 0.0000 0.0000 0.0000 0.0000 0.0000 0.0000 0.0000 0.0000 0.0000 0.0000 0.0000 0.0000 0.0000 0.0000 0.0000 0.0000 90.0001 89.9999 0.0000 0.0000 0.0000 0.0000 0.0001 0.0000 0.0000 0.0000 40.8933 20.7046 -22.2077 -4.1067 -20.7048 22.2077 0.0000 0.0000 0.0000 0.0000 0.0003 0.0000 -0.0001 -0.0001 20.0000 0.0000 0.0001 -20.0000 0.0000 0.0000 0.0000 0.0000 0.0000 0.0000 0.0000 0.0000 0.0000 0.0000 -0.0001 10.0000 -0.0001 0.0000 -10.0000 0.0000 0.0000 0.0000 0.0000 0.0000 0.0000 0.0000 0.0000 0.0000 0.0000 -0.0001 -0.0001 -0.0001 0.0001 0.0000 0.0000 0.0000 0.0000 0.0000 0.0000 0.0000 0.0000 0.0000 0.0000 0.0000 -0.0001 -10.0001 -0.0001 0.0001 10.0000 0.0000 0.0000 0.0000 0.0000 0.0000 0.0000 0.0000 0.0000 0.0000 0.0000 0.0000 -90.0000 -89.9999 0.0000 0.0000 0.0001 0.0000 0.0001 0.0000 0.0000 0.0000 0.0001 -0.0001 -20.0000 0.0000 0.0001 20.0000 -0.0003 0.0000 -0.0001 0.0000 0.0000 0.0000 0.0000 0.0000 0.0000 0.0000 -0.0001 -9.9999 -0.0002 0.0001 9.9999 0.0000 0.0000 0.0000 0.0000 0.0000 0.0000 0.0000 0.0000 0.0000 -0.0001 0.0000 0.0000 0.0000 0.0000 0.0000 0.0000 0.0001 0.0000 0.0001 0.0000 0.0000 0.0000 0.0000 0.0000 0.0000 0.0000 10.0001 -0.0001 0.0000 -10.0001 0.0000 0.0000 0.0000 0.0000 0.0000 0.0000 0.0002 0.0000 0.0000 -40.8933 20.7047 22.2076 4.1067 -20.7047 -22.2077 0.0000 0.0000 0.0000 0.0000 0.0004 0.0000 90.0000 0.0000 0.0000 0.0000 0.0000 0.0000 -270.0000 90.0000 0.0000 0.0000 0.0000 0.0000 0.0000 0.0000 0.0000 -90.0000 0.0000 0.0000 0.0000 -0.0001 0.0000 270.0002 90.0000 0.0000 0.0000 0.0000 0.0000 0.0000 0.0000 0.0000 
0.0000 94.0000 0.0000 0.0000 0.0000 0.0000 0.0000 0.0001 180.0000 0.0000 0.0000 0.0000 0.0000 0.0000 0.0000 0.0000 0.0000 0.0000 0.0000 0.0000 0.0000 0.0000 0.0000 0.0000 0.0000 0.0000 0.0000 0.0000 0.0000 90.0001 89.9999 0.0000 0.0000 0.0000 0.0000 0.0001 0.0000 0.0000 0.0000 40.8933 20.7046 -22.2077 -4.1067 -20.7048 22.2077 0.0000 0.0000 0.0000 0.0000 0.0003 0.0000 -0.0001 -0.0001 20.0000 0.0000 0.0001 -20.0000 0.0000 0.0000 0.0000 0.0000 0.0000 0.0000 0.0000 0.0000 0.0000 0.0000 -0.0001 10.0000 -0.0001 0.0000 -10.0000 0.0000 0.0000 0.0000 0.0000 0.0000 0.0000 0.0000 0.0000 0.0000 0.0000 -0.0001 -0.0001 -0.0001 0.0001 0.0000 0.0000 0.0000 0.0000 0.0000 0.0000 0.0000 0.0000 0.0000 0.0000 0.0000 -0.0001 -10.0001 -0.0001 0.0001 10.0000 0.0000 0.0000 0.0000 0.0000 0.0000 0.0000 0.0000 0.0000 0.0000 0.0000 0.0000 -90.0000 -89.9999 0.0000 0.0000 0.0001 0.0000 0.0001 0.0000 0.0000 0.0000 0.0001 -0.0001 -20.0000 0.0000 0.0001 20.0000 -0.0003 0.0000 -0.0001 0.0000 0.0000 0.0000 0.0000 0.0000 0.0000 0.0000 -0.0001 -9.9999 -0.0002 0.0001 9.9999 0.0000 0.0000 0.0000 0.0000 0.0000 0.0000 0.0000 0.0000 0.0000 -0.0001 0.0000 0.0000 0.0000 0.0000 0.0000 0.0000 0.0001 0.0000 0.0001 0.0000 0.0000 0.0000 0.0000 0.0000 0.0000 0.0000 10.0001 -0.0001 0.0000 -10.0001 0.0000 0.0000 0.0000 0.0000 0.0000 0.0000 0.0002 0.0000 0.0000 -40.8933 20.7047 22.2076 4.1067 -20.7047 -22.2077 0.0000 0.0000 0.0000 0.0000 0.0004 0.0000 90.0000 0.0000 0.0000 0.0000 0.0000 0.0000 -270.0000 90.0000 0.0000 0.0000 0.0000 0.0000 0.0000 0.0000 0.0000 -90.0000 0.0000 0.0000 0.0000 -0.0001 0.0000 270.0002 90.0000 0.0000 0.0000 0.0000 0.0000 0.0000 0.0000 0.0000 
0.0000 94.0000 0.0000 0.0000 0.0000 0.0000 0.0000 0.0001 180.0000 0.0000 0.0000 0.0000 0.0000 0.0000 0.0000 0.0000 0.0000 0.0000 0.0000 0.0000 0.0000 0.0000 0.0000 0.0000 0.0000 0.0000 0.0000 0.0000 0.0000 90.0001 89.9999 0.0000 0.0000 0.0000 0.0000 0.0001 0.0000 0.0000 0.0000 40.8933 20.7046 -22.2077 -4.1067 -20.7048 22.2077 0.0000 0.0000 0.0000 0.0000 0.0003 0.0000 -0.0001 -0.0001 20.0000 0.0000 0.0001 -20.0000 0.0000 0.0000 0.0000 0.0000 0.0000 0.0000 0.0000 0.0000 0.0000 0.0000 -0.0001 10.0000 -0.0001 0.0000 -10.0000 0.0000 0.0000 0.0000 0.0000 0.0000 0.0000 0.0000 0.0000 0.0000 0.0000 -0.0001 -0.0001 -0.0001 0.0001 0.0000 0.0000 0.0000 0.0000 0.0000 0.0000 0.0000 0.0000 0.0000 0.0000 0.0000 -0.0001 -10.0001 -0.0001 0.0001 10.0000 0.0000 0.0000 0.0000 0.0000 0.0000 0.0000 0.0000 0.0000 0.0000 0.0000 0.0000 -90.0000 -89.9999 0.0000 0.0000 0.0001 0.0000 0.0001 0.0000 0.0000 0.0000 0.0001 -0.0001 -20.0000 0.0000 0.0001 20.0000 -0.0003 0.0000 -0.0001 0.0000 0.0000 0.0000 0.0000 0.0000 0.0000 0.0000 -0.0001 -9.9999 -0.0002 0.0001 9.9999 0.0000 0.0000 0.0000 0.0000 0.0000 0.0000 0.0000 0.0000 0.0000 -0.0001 0.0000 0.0000 0.0000 0.0000 0.0000 0.0000 0.0001 0.0000 0.0001 0.0000 0.0000 0.0000 0.0000 0.0000 0.0000 0.0000 10.0001 -0.0001 0.0000 -10.0001 0.0000 0.0000 0.0000 0.0000 0.0000 0.0000 0.0002 0.0000 0.0000 -40.8933 20.7047 22.2076 4.1067 -20.7047 -22.2077 0.0000 0.0000 0.0000 0.0000 0.0004 0.0000 90.0000 0.0000 0.0000 0.0000 0.0000 0.0000 -270.0000 90.0000 0.0000 0.0000 0.0000 0.0000 0.0000 0.0000 0.0000 -90.0000 0.0000 0.0000 0.0000 -0.0001 0.0000 270.0002 90.0000 0.0000 0.0000 0.0000 0.0000 0.0000 0.0000 0.0000 
0.0000 94.0000 0.0000 0.0000 0.0000 0.0000 0.0000 0.0001 180.0000 0.0000 0.0000 0.0000 0.0000 0.0000 0.0000 0.0000 0.0000 0.0000 0.0000 0.0000 0.0000 0.0000 0.0000 0.0000 0.0000 0.0000 0.0000 0.0000 0.0000 90.0001 89.9999 0.0000 0.0000 0.0000 0.0000 0.0001 0.0000 0.0000 0.0000 40.8933 20.7046 -22.2077 -4.1067 -20.7048 22.2077 0.0000 0.0000 0.0000 0.0000 0.0003 0.0000 -0.0001 -0.0001 20.0000 0.0000 0.0001 -20.0000 0.0000 0.0000 0.0000 0.0000 0.0000 0.0000 0.0000 0.0000 0.0000 0.0000 -0.0001 10.0000 -0.0001 0.0000 -10.0000 0.0000 0.0000 0.0000 0.0000 0.0000 0.0000 0.0000 0.0000 0.0000 0.0000 -0.0001 -0.0001 -0.0001 0.0001 0.0000 0.0000 0.0000 0.0000 0.0000 0.0000 0.0000 0.0000 0.0000 0.0000 0.0000 -0.0001 -10.0001 -0.0001 0.0001 10.0000 0.0000 0.0000 0.0000 0.0000 0.0000 0.0000 0.0000 0.0000 0.0000 0.0000 0.0000 -90.0000 -89.9999 0.0000 0.0000 0.0001 0.0000 0.0001 0.0000 0.0000 0.0000 0.0001 -0.0001 -20.0000 0.0000 0.0001 20.0000 -0.0003 0.0000 -0.0001 0.0000 0.0000 0.0000 0.0000 0.0000 0.0000 0.0000 -0.0001 -9.9999 -0.0002 0.0001 9.9999 0.0000 0.0000 0.0000 0.0000 0.0000 0.0000 0.0000 0.0000 0.0000 -0.0001 0.0000 0.0000 0.0000 0.0000 0.0000 0.0000 0.0001 0.0000 0.0001 0.0000 0.0000 0.0000 0.0000 0.0000 0.0000 0.0000 10.0001 -0.0001 0.0000 -10.0001 0.0000 0.0000 0.0000 0.0000 0.0000 0.0000 0.0002 0.0000 0.0000 -40.8933 20.7047 22.2076 4.1067 -20.7047 -22.2077 0.0000 0.0000 0.0000 0.0000 0.0004 0.0000 90.0000 0.0000 0.0000 0.0000 0.0000 0.0000 -270.0000 90.0000 0.0000 0.0000 0.0000 0.0000 0.0000 0.0000 0.0000 -90.0000 0.0000 0.0000 0.0000 -0.0001 0.0000 270.0002 90.0000 0.0000 0.0000 0.0000 0.0000 0.0000 0.0000 0.0000 
0.0000 94.0000 0.0000 0.0000 0.0000 0.0000 0.0000 0.0001 180.0000 0.0000 0.0000 0.0000 0.0000 0.0000 0.0000 0.0000 0.0000 0.0000 0.0000 0.0000 0.0000 0.0000 0.0000 0.0000 0.0000 0.0000 0.0000 0.0000 0.0000 90.0001 89.9999 0.0000 0.0000 0.0000 0.0000 0.0001 0.0000 0.0000 0.0000 40.8933 20.7046 -22.2077 -4.1067 -20.7048 22.2077 0.0000 0.0000 0.0000 0.0000 0.0003 0.0000 -0.0001 -0.0001 20.0000 0.0000 0.0001 -20.0000 0.0000 0.0000 0.0000 0.0000 0.0000 0.0000 0.0000 0.0000 0.0000 0.0000 -0.0001 10.0000 -0.0001 0.0000 -10.0000 0.0000 0.0000 0.0000 0.0000 0.0000 0.0000 0.0000 0.0000 0.0000 0.0000 -0.0001 -0.0001 -0.0001 0.0001 0.0000 0.0000 0.0000 0.0000 0.0000 0.0000 0.0000 0.0000 0.0000 0.0000 0.0000 -0.0001 -10.0001 -0.0001 0.0001 10.0000 0.0000 0.0000 0.0000 0.0000 0.0000 0.0000 0.0000 0.0000 0.0000 0.0000 0.0000 -90.0000 -89.9999 0.0000 0.0000 0.0001 0.0000 0.0001 0.0000 0.0000 0.0000 0.0001 -0.0001 -20.0000 0.0000 0.0001 20.0000 -0.0003 0.0000 -0.0001 0.0000 0.0000 0.0000 0.0000 0.0000 0.0000 0.0000 -0.0001 -9.9999 -0.0002 0.0001 9.9999 0.0000 0.0000 0.0000 0.0000 0.0000 0.0000 0.0000 0.0000 0.0000 -0.0001 0.0000 0.0000 0.0000 0.0000 0.0000 0.0000 0.0001 0.0000 0.0001 0.0000 0.0000 0.0000 0.0000 0.0000 0.0000 0.0000 10.0001 -0.0001 0.0000 -10.0001 0.0000 0.0000 0.0000 0.0000 0.0000 0.0000 0.0002 0.0000 0.0000 -40.8933 20.7047 22.2076 4.1067 -20.7047 -22.2077 0.0000 0.0000 0.0000 0.0000 0.0004 0.0000 90.0000 0.0000 0.0000 0.0000 0.0000 0.0000 -270.0000 90.0000 0.0000 0.0000 0.0000 0.0000 0.0000 0.0000 0.0000 -90.0000 0.0000 0.0000 0.0000 -0.0001 0.0000 270.0002 90.0000 0.0000 0.0000 0.0000 0.0000 0.0000 0.0000 0.0000 
0.0000 94.0000 0.0000 0.0000 0.0000 0.0000 0.0000 0.0001 180.0000 0.0000 0.0000 0.0000 0.0000 0.0000 0.0000 0.0000 0.0000 0.0000 0.0000 0.0000 0.0000 0.0000 0.0000 0.0000 0.0000 0.0000 0.0000 0.0000 0.0000 90.0001 89.9999 0.0000 0.0000 0.0000 0.0000 0.0001 0.0000 0.0000 0.0000 40.8933 20.7046 -22.2077 -4.1067 -20.7048 22.2077 0.0000 0.0000 0.0000 0.0000 0.0003 0.0000 -0.0001 -0.0001 20.0000 0.0000 0.0001 -20.0000 0.0000 0.0000 0.0000 0.0000 0.0000 0.0000 0.0000 0.0000 0.0000 0.0000 -0.0001 10.0000 -0.0001 0.0000 -10.0000 0.0000 0.0000 0.0000 0.0000 0.0000 0.0000 0.0000 0.0000 0.0000 0.0000 -0.0001 -0.0001 -0.0001 0.0001 0.0000 0.0000 0.0000 0.0000 0.0000 0.0000 0.0000 0.0000 0.0000 0.0000 0.0000 -0.0001 -10.0001 -0.0001 0.0001 10.0000 0.0000 0.0000 0.0000 0.0000 0.0000 0.0000 0.0000 0.0000 0.0000 0.0000 0.0000 -90.0000 -89.9999 0.0000 0.0000 0.0001 0.0000 0.0001 0.0000 0.0000 0.0000 0.0001 -0.0001 -20.0000 0.0000 0.0001 20.0000 -0.0003 0.0000 -0.0001 0.0000 0.0000 0.0000 0.0000 0.0000 0.0000 0.0000 -0.0001 -9.9999 -0.0002 0.0001 9.9999 0.0000 0.0000 0.0000 0.0000 0.0000 0.0000 0.0000 0.0000 0.0000 -0.0001 0.0000 0.0000 0.0000 0.0000 0.0000 0.0000 0.0001 0.0000 0.0001 0.0000 0.0000 0.0000 0.0000 0.0000 0.0000 0.0000 10.0001 -0.0001 0.0000 -10.0001 0.0000 0.0000 0.0000 0.0000 0.0000 0.0000 0.0002 0.0000 0.0000 -40.8933 20.7047 22.2076 4.1067 -20.7047 -22.2077 0.0000 0.0000 0.0000 0.0000 0.0004 0.0000 90.0000 0.0000 0.0000 0.0000 0.0000 0.0000 -270.0000 90.0000 0.0000 0.0000 0.0000 0.0000 0.0000 0.0000 0.0000 -90.0000 0.0000 0.0000 0.0000 -0.0001 0.0000 270.0002 90.0000 0.0000 0.0000 0.0000 0.0000 0.0000 0.0000 0.0000
0.0000 94.0000 0.0000 0.0000 0.0000 0.0000 0.0000 0.0001 180.0000 0.0000 0.0000 0.0000 0.0000 0.0000 0.0000 0.0000 0.0000 0.0000 0.0000 0.0000 0.0000 0.0000 0.0000 0.0000 0.0000 0.0000 0.0000 0.0000 0.0000 90.0001 89.9999 0.0000 0.0000 0.0000 0.0000 0.0001 0.0000 0.0000 0.0000 40.8933 20.7046 -22.2077 -4.1067 -20.7048 22.2077 0.0000 0.0000 0.0000 0.0000 0.0003 0.0000 -0.0001 -0.0001 20.0000 0.0000 0.0001 -20.0000 0.0000 0.0000 0.0000 0.0000 0.0000 0.0000 0.0000 0.0000 0.0000 0.0000 -0.0001 10.0000 -0.0001 0.0000 -10.0000 0.0000 0.0000 0.0000 0.0000 0.0000 0.0000 0.0000 0.0000 0.0000 0.0000 -0.0001 -0.0001 -0.0001 0.0001 0.0000 0.0000 0.0000 0.0000 0.0000 0.0000 0.0000 0.0000 0.0000 0.0000 0.0000 -0.0001 -10.0001 -0.0001 0.0001 10.0000 0.0000 0.0000 0.0000 0.0000 0.0000 0.0000 0.0000 0.0000 0.0000 0.0000 0.0000 -90.0000 -89.9999 0.0000 0.0000 0.0001 0.0000 0.0001 0.0000 0.0000 0.0000 0.0001 -0.0001 -20.0000 0.0000 0.0001 20.0000 -0.0003 0.0000 -0.0001 0.0000 0.0000 0.0000 0.0000 0.0000 0.0000 0.0000 -0.0001 -9.9999 -0.0002 0.0001 9.9999 0.0000 0.0000 0.0000 0.0000 0.0000 0.0000 0.0000 0.0000 0.0000 -0.0001 0.0000 0.0000 0.0000 0.0000 0.0000 0.0000 0.0001 0.0000 0.0001 0.0000 0.0000 0.0000 0.0000 0.0000 0.0000 0.0000 10.0001 -0.0001 0.0000 -10.0001 0.0000 0.0000 0.0000 0.0000 0.0000 0.0000 0.0002 0.0000 0.0000 -40.8933 20.7047 22.2076 4.1067 -20.7047 -22.2077 0.0000 0.0000 0.0000 0.0000 0.0004 0.0000 90.0000 0.0000 0.0000 0.0000 0.0000 0.0000 -270.0000 90.0000 0.0000 0.0000 0.0000 0.0000 0.0000 0.0000 0.0000 -90.0000 0.0000 0.0000 0.0000 -0.0001 0.0000 270.0002 90.0000 0.0000 0.0000 0.0000 0.0000 0.0000 0.0000 0.0000 
0.0000 94.0000 0.0000 0.0000 0.0000 0.0000 0.0000 0.0001 180.0000 0.0000 0.0000 0.0000 0.0000 0.0000 0.0000 0.0000 0.0000 0.0000 0.0000 0.0000 0.0000 0.0000 0.0000 0.0000 0.0000 0.0000 0.0000 0.0000 0.0000 90.0001 89.9999 0.0000 0.0000 0.0000 0.0000 0.0001 0.0000 0.0000 0.0000 40.8933 20.7046 -22.2077 -4.1067 -20.7048 22.2077 0.0000 0.0000 0.0000 0.0000 0.0003 0.0000 -0.0001 -0.0001 20.0000 0.0000 0.0001 -20.0000 0.0000 0.0000 0.0000 0.0000 0.0000 0.0000 0.0000 0.0000 0.0000 0.0000 -0.0001 10.0000 -0.0001 0.0000 -10.0000 0.0000 0.0000 0.0000 0.0000 0.0000 0.0000 0.0000 0.0000 0.0000 0.0000 -0.0001 -0.0001 -0.0001 0.0001 0.0000 0.0000 0.0000 0.0000 0.0000 0.0000 0.0000 0.0000 0.0000 0.0000 0.0000 -0.0001 -10.0001 -0.0001 0.0001 10.0000 0.0000 0.0000 0.0000 0.0000 0.0000 0.0000 0.0000 0.0000 0.0000 0.0000 0.0000 -90.0000 -89.9999 0.0000 0.0000 0.0001 0.0000 0.0001 0.0000 0.0000 0.0000 0.0001 -0.0001 -20.0000 0.0000 0.0001 20.0000 -0.0003 0.0000 -0.0001 0.0000 0.0000 0.0000 0.0000 0.0000 0.0000 0.0000 -0.0001 -9.9999 -0.0002 0.0001 9.9999 0.0000 0.0000 0.0000 0.0000 0.0000 0.0000 0.0000 0.0000 0.0000 -0.0001 0.0000 0.0000 0.0000 0.0000 0.0000 0.0000 0.0001 0.0000 0.0001 0.0000 0.0000 0.0000 0.0000 0.0000 0.0000 0.0000 10.0001 -0.0001 0.0000 -10.0001 0.0000 0.0000 0.0000 0.0000 0.0000 0.0000 0.0002 0.0000 0.0000 -40.8933 20.7047 22.2076 4.1067 -20.7047 -22.2077 0.0000 0.0000 0.0000 0.0000 0.0004 0.0000 90.0000 0.0000 0.0000 0.0000 0.0000 0.0000 -270.0000 90.0000 0.0000 0.0000 0.0000 0.0000 0.0000 0.0000 0.0000 -90.0000 0.0000 0.0000 0.0000 -0.0001 0.0000 270.0002 90.0000 0.0000 0.0000 0.0000 0.0000 0.0000 0.0000 0.0000 
0.0000 94.0000 0.0000 0.0000 0.0000 0.0000 0.0000 0.0001 180.0000 0.0000 0.0000 0.0000 0.0000 0.0000 0.0000 0.0000 0.0000 0.0000 0.0000 0.0000 0.0000 0.0000 0.0000 0.0000 0.0000 0.0000 0.0000 0.0000 0.0000 90.0001 89.9999 0.0000 0.0000 0.0000 0.0000 0.0001 0.0000 0.0000 0.0000 40.8933 20.7046 -22.2077 -4.1067 -20.7048 22.2077 0.0000 0.0000 0.0000 0.0000 0.0003 0.0000 -0.0001 -0.0001 20.0000 0.0000 0.0001 -20.0000 0.0000 0.0000 0.0000 0.0000 0.0000 0.0000 0.0000 0.0000 0.0000 0.0000 -0.0001 10.0000 -0.0001 0.0000 -10.0000 0.0000 0.0000 0.0000 0.0000 0.0000 0.0000 0.0000 0.0000 0.0000 0.0000 -0.0001 -0.0001 -0.0001 0.0001 0.0000 0.0000 0.0000 0.0000 0.0000 0.0000 0.0000 0.0000 0.0000 0.0000 0.0000 -0.0001 -10.0001 -0.0001 0.0001 10.0000 0.0000 0.0000 0.0000 0.0000 0.0000 0.0000 0.0000 0.0000 0.0000 0.0000 0.0000 -90.0000 -89.9999 0.0000 0.0000 0.0001 0.0000 0.0001 0.0000 0.0000 0.0000 0.0001 -0.0001 -20.0000 0.0000 0.0001 20.0000 -0.0003 0.0000 -0.0001 0.0000 0.0000 0.0000 0.0000 0.0000 0.0000 0.0000 -0.0001 -9.9999 -0.0002 0.0001 9.9999 0.0000 0.0000 0.0000 0.0000 0.0000 0.0000 0.0000 0.0000 0.0000 -0.0001 0.0000 0.0000 0.0000 0.0000 0.0000 0.0000 0.0001 0.0000 0.0001 0.0000 0.0000 0.0000 0.0000 0.0000 0.0000 0.0000 10.0001 -0.0001 0.0000 -10.0001 0.0000 0.0000 0.0000 0.0000 0.0000 0.0000 0.0002 0.0000 0.0000 -40.8933 20.7047 22.2076 4.1067 -20.7047 -22.2077 0.0000 0.0000 0.0000 0.0000 0.0004 0.0000 90.0000 0.0000 0.0000 0.0000 0.0000 0.0000 -270.0000 90.0000 0.0000 0.0000 0.0000 0.0000 0.0000 0.0000 0.0000 -90.0000 0.0000 0.0000 0.0000 -0.0001 0.0000 270.0002 90.0000 0.0000 0.0000 0.0000 0.0000 0.0000 0.0000 0.0000 
0.0000 94.0000 0.0000 0.0000 0.0000 0.0000 0.0000 0.0001 180.0000 0.0000 0.0000 0.0000 0.0000 0.0000 0.0000 0.0000 0.0000 0.0000 0.0000 0.0000 0.0000 0.0000 0.0000 0.0000 0.0000 0.0000 0.0000 0.0000 0.0000 90.0001 89.9999 0.0000 0.0000 0.0000 0.0000 0.0001 0.0000 0.0000 0.0000 40.8933 20.7046 -22.2077 -4.1067 -20.7048 22.2077 0.0000 0.0000 0.0000 0.0000 0.0003 0.0000 -0.0001 -0.0001 20.0000 0.0000 0.0001 -20.0000 0.0000 0.0000 0.0000 0.0000 0.0000 0.0000 0.0000 0.0000 0.0000 0.0000 -0.0001 10.0000 -0.0001 0.0000 -10.0000 0.0000 0.0000 0.0000 0.0000 0.0000 0.0000 0.0000 0.0000 0.0000 0.0000 -0.0001 -0.0001 -0.0001 0.0001 0.0000 0.0000 0.0000 0.0000 0.0000 0.0000 0.0000 0.0000 0.0000 0.0000 0.0000 -0.0001 -10.0001 -0.0001 0.0001 10.0000 0.0000 0.0000 0.0000 0.0000 0.0000 0.0000 0.0000 0.0000 0.0000 0.0000 0.0000 -90.0000 -89.9999 0.0000 0.0000 0.0001 0.0000 0.0001 0.0000 0.0000 0.0000 0.0001 -0.0001 -20.0000 0.0000 0.0001 20.0000 -0.0003 0.0000 -0.0001 0.0000 0.0000 0.0000 0.0000 0.0000 0.0000 0.0000 -0.0001 -9.9999 -0.0002 0.0001 9.9999 0.0000 0.0000 0.0000 0.0000 0.0000 0.0000 0.0000 0.0000 0.0000 -0.0001 0.0000 0.0000 0.0000 0.0000 0.0000 0.0000 0.0001 0.0000 0.0001 0.0000 0.0000 0.0000 0.0000 0.0000 0.0000 0.0000 10.0001 -0.0001 0.0000 -10.0001 0.0000 0.0000 0.0000 0.0000 0.0000 0.0000 0.0002 0.0000 0.0000 -40.8933 20.7047 22.2076 4.1067 -20.7047 -22.2077 0.0000 0.0000 0.0000 0.0000 0.0004 0.0000 90.0000 0.0000 0.0000 0.0000 0.0000 0.0000 -270.0000 90.0000 0.0000 0.0000 0.0000 0.0000 0.0000 0.0000 0.0000 -90.0000 0.0000 0.0000 0.0000 -0.0001 0.0000 270.0002 90.0000 0.0000 0.0000 0.0000 0.0000 0.0000 0.0000 0.0000 
0.0000 94.0000 0.0000 0.0000 0.0000 0.0000 0.0000 0.0001 180.0000 0.0000 0.0000 0.0000 0.0000 0.0000 0.0000 0.0000 0.0000 0.0000 0.0000 0.0000 0.0000 0.0000 0.0000 0.0000 0.0000 0.0000 0.0000 0.0000 0.0000 90.0001 89.9999 0.0000 0.0000 0.0000 0.0000 0.0001 0.0000 0.0000 0.0000 40.8933 20.7046 -22.2077 -4.1067 -20.7048 22.2077 0.0000 0.0000 0.0000 0.0000 0.0003 0.0000 -0.0001 -0.0001 20.0000 0.0000 0.0001 -20.0000 0.0000 0.0000 0.0000 0.0000 0.0000 0.0000 0.0000 0.0000 0.0000 0.0000 -0.0001 10.0000 -0.0001 0.0000 -10.0000 0.0000 0.0000 0.0000 0.0000 0.0000 0.0000 0.0000 0.0000 0.0000 0.0000 -0.0001 -0.0001 -0.0001 0.0001 0.0000 0.0000 0.0000 0.0000 0.0000 0.0000 0.0000 0.0000 0.0000 0.0000 0.0000 -0.0001 -10.0001 -0.0001 0.0001 10.0000 0.0000 0.0000 0.0000 0.0000 0.0000 0.0000 0.0000 0.0000 0.0000 0.0000 0.0000 -90.0000 -89.9999 0.0000 0.0000 0.0001 0.0000 0.0001 0.0000 0.0000 0.0000 0.0001 -0.0001 -20.0000 0.0000 0.0001 20.0000 -0.0003 0.0000 -0.0001 0.0000 0.0000 0.0000 0.0000 0.0000 0.0000 0.0000 -0.0001 -9.9999 -0.0002 0.0001 9.9999 0.0000 0.0000 0.0000 0.0000 0.0000 0.0000 0.0000 0.0000 0.0000 -0.0001 0.0000 0.0000 0.0000 0.0000 0.0000 0.0000 0.0001 0.0000 0.0001 0.0000 0.0000 0.0000 0.0000 0.0000 0.0000 0.0000 10.0001 -0.0001 0.0000 -10.0001 0.0000 0.0000 0.0000 0.0000 0.0000 0.0000 0.0002 0.0000 0.0000 -40.8933 20.7047 22.2076 4.1067 -20.7047 -22.2077 0.0000 0.0000 0.0000 0.0000 0.0004 0.0000 90.0000 0.0000 0.0000 0.0000 0.0000 0.0000 -270.0000 90.0000 0.0000 0.0000 0.0000 0.0000 0.0000 0.0000 0.0000 -90.0000 0.0000 0.0000 0.0000 -0.0001 0.0000 270.0002 90.0000 0.0000 0.0000 0.0000 0.0000 0.0000 0.0000 0.0000 
0.0000 94.0000 0.0000 0.0000 0.0000 0.0000 0.0000 0.0001 180.0000 0.0000 0.0000 0.0000 0.0000 0.0000 0.0000 0.0000 0.0000 0.0000 0.0000 0.0000 0.0000 0.0000 0.0000 0.0000 0.0000 0.0000 0.0000 0.0000 0.0000 90.0001 89.9999 0.0000 0.0000 0.0000 0.0000 0.0001 0.0000 0.0000 0.0000 40.8933 20.7046 -22.2077 -4.1067 -20.7048 22.2077 0.0000 0.0000 0.0000 0.0000 0.0003 0.0000 -0.0001 -0.0001 20.0000 0.0000 0.0001 -20.0000 0.0000 0.0000 0.0000 0.0000 0.0000 0.0000 0.0000 0.0000 0.0000 0.0000 -0.0001 10.0000 -0.0001 0.0000 -10.0000 0.0000 0.0000 0.0000 0.0000 0.0000 0.0000 0.0000 0.0000 0.0000 0.0000 -0.0001 -0.0001 -0.0001 0.0001 0.0000 0.0000 0.0000 0.0000 0.0000 0.0000 0.0000 0.0000 0.0000 0.0000 0.0000 -0.0001 -10.0001 -0.0001 0.0001 10.0000 0.0000 0.0000 0.0000 0.0000 0.0000 0.0000 0.0000 0.0000 0.0000 0.0000 0.0000 -90.0000 -89.9999 0.0000 0.0000 0.0001 0.0000 0.0001 0.0000 0.0000 0.0000 0.0001 -0.0001 -20.0000 0.0000 0.0001 20.0000 -0.0003 0.0000 -0.0001 0.0000 0.0000 0.0000 0.0000 0.0000 0.0000 0.0000 -0.0001 -9.9999 -0.0002 0.0001 9.9999 0.0000 0.0000 0.0000 0.0000 0.0000 0.0000 0.0000 0.0000 0.0000 -0.0001 0.0000 0.0000 0.0000 0.0000 0.0000 0.0000 0.0001 0.0000 0.0001 0.0000 0.0000 0.0000 0.0000 0.0000 0.0000 0.0000 10.0001 -0.0001 0.0000 -10.0001 0.0000 0.0000 0.0000 0.0000 0.0000 0.0000 0.0002 0.0000 0.0000 -40.8933 20.7047 22.2076 4.1067 -20.7047 -22.2077 0.0000 0.0000 0.0000 0.0000 0.0004 0.0000 90.0000 0.0000 0.0000 0.0000 0.0000 0.0000 -270.0000 90.0000 0.0000 0.0000 0.0000 0.0000 0.0000 0.0000 0.0000 -90.0000 0.0000 0.0000 0.0000 -0.0001 0.0000 270.0002 90.0000 0.0000 0.0000 0.0000 0.0000 0.0000 0.0000 0.0000 
0.0000 94.0000 0.0000 0.0000 0.0000 0.0000 0.0000 0.0001 180.0000 0.0000 0.0000 0.0000 0.0000 0.0000 0.0000 0.0000 0.0000 0.0000 0.0000 0.0000 0.0000 0.0000 0.0000 0.0000 0.0000 0.0000 0.0000 0.0000 0.0000 90.0001 89.9999 0.0000 0.0000 0.0000 0.0000 0.0001 0.0000 0.0000 0.0000 40.8933 20.7046 -22.2077 -4.1067 -20.7048 22.2077 0.0000 0.0000 0.0000 0.0000 0.0003 0.0000 -0.0001 -0.0001 20.0000 0.0000 0.0001 -20.0000 0.0000 0.0000 0.0000 0.0000 0.0000 0.0000 0.0000 0.0000 0.0000 0.0000 -0.0001 10.0000 -0.0001 0.0000 -10.0000 0.0000 0.0000 0.0000 0.0000 0.0000 0.0000 0.0000 0.0000 0.0000 0.0000 -0.0001 -0.0001 -0.0001 0.0001 0.0000 0.0000 0.0000 0.0000 0.0000 0.0000 0.0000 0.0000 0.0000 0.0000 0.0000 -0.0001 -10.0001 -0.0001 0.0001 10.0000 0.0000 0.0000 0.0000 0.0000 0.0000 0.0000 0.0000 0.0000 0.0000 0.0000 0.0000 -90.0000 -89.9999 0.0000 0.0000 0.0001 0.0000 0.0001 0.0000 0.0000 0.0000 0.0001 -0.0001 -20.0000 0.0000 0.0001 20.0000 -0.0003 0.0000 -0.0001 0.0000 0.0000 0.0000 0.0000 0.0000 0.0000 0.0000 -0.0001 -9.9999 -0.0002 0.0001 9.9999 0.0000 0.0000 0.0000 0.0000 0.0000 0.0000 0.0000 0.0000 0.0000 -0.0001 0.0000 0.0000 0.0000 0.0000 0.0000 0.0000 0.0001 0.0000 0.0001 0.0000 0.0000 0.0000 0.0000 0.0000 0.0000 0.0000 10.0001 -0.0001 0.0000 -10.0001 0.0000 0.0000 0.0000 0.0000 0.0000 0.0000 0.0002 0.0000 0.0000 -40.8933 20.7047 22.2076 4.1067 -20.7047 -22.2077 0.0000 0.0000 0.0000 0.0000 0.0004 0.0000 90.0000 0.0000 0.0000 0.0000 0.0000 0.0000 -270.0000 90.0000 0.0000 0.0000 0.0000 0.0000 0.0000 0.0000 0.0000 -90.0000 0.0000 0.0000 0.0000 -0.0001 0.0000 270.0002 90.0000 0.0000 0.0000 0.0000 0.0000 0.0000 0.0000 0.0000 
0.0000 94.0000 0.0000 0.0000 0.0000 0.0000 0.0000 0.0001 180.0000 0.0000 0.0000 0.0000 0.0000 0.0000 0.0000 0.0000 0.0000 0.0000 0.0000 0.0000 0.0000 0.0000 0.0000 0.0000 0.0000 0.0000 0.0000 0.0000 0.0000 90.0001 89.9999 0.0000 0.0000 0.0000 0.0000 0.0001 0.0000 0.0000 0.0000 40.8933 20.7046 -22.2077 -4.1067 -20.7048 22.2077 0.0000 0.0000 0.0000 0.0000 0.0003 0.0000 -0.0001 -0.0001 20.0000 0.0000 0.0001 -20.0000 0.0000 0.0000 0.0000 0.0000 0.0000 0.0000 0.0000 0.0000 0.0000 0.0000 -0.0001 10.0000 -0.0001 0.0000 -10.0000 0.0000 0.0000 0.0000 0.0000 0.0000 0.0000 0.0000 0.0000 0.0000 0.0000 -0.0001 -0.0001 -0.0001 0.0001 0.0000 0.0000 0.0000 0.0000 0.0000 0.0000 0.0000 0.0000 0.0000 0.0000 0.0000 -0.0001 -10.0001 -0.0001 0.0001 10.0000 0.0000 0.0000 0.0000 0.0000 0.0000 0.0000 0.0000 0.0000 0.0000 0.0000 0.0000 -90.0000 -89.9999 0.0000 0.0000 0.0001 0.0000 0.0001 0.0000 0.0000 0.0000 0.0001 -0.0001 -20.0000 0.0000 0.0001 20.0000 -0.0003 0.0000 -0.0001 0.0000 0.0000 0.0000 0.0000 0.0000 0.0000 0.0000 -0.0001 -9.9999 -0.0002 0.0001 9.9999 0.0000 0.0000 0.0000 0.0000 0.0000 0.0000 0.0000 0.0000 0.0000 -0.0001 0.0000 0.0000 0.0000 0.0000 0.0000 0.0000 0.0001 0.0000 0.0001 0.0000 0.0000 0.0000 0.0000 0.0000 0.0000 0.0000 10.0001 -0.0001 0.0000 -10.0001 0.0000 0.0000 0.0000 0.0000 0.0000 0.0000 0.0002 0.0000 0.0000 -40.8933 20.7047 22.2076 4.1067 -20.7047 -22.2077 0.0000 0.0000 0.0000 0.0000 0.0004 0.0000 90.0000 0.0000 0.0000 0.0000 0.0000 0.0000 -270.0000 90.0000 0.0000 0.0000 0.0000 0.0000 0.0000 0.0000 0.0000 -90.0000 0.0000 0.0000 0.0000 -0.0001 0.0000 270.0002 90.0000 0.0000 0.0000 0.0000 0.0000 0.0000 0.0000 0.0000 
0.0000 94.0000 0.0000 0.0000 0.0000 0.0000 0.0000 0.0001 180.0000 0.0000 0.0000 0.0000 0.0000 0.0000 0.0000 0.0000 0.0000 0.0000 0.0000 0.0000 0.0000 0.0000 0.0000 0.0000 0.0000 0.0000 0.0000 0.0000 0.0000 90.0001 89.9999 0.0000 0.0000 0.0000 0.0000 0.0001 0.0000 0.0000 0.0000 40.8933 20.7046 -22.2077 -4.1067 -20.7048 22.2077 0.0000 0.0000 0.0000 0.0000 0.0003 0.0000 -0.0001 -0.0001 20.0000 0.0000 0.0001 -20.0000 0.0000 0.0000 0.0000 0.0000 0.0000 0.0000 0.0000 0.0000 0.0000 0.0000 -0.0001 10.0000 -0.0001 0.0000 -10.0000 0.0000 0.0000 0.0000 0.0000 0.0000 0.0000 0.0000 0.0000 0.0000 0.0000 -0.0001 -0.0001 -0.0001 0.0001 0.0000 0.0000 0.0000 0.0000 0.0000 0.0000 0.0000 0.0000 0.0000 0.0000 0.0000 -0.0001 -10.0001 -0.0001 0.0001 10.0000 0.0000 0.0000 0.0000 0.0000 0.0000 0.0000 0.0000 0.0000 0.0000 0.0000 0.0000 -90.0000 -89.9999 0.0000 0.0000 0.0001 0.0000 0.0001 0.0000 0.0000 0.0000 0.0001 -0.0001 -20.0000 0.0000 0.0001 20.0000 -0.0003 0.0000 -0.0001 0.0000 0.0000 0.0000 0.0000 0.0000 0.0000 0.0000 -0.0001 -9.9999 -0.0002 0.0001 9.9999 0.0000 0.0000 0.0000 0.0000 0.0000 0.0000 0.0000 0.0000 0.0000 -0.0001 0.0000 0.0000 0.0000 0.0000 0.0000 0.0000 0.0001 0.0000 0.0001 0.0000 0.0000 0.0000 0.0000 0.0000 0.0000 0.0000 10.0001 -0.0001 0.0000 -10.0001 0.0000 0.0000 0.0000 0.0000 0.0000 0.0000 0.0002 0.0000 0.0000 -40.8933 20.7047 22.2076 4.1067 -20.7047 -22.2077 0.0000 0.0000 0.0000 0.0000 0.0004 0.0000 90.0000 0.0000 0.0000 0.0000 0.0000 0.0000 -270.0000 90.0000 0.0000 0.0000 0.0000 0.0000 0.0000 0.0000 0.0000 -90.0000 0.0000 0.0000 0.0000 -0.0001 0.0000 270.0002 90.0000 0.0000 0.0000 0.0000 0.0000 0.0000 0.0000 0.0000 
0.0000 94.0000 0.0000 0.0000 0.0000 0.0000 0.0000 0.0001 180.0000 0.0000 0.0000 0.0000 0.0000 0.0000 0.0000 0.0000 0.0000 0.0000 0.0000 0.0000 0.0000 0.0000 0.0000 0.0000 0.0000 0.0000 0.0000 0.0000 0.0000 90.0001 89.9999 0.0000 0.0000 0.0000 0.0000 0.0001 0.0000 0.0000 0.0000 40.8933 20.7046 -22.2077 -4.1067 -20.7048 22.2077 0.0000 0.0000 0.0000 0.0000 0.0003 0.0000 -0.0001 -0.0001 20.0000 0.0000 0.0001 -20.0000 0.0000 0.0000 0.0000 0.0000 0.0000 0.0000 0.0000 0.0000 0.0000 0.0000 -0.0001 10.0000 -0.0001 0.0000 -10.0000 0.0000 0.0000 0.0000 0.0000 0.0000 0.0000 0.0000 0.0000 0.0000 0.0000 -0.0001 -0.0001 -0.0001 0.0001 0.0000 0.0000 0.0000 0.0000 0.0000 0.0000 0.0000 0.0000 0.0000 0.0000 0.0000 -0.0001 -10.0001 -0.0001 0.0001 10.0000 0.0000 0.0000 0.0000 0.0000 0.0000 0.0000 0.0000 0.0000 0.0000 0.0000 0.0000 -90.0000 -89.9999 0.0000 0.0000 0.0001 0.0000 0.0001 0.0000 0.0000 0.0000 0.0001 -0.0001 -20.0000 0.0000 0.0001 20.0000 -0.0003 0.0000 -0.0001 0.0000 0.0000 0.0000 0.0000 0.0000 0.0000 0.0000 -0.0001 -9.9999 -0.0002 0.0001 9.9999 0.0000 0.0000 0.0000 0.0000 0.0000 0.0000 0.0000 0.0000 0.0000 -0.0001 0.0000 0.0000 0.0000 0.0000 0.0000 0.0000 0.0001 0.0000 0.0001 0.0000 0.0000 0.0000 0.0000 0.0000 0.0000 0.0000 10.0001 -0.0001 0.0000 -10.0001 0.0000 0.0000 0.0000 0.0000 0.0000 0.0000 0.0002 0.0000 0.0000 -40.8933 20.7047 22.2076 4.1067 -20.7047 -22.2077 0.0000 0.0000 0.0000 0.0000 0.0004 0.0000 90.0000 0.0000 0.0000 0.0000 0.0000 0.0000 -270.0000 90.0000 0.0000 0.0000 0.0000 0.0000 0.0000 0.0000 0.0000 -90.0000 0.0000 0.0000 0.0000 -0.0001 0.0000 270.0002 90.0000 0.0000 0.0000 0.0000 0.0000 0.0000 0.0000 0.0000
0.0000 94.0000 0.0000 0.0000 0.0000 0.0000 0.0000 0.0001 180.0000 0.0000 0.0000 0.0000 0.0000 0.0000 0.0000 0.0000 0.0000 0.0000 0.0000 0.0000 0.0000 0.0000 0.0000 0.0000 0.0000 0.0000 0.0000 0.0000 0.0000 90.0001 89.9999 0.0000 0.0000 0.0000 0.0000 0.0001 0.0000 0.0000 0.0000 40.8933 20.7046 -22.2077 -4.1067 -20.7048 22.2077 0.0000 0.0000 0.0000 0.0000 0.0003 0.0000 -0.0001 -0.0001 20.0000 0.0000 0.0001 -20.0000 0.0000 0.0000 0.0000 0.0000 0.0000 0.0000 0.0000 0.0000 0.0000 0.0000 -0.0001 10.0000 -0.0001 0.0000 -10.0000 0.0000 0.0000 0.0000 0.0000 0.0000 0.0000 0.0000 0.0000 0.0000 0.0000 -0.0001 -0.0001 -0.0001 0.0001 0.0000 0.0000 0.0000 0.0000 0.0000 0.0000 0.0000 0.0000 0.0000 0.0000 0.0000 -0.0001 -10.0001 -0.0001 0.0001 10.0000 0.0000 0.0000 0.0000 0.0000 0.0000 0.0000 0.0000 0.0000 0.0000 0.0000 0.0000 -90.0000 -89.9999 0.0000 0.0000 0.0001 0.0000 0.0001 0.0000 0.0000 0.0000 0.0001 -0.0001 -20.0000 0.0000 0.0001 20.0000 -0.0003 0.0000 -0.0001 0.0000 0.0000 0.0000 0.0000 0.0000 0.0000 0.0000 -0.0001 -9.9999 -0.0002 0.0001 9.9999 0.0000 0.0000 0.0000 0.0000 0.0000 0.0000 0.0000 0.0000 0.0000 -0.0001 0.0000 0.0000 0.0000 0.0000 0.0000 0.0000 0.0001 0.0000 0.0001 0.0000 0.0000 0.0000 0.0000 0.0000 0.0000 0.0000 10.0001 -0.0001 0.0000 -10.0001 0.0000 0.0000 0.0000 0.0000 0.0000 0.0000 0.0002 0.0000 0.0000 -40.8933 20.7047 22.2076 4.1067 -20.7047 -22.2077 0.0000 0.0000 0.0000 0.0000 0.0004 0.0000 90.0000 0.0000 0.0000 0.0000 0.0000 0.0000 -270.0000 90.0000 0.0000 0.0000 0.0000 0.0000 0.0000 0.0000 0.0000 -90.0000 0.0000 0.0000 0.0000 -0.0001 0.0000 270.0002 90.0000 0.0000 0.0000 0.0000 0.0000 0.0000 0.0000 0.0000 
0.0000 94.0000 0.0000 0.0000 0.0000 0.0000 0.0000 0.0001 180.0000 0.0000 0.0000 0.0000 0.0000 0.0000 0.0000 0.0000 0.0000 0.0000 0.0000 0.0000 0.0000 0.0000 0.0000 0.0000 0.0000 0.0000 0.0000 0.0000 0.0000 90.0001 89.9999 0.0000 0.0000 0.0000 0.0000 0.0001 0.0000 0.0000 0.0000 40.8933 20.7046 -22.2077 -4.1067 -20.7048 22.2077 0.0000 0.0000 0.0000 0.0000 0.0003 0.0000 -0.0001 -0.0001 20.0000 0.0000 0.0001 -20.0000 0.0000 0.0000 0.0000 0.0000 0.0000 0.0000 0.0000 0.0000 0.0000 0.0000 -0.0001 10.0000 -0.0001 0.0000 -10.0000 0.0000 0.0000 0.0000 0.0000 0.0000 0.0000 0.0000 0.0000 0.0000 0.0000 -0.0001 -0.0001 -0.0001 0.0001 0.0000 0.0000 0.0000 0.0000 0.0000 0.0000 0.0000 0.0000 0.0000 0.0000 0.0000 -0.0001 -10.0001 -0.0001 0.0001 10.0000 0.0000 0.0000 0.0000 0.0000 0.0000 0.0000 0.0000 0.0000 0.0000 0.0000 0.0000 -90.0000 -89.9999 0.0000 0.0000 0.0001 0.0000 0.0001 0.0000 0.0000 0.0000 0.0001 -0.0001 -20.0000 0.0000 0.0001 20.0000 -0.0003 0.0000 -0.0001 0.0000 0.0000 0.0000 0.0000 0.0000 0.0000 0.0000 -0.0001 -9.9999 -0.0002 0.0001 9.9999 0.0000 0.0000 0.0000 0.0000 0.0000 0.0000 0.0000 0.0000 0.0000 -0.0001 0.0000 0.0000 0.0000 0.0000 0.0000 0.0000 0.0001 0.0000 0.0001 0.0000 0.0000 0.0000 0.0000 0.0000 0.0000 0.0000 10.0001 -0.0001 0.0000 -10.0001 0.0000 0.0000 0.0000 0.0000 0.0000 0.0000 0.0002 0.0000 0.0000 -40.8933 20.7047 22.2076 4.1067 -20.7047 -22.2077 0.0000 0.0000 0.0000 0.0000 0.0004 0.0000 90.0000 0.0000 0.0000 0.0000 0.0000 0.0000 -270.0000 90.0000 0.0000 0.0000 0.0000 0.0000 0.0000 0.0000 0.0000 -90.0000 0.0000 0.0000 0.0000 -0.0001 0.0000 270.0002 90.0000 0.0000 0.0000 0.0000 0.0000 0.0000 0.0000 0.0000 
0.0000 94.0000 0.0000 0.0000 0.0000 0.0000 0.0000 0.0001 180.0000 0.0000 0.0000 0.0000 0.0000 0.0000 0.0000 0.0000 0.0000 0.0000 0.0000 0.0000 0.0000 0.0000 0.0000 0.0000 0.0000 0.0000 0.0000 0.0000 0.0000 90.0001 89.9999 0.0000 0.0000 0.0000 0.0000 0.0001 0.0000 0.0000 0.0000 40.8933 20.7046 -22.2077 -4.1067 -20.7048 22.2077 0.0000 0.0000 0.0000 0.0000 0.0003 0.0000 -0.0001 -0.0001 20.0000 0.0000 0.0001 -20.0000 0.0000 0.0000 0.0000 0.0000 0.0000 0.0000 0.0000 0.0000 0.0000 0.0000 -0.0001 10.0000 -0.0001 0.0000 -10.0000 0.0000 0.0000 0.0000 0.0000 0.0000 0.0000 0.0000 0.0000 0.0000 0.0000 -0.0001 -0.0001 -0.0001 0.0001 0.0000 0.0000 0.0000 0.0000 0.0000 0.0000 0.0000 0.0000 0.0000 0.0000 0.0000 -0.0001 -10.0001 -0.0001 0.0001 10.0000 0.0000 0.0000 0.0000 0.0000 0.0000 0.0000 0.0000 0.0000 0.0000 0.0000 0.0000 -90.0000 -89.9999 0.0000 0.0000 0.0001 0.0000 0.0001 0.0000 0.0000 0.0000 0.0001 -0.0001 -20.0000 0.0000 0.0001 20.0000 -0.0003 0.0000 -0.0001 0.0000 0.0000 0.0000 0.0000 0.0000 0.0000 0.0000 -0.0001 -9.9999 -0.0002 0.0001 9.9999 0.0000 0.0000 0.0000 0.0000 0.0000 0.0000 0.0000 0.0000 0.0000 -0.0001 0.0000 0.0000 0.0000 0.0000 0.0000 0.0000 0.0001 0.0000 0.0001 0.0000 0.0000 0.0000 0.0000 0.0000 0.0000 0.0000 10.0001 -0.0001 0.0000 -10.0001 0.0000 0.0000 0.0000 0.0000 0.0000 0.0000 0.0002 0.0000 0.0000 -40.8933 20.7047 22.2076 4.1067 -20.7047 -22.2077 0.0000 0.0000 0.0000 0.0000 0.0004 0.0000 90.0000 0.0000 0.0000 0.0000 0.0000 0.0000 -270.0000 90.0000 0.0000 0.0000 0.0000 0.0000 0.0000 0.0000 0.0000 -90.0000 0.0000 0.0000 0.0000 -0.0001 0.0000 270.0002 90.0000 0.0000 0.0000 0.0000 0.0000 0.0000 0.0000 0.0000 
0.0000 94.0000 0.0000 0.0000 0.0000 0.0000 0.0000 0.0001 180.0000 0.0000 0.0000 0.0000 0.0000 0.0000 0.0000 0.0000 0.0000 0.0000 0.0000 0.0000 0.0000 0.0000 0.0000 0.0000 0.0000 0.0000 0.0000 0.0000 0.0000 90.0001 89.9999 0.0000 0.0000 0.0000 0.0000 0.0001 0.0000 0.0000 0.0000 40.8933 20.7046 -22.2077 -4.1067 -20.7048 22.2077 0.0000 0.0000 0.0000 0.0000 0.0003 0.0000 -0.0001 -0.0001 20.0000 0.0000 0.0001 -20.0000 0.0000 0.0000 0.0000 0.0000 0.0000 0.0000 0.0000 0.0000 0.0000 0.0000 -0.0001 10.0000 -0.0001 0.0000 -10.0000 0.0000 0.0000 0.0000 0.0000 0.0000 0.0000 0.0000 0.0000 0.0000 0.0000 -0.0001 -0.0001 -0.0001 0.0001 0.0000 0.0000 0.0000 0.0000 0.0000 0.0000 0.0000 0.0000 0.0000 0.0000 0.0000 -0.0001 -10.0001 -0.0001 0.0001 10.0000 0.0000 0.0000 0.0000 0.0000 0.0000 0.0000 0.0000 0.0000 0.0000 0.0000 0.0000 -90.0000 -89.9999 0.0000 0.0000 0.0001 0.0000 0.0001 0.0000 0.0000 0.0000 0.0001 -0.0001 -20.0000 0.0000 0.0001 20.0000 -0.0003 0.0000 -0.0001 0.0000 0.0000 0.0000 0.0000 0.0000 0.0000 0.0000 -0.0001 -9.9999 -0.0002 0.0001 9.9999 0.0000 0.0000 0.0000 0.0000 0.0000 0.0000 0.0000 0.0000 0.0000 -0.0001 0.0000 0.0000 0.0000 0.0000 0.0000 0.0000 0.0001 0.0000 0.0001 0.0000 0.0000 0.0000 0.0000 0.0000 0.0000 0.0000 10.0001 -0.0001 0.0000 -10.0001 0.0000 0.0000 0.0000 0.0000 0.0000 0.0000 0.0002 0.0000 0.0000 -40.8933 20.7047 22.2076 4.1067 -20.7047 -22.2077 0.0000 0.0000 0.0000 0.0000 0.0004 0.0000 90.0000 0.0000 0.0000 0.0000 0.0000 0.0000 -270.0000 90.0000 0.0000 0.0000 0.0000 0.0000 0.0000 0.0000 0.0000 -90.0000 0.0000 0.0000 0.0000 -0.0001 0.0000 270.0002 90.0000 0.0000 0.0000 0.0000 0.0000 0.0000 0.0000 0.0000 
0.0000 94.0000 0.0000 0.0000 0.0000 0.0000 0.0000 0.0001 180.0000 0.0000 0.0000 0.0000 0.0000 0.0000 0.0000 0.0000 0.0000 0.0000 0.0000 0.0000 0.0000 0.0000 0.0000 0.0000 0.0000 0.0000 0.0000 0.0000 0.0000 90.0001 89.9999 0.0000 0.0000 0.0000 0.0000 0.0001 0.0000 0.0000 0.0000 40.8933 20.7046 -22.2077 -4.1067 -20.7048 22.2077 0.0000 0.0000 0.0000 0.0000 0.0003 0.0000 -0.0001 -0.0001 20.0000 0.0000 0.0001 -20.0000 0.0000 0.0000 0.0000 0.0000 0.0000 0.0000 0.0000 0.0000 0.0000 0.0000 -0.0001 10.0000 -0.0001 0.0000 -10.0000 0.0000 0.0000 0.0000 0.0000 0.0000 0.0000 0.0000 0.0000 0.0000 0.0000 -0.0001 -0.0001 -0.0001 0.0001 0.0000 0.0000 0.0000 0.0000 0.0000 0.0000 0.0000 0.0000 0.0000 0.0000 0.0000 -0.0001 -10.0001 -0.0001 0.0001 10.0000 0.0000 0.0000 0.0000 0.0000 0.0000 0.0000 0.0000 0.0000 0.0000 0.0000 0.0000 -90.0000 -89.9999 0.0000 0.0000 0.0001 0.0000 0.0001 0.0000 0.0000 0.0000 0.0001 -0.0001 -20.0000 0.0000 0.0001 20.0000 -0.0003 0.0000 -0.0001 0.0000 0.0000 0.0000 0.0000 0.0000 0.0000 0.0000 -0.0001 -9.9999 -0.0002 0.0001 9.9999 0.0000 0.0000 0.0000 0.0000 0.0000 0.0000 0.0000 0.0000 0.0000 -0.0001 0.0000 0.0000 0.0000 0.0000 0.0000 0.0000 0.0001 0.0000 0.0001 0.0000 0.0000 0.0000 0.0000 0.0000 0.0000 0.0000 10.0001 -0.0001 0.0000 -10.0001 0.0000 0.0000 0.0000 0.0000 0.0000 0.0000 0.0002 0.0000 0.0000 -40.8933 20.7047 22.2076 4.1067 -20.7047 -22.2077 0.0000 0.0000 0.0000 0.0000 0.0004 0.0000 90.0000 0.0000 0.0000 0.0000 0.0000 0.0000 -270.0000 90.0000 0.0000 0.0000 0.0000 0.0000 0.0000 0.0000 0.0000 -90.0000 0.0000 0.0000 0.0000 -0.0001 0.0000 270.0002 90.0000 0.0000 0.0000 0.0000 0.0000 0.0000 0.0000 0.0000 
0.0000 94.0000 0.0000 0.0000 0.0000 0.0000 0.0000 0.0001 180.0000 0.0000 0.0000 0.0000 0.0000 0.0000 0.0000 0.0000 0.0000 0.0000 0.0000 0.0000 0.0000 0.0000 0.0000 0.0000 0.0000 0.0000 0.0000 0.0000 0.0000 90.0001 89.9999 0.0000 0.0000 0.0000 0.0000 0.0001 0.0000 0.0000 0.0000 40.8933 20.7046 -22.2077 -4.1067 -20.7048 22.2077 0.0000 0.0000 0.0000 0.0000 0.0003 0.0000 -0.0001 -0.0001 20.0000 0.0000 0.0001 -20.0000 0.0000 0.0000 0.0000 0.0000 0.0000 0.0000 0.0000 0.0000 0.0000 0.0000 -0.0001 10.0000 -0.0001 0.0000 -10.0000 0.0000 0.0000 0.0000 0.0000 0.0000 0.0000 0.0000 0.0000 0.0000 0.0000 -0.0001 -0.0001 -0.0001 0.0001 0.0000 0.0000 0.0000 0.0000 0.0000 0.0000 0.0000 0.0000 0.0000 0.0000 0.0000 -0.0001 -10.0001 -0.0001 0.0001 10.0000 0.0000 0.0000 0.0000 0.0000 0.0000 0.0000 0.0000 0.0000 0.0000 0.0000 0.0000 -90.0000 -89.9999 0.0000 0.0000 0.0001 0.0000 0.0001 0.0000 0.0000 0.0000 0.0001 -0.0001 -20.0000 0.0000 0.0001 20.0000 -0.0003 0.0000 -0.0001 0.0000 0.0000 0.0000 0.0000 0.0000 0.0000 0.0000 -0.0001 -9.9999 -0.0002 0.0001 9.9999 0.0000 0.0000 0.0000 0.0000 0.0000 0.0000 0.0000 0.0000 0.0000 -0.0001 0.0000 0.0000 0.0000 0.0000 0.0000 0.0000 0.0001 0.0000 0.0001 0.0000 0.0000 0.0000 0.0000 0.0000 0.0000 0.0000 10.0001 -0.0001 0.0000 -10.0001 0.0000 0.0000 0.0000 0.0000 0.0000 0.0000 0.0002 0.0000 0.0000 -40.8933 20.7047 22.2076 4.1067 -20.7047 -22.2077 0.0000 0.0000 0.0000 0.0000 0.0004 0.0000 90.0000 0.0000 0.0000 0.0000 0.0000 0.0000 -270.0000 90.0000 0.0000 0.0000 0.0000 0.0000 0.0000 0.0000 0.0000 -90.0000 0.0000 0.0000 0.0000 -0.0001 0.0000 270.0002 90.0000 0.0000 0.0000 0.0000 0.0000 0.0000 0.0000 0.0000 
0.0000 94.0000 0.0000 0.0000 0.0000 0.0000 0.0000 0.0001 180.0000 0.0000 0.0000 0.0000 0.0000 0.0000 0.0000 0.0000 0.0000 0.0000 0.0000 0.0000 0.0000 0.0000 0.0000 0.0000 0.0000 0.0000 0.0000 0.0000 0.0000 90.0001 89.9999 0.0000 0.0000 0.0000 0.0000 0.0001 0.0000 0.0000 0.0000 40.8933 20.7046 -22.2077 -4.1067 -20.7048 22.2077 0.0000 0.0000 0.0000 0.0000 0.0003 0.0000 -0.0001 -0.0001 20.0000 0.0000 0.0001 -20.0000 0.0000 0.0000 0.0000 0.0000 0.0000 0.0000 0.0000 0.0000 0.0000 0.0000 -0.0001 10.0000 -0.0001 0.0000 -10.0000 0.0000 0.0000 0.0000 0.0000 0.0000 0.0000 0.0000 0.0000 0.0000 0.0000 -0.0001 -0.0001 -0.0001 0.0001 0.0000 0.0000 0.0000 0.0000 0.0000 0.0000 0.0000 0.0000 0.0000 0.0000 0.0000 -0.0001 -10.0001 -0.0001 0.0001 10.0000 0.0000 0.0000 0.0000 0.0000 0.0000 0.0000 0.0000 0.0000 0.0000 0.0000 0.0000 -90.0000 -89.9999 0.0000 0.0000 0.0001 0.0000 0.0001 0.0000 0.0000 0.0000 0.0001 -0.0001 -20.0000 0.0000 0.0001 20.0000 -0.0003 0.0000 -0.0001 0.0000 0.0000 0.0000 0.0000 0.0000 0.0000 0.0000 -0.0001 -9.9999 -0.0002 0.0001 9.9999 0.0000 0.0000 0.0000 0.0000 0.0000 0.0000 0.0000 0.0000 0.0000 -0.0001 0.0000 0.0000 0.0000 0.0000 0.0000 0.0000 0.0001 0.0000 0.0001 0.0000 0.0000 0.0000 0.0000 0.0000 0.0000 0.0000 10.0001 -0.0001 0.0000 -10.0001 0.0000 0.0000 0.0000 0.0000 0.0000 0.0000 0.0002 0.0000 0.0000 -40.8933 20.7047 22.2076 4.1067 -20.7047 -22.2077 0.0000 0.0000 0.0000 0.0000 0.0004 0.0000 90.0000 0.0000 0.0000 0.0000 0.0000 0.0000 -270.0000 90.0000 0.0000 0.0000 0.0000 0.0000 0.0000 0.0000 0.0000 -90.0000 0.0000 0.0000 0.0000 -0.0001 0.0000 270.0002 90.0000 0.0000 0.0000 0.0000 0.0000 0.0000 0.0000 0.0000 
0.0000 94.0000 0.0000 0.0000 0.0000 0.0000 0.0000 0.0001 180.0000 0.0000 0.0000 0.0000 0.0000 0.0000 0.0000 0.0000 0.0000 0.0000 0.0000 0.0000 0.0000 0.0000 0.0000 0.0000 0.0000 0.0000 0.0000 0.0000 0.0000 90.0001 89.9999 0.0000 0.0000 0.0000 0.0000 0.0001 0.0000 0.0000 0.0000 40.8933 20.7046 -22.2077 -4.1067 -20.7048 22.2077 0.0000 0.0000 0.0000 0.0000 0.0003 0.0000 -0.0001 -0.0001 20.0000 0.0000 0.0001 -20.0000 0.0000 0.0000 0.0000 0.0000 0.0000 0.0000 0.0000 0.0000 0.0000 0.0000 -0.0001 10.0000 -0.0001 0.0000 -10.0000 0.0000 0.0000 0.0000 0.0000 0.0000 0.0000 0.0000 0.0000 0.0000 0.0000 -0.0001 -0.0001 -0.0001 0.0001 0.0000 0.0000 0.0000 0.0000 0.0000 0.0000 0.0000 0.0000 0.0000 0.0000 0.0000 -0.0001 -10.0001 -0.0001 0.0001 10.0000 0.0000 0.0000 0.0000 0.0000 0.0000 0.0000 0.0000 0.0000 0.0000 0.0000 0.0000 -90.0000 -89.9999 0.0000 0.0000 0.0001 0.0000 0.0001 0.0000 0.0000 0.0000 0.0001 -0.0001 -20.0000 0.0000 0.0001 20.0000 -0.0003 0.0000 -0.0001 0.0000 0.0000 0.0000 0.0000 0.0000 0.0000 0.0000 -0.0001 -9.9999 -0.0002 0.0001 9.9999 0.0000 0.0000 0.0000 0.0000 0.0000 0.0000 0.0000 0.0000 0.0000 -0.0001 0.0000 0.0000 0.0000 0.0000 0.0000 0.0000 0.0001 0.0000 0.0001 0.0000 0.0000 0.0000 0.0000 0.0000 0.0000 0.0000 10.0001 -0.0001 0.0000 -10.0001 0.0000 0.0000 0.0000 0.0000 0.0000 0.0000 0.0002 0.0000 0.0000 -40.8933 20.7047 22.2076 4.1067 -20.7047 -22.2077 0.0000 0.0000 0.0000 0.0000 0.0004 0.0000 90.0000 0.0000 0.0000 0.0000 0.0000 0.0000 -270.0000 90.0000 0.0000 0.0000 0.0000 0.0000 0.0000 0.0000 0.0000 -90.0000 0.0000 0.0000 0.0000 -0.0001 0.0000 270.0002 90.0000 0.0000 0.0000 0.0000 0.0000 0.0000 0.0000 0.0000 
0.0000 94.0000 0.0000 0.0000 0.0000 0.0000 0.0000 0.0001 180.0000 0.0000 0.0000 0.0000 0.0000 0.0000 0.0000 0.0000 0.0000 0.0000 0.0000 0.0000 0.0000 0.0000 0.0000 0.0000 0.0000 0.0000 0.0000 0.0000 0.0000 90.0001 89.9999 0.0000 0.0000 0.0000 0.0000 0.0001 0.0000 0.0000 0.0000 40.8933 20.7046 -22.2077 -4.1067 -20.7048 22.2077 0.0000 0.0000 0.0000 0.0000 0.0003 0.0000 -0.0001 -0.0001 20.0000 0.0000 0.0001 -20.0000 0.0000 0.0000 0.0000 0.0000 0.0000 0.0000 0.0000 0.0000 0.0000 0.0000 -0.0001 10.0000 -0.0001 0.0000 -10.0000 0.0000 0.0000 0.0000 0.0000 0.0000 0.0000 0.0000 0.0000 0.0000 0.0000 -0.0001 -0.0001 -0.0001 0.0001 0.0000 0.0000 0.0000 0.0000 0.0000 0.0000 0.0000 0.0000 0.0000 0.0000 0.0000 -0.0001 -10.0001 -0.0001 0.0001 10.0000 0.0000 0.0000 0.0000 0.0000 0.0000 0.0000 0.0000 0.0000 0.0000 0.0000 0.0000 -90.0000 -89.9999 0.0000 0.0000 0.0001 0.0000 0.0001 0.0000 0.0000 0.0000 0.0001 -0.0001 -20.0000 0.0000 0.0001 20.0000 -0.0003 0.0000 -0.0001 0.0000 0.0000 0.0000 0.0000 0.0000 0.0000 0.0000 -0.0001 -9.9999 -0.0002 0.0001 9.9999 0.0000 0.0000 0.0000 0.0000 0.0000 0.0000 0.0000 0.0000 0.0000 -0.0001 0.0000 0.0000 0.0000 0.0000 0.0000 0.0000 0.0001 0.0000 0.0001 0.0000 0.0000 0.0000 0.0000 0.0000 0.0000 0.0000 10.0001 -0.0001 0.0000 -10.0001 0.0000 0.0000 0.0000 0.0000 0.0000 0.0000 0.0002 0.0000 0.0000 -40.8933 20.7047 22.2076 4.1067 -20.7047 -22.2077 0.0000 0.0000 0.0000 0.0000 0.0004 0.0000 90.0000 0.0000 0.0000 0.0000 0.0000 0.0000 -270.0000 90.0000 0.0000 0.0000 0.0000 0.0000 0.0000 0.0000 0.0000 -90.0000 0.0000 0.0000 0.0000 -0.0001 0.0000 270.0002 90.0000 0.0000 0.0000 0.0000 0.0000 0.0000 0.0000 0.0000 
0.0000 94.0000 0.0000 0.0000 0.0000 0.0000 0.0000 0.0001 180.0000 0.0000 0.0000 0.0000 0.0000 0.0000 0.0000 0.0000 0.0000 0.0000 0.0000 0.0000 0.0000 0.0000 0.0000 0.0000 0.0000 0.0000 0.0000 0.0000 0.0000 90.0001 89.9999 0.0000 0.0000 0.0000 0.0000 0.0001 0.0000 0.0000 0.0000 40.8933 20.7046 -22.2077 -4.1067 -20.7048 22.2077 0.0000 0.0000 0.0000 0.0000 0.0003 0.0000 -0.0001 -0.0001 20.0000 0.0000 0.0001 -20.0000 0.0000 0.0000 0.0000 0.0000 0.0000 0.0000 0.0000 0.0000 0.0000 0.0000 -0.0001 10.0000 -0.0001 0.0000 -10.0000 0.0000 0.0000 0.0000 0.0000 0.0000 0.0000 0.0000 0.0000 0.0000 0.0000 -0.0001 -0.0001 -0.0001 0.0001 0.0000 0.0000 0.0000 0.0000 0.0000 0.0000 0.0000 0.0000 0.0000 0.0000 0.0000 -0.0001 -10.0001 -0.0001 0.0001 10.0000 0.0000 0.0000 0.0000 0.0000 0.0000 0.0000 0.0000 0.0000 0.0000 0.0000 0.0000 -90.0000 -89.9999 0.0000 0.0000 0.0001 0.0000 0.0001 0.0000 0.0000 0.0000 0.0001 -0.0001 -20.0000 0.0000 0.0001 20.0000 -0.0003 0.0000 -0.0001 0.0000 0.0000 0.0000 0.0000 0.0000 0.0000 0.0000 -0.0001 -9.9999 -0.0002 0.0001 9.9999 0.0000 0.0000 0.0000 0.0000 0.0000 0.0000 0.0000 0.0000 0.0000 -0.0001 0.0000 0.0000 0.0000 0.0000 0.0000 0.0000 0.0001 0.0000 0.0001 0.0000 0.0000 0.0000 0.0000 0.0000 0.0000 0.0000 10.0001 -0.0001 0.0000 -10.0001 0.0000 0.0000 0.0000 0.0000 0.0000 0.0000 0.0002 0.0000 0.0000 -40.8933 20.7047 22.2076 4.1067 -20.7047 -22.2077 0.0000 0.0000 0.0000 0.0000 0.0004 0.0000 90.0000 0.0000 0.0000 0.0000 0.0000 0.0000 -270.0000 90.0000 0.0000 0.0000 0.0000 0.0000 0.0000 0.0000 0.0000 -90.0000 0.0000 0.0000 0.0000 -0.0001 0.0000 270.0002 90.0000 0.0000 0.0000 0.0000 0.0000 0.0000 0.0000 0.0000
0.0000 94.0000 0.0000 0.0000 0.0000 0.0000 0.0000 0.0001 180.0000 0.0000 0.0000 0.0000 0.0000 0.0000 0.0000 0.0000 0.0000 0.0000 0.0000 0.0000 0.0000 0.0000 0.0000 0.0000 0.0000 0.0000 0.0000 0.0000 0.0000 90.0001 89.9999 0.0000 0.0000 0.0000 0.0000 0.0001 0.0000 0.0000 0.0000 40.8933 20.7046 -22.2077 -4.1067 -20.7048 22.2077 0.0000 0.0000 0.0000 0.0000 0.0003 0.0000 -0.0001 -0.0001 20.0000 0.0000 0.0001 -20.0000 0.0000 0.0000 0.0000 0.0000 0.0000 0.0000 0.0000 0.0000 0.0000 0.0000 -0.0001 10.0000 -0.0001 0.0000 -10.0000 0.0000 0.0000 0.0000 0.0000 0.0000 0.0000 0.0000 0.0000 0.0000 0.0000 -0.0001 -0.0001 -0.0001 0.0001 0.0000 0.0000 0.0000 0.0000 0.0000 0.0000 0.0000 0.0000 0.0000 0.0000 0.0000 -0.0001 -10.0001 -0.0001 0.0001 10.0000 0.0000 0.0000 0.0000 0.0000 0.0000 0.0000 0.0000 0.0000 0.0000 0.0000 0.0000 -90.0000 -89.9999 0.0000 0.0000 0.0001 0.0000 0.0001 0.0000 0.0000 0.0000 0.0001 -0.0001 -20.0000 0.0000 0.0001 20.0000 -0.0003 0.0000 -0.0001 0.0000 0.0000 0.0000 0.0000 0.0000 0.0000 0.0000 -0.0001 -9.9999 -0.0002 0.0001 9.9999 0.0000 0.0000 0.0000 0.0000 0.0000 0.0000 0.0000 0.0000 0.0000 -0.0001 0.0000 0.0000 0.0000 0.0000 0.0000 0.0000 0.0001 0.0000 0.0001 0.0000 0.0000 0.0000 0.0000 0.0000 0.0000 0.0000 10.0001 -0.0001 0.0000 -10.0001 0.0000 0.0000 0.0000 0.0000 0.0000 0.0000 0.0002 0.0000 0.0000 -40.8933 20.7047 22.2076 4.1067 -20.7047 -22.2077 0.0000 0.0000 0.0000 0.0000 0.0004 0.0000 90.0000 0.0000 0.0000 0.0000 0.0000 0.0000 -270.0000 90.0000 0.0000 0.0000 0.0000 0.0000 0.0000 0.0000 0.0000 -90.0000 0.0000 0.0000 0.0000 -0.0001 0.0000 270.0002 90.0000 0.0000 0.0000 0.0000 0.0000 0.0000 0.0000 0.0000 
0.0000 94.0000 0.0000 0.0000 0.0000 0.0000 0.0000 0.0001 180.0000 0.0000 0.0000 0.0000 0.0000 0.0000 0.0000 0.0000 0.0000 0.0000 0.0000 0.0000 0.0000 0.0000 0.0000 0.0000 0.0000 0.0000 0.0000 0.0000 0.0000 90.0001 89.9999 0.0000 0.0000 0.0000 0.0000 0.0001 0.0000 0.0000 0.0000 40.8933 20.7046 -22.2077 -4.1067 -20.7048 22.2077 0.0000 0.0000 0.0000 0.0000 0.0003 0.0000 -0.0001 -0.0001 20.0000 0.0000 0.0001 -20.0000 0.0000 0.0000 0.0000 0.0000 0.0000 0.0000 0.0000 0.0000 0.0000 0.0000 -0.0001 10.0000 -0.0001 0.0000 -10.0000 0.0000 0.0000 0.0000 0.0000 0.0000 0.0000 0.0000 0.0000 0.0000 0.0000 -0.0001 -0.0001 -0.0001 0.0001 0.0000 0.0000 0.0000 0.0000 0.0000 0.0000 0.0000 0.0000 0.0000 0.0000 0.0000 -0.0001 -10.0001 -0.0001 0.0001 10.0000 0.0000 0.0000 0.0000 0.0000 0.0000 0.0000 0.0000 0.0000 0.0000 0.0000 0.0000 -90.0000 -89.9999 0.0000 0.0000 0.0001 0.0000 0.0001 0.0000 0.0000 0.0000 0.0001 -0.0001 -20.0000 0.0000 0.0001 20.0000 -0.0003 0.0000 -0.0001 0.0000 0.0000 0.0000 0.0000 0.0000 0.0000 0.0000 -0.0001 -9.9999 -0.0002 0.0001 9.9999 0.0000 0.0000 0.0000 0.0000 0.0000 0.0000 0.0000 0.0000 0.0000 -0.0001 0.0000 0.0000 0.0000 0.0000 0.0000 0.0000 0.0001 0.0000 0.0001 0.0000 0.0000 0.0000 0.0000 0.0000 0.0000 0.0000 10.0001 -0.0001 0.0000 -10.0001 0.0000 0.0000 0.0000 0.0000 0.0000 0.0000 0.0002 0.0000 0.0000 -40.8933 20.7047 22.2076 4.1067 -20.7047 -22.2077 0.0000 0.0000 0.0000 0.0000 0.0004 0.0000 90.0000 0.0000 0.0000 0.0000 0.0000 0.0000 -270.0000 90.0000 0.0000 0.0000 0.0000 0.0000 0.0000 0.0000 0.0000 -90.0000 0.0000 0.0000 0.0000 -0.0001 0.0000 270.0002 90.0000 0.0000 0.0000 0.0000 0.0000 0.0000 0.0000 0.0000 
0.0000 94.0000 0.0000 0.0000 0.0000 0.0000 0.0000 0.0001 180.0000 0.0000 0.0000 0.0000 0.0000 0.0000 0.0000 0.0000 0.0000 0.0000 0.0000 0.0000 0.0000 0.0000 0.0000 0.0000 0.0000 0.0000 0.0000 0.0000 0.0000 90.0001 89.9999 0.0000 0.0000 0.0000 0.0000 0.0001 0.0000 0.0000 0.0000 40.8933 20.7046 -22.2077 -4.1067 -20.7048 22.2077 0.0000 0.0000 0.0000 0.0000 0.0003 0.0000 -0.0001 -0.0001 20.0000 0.0000 0.0001 -20.0000 0.0000 0.0000 0.0000 0.0000 0.0000 0.0000 0.0000 0.0000 0.0000 0.0000 -0.0001 10.0000 -0.0001 0.0000 -10.0000 0.0000 0.0000 0.0000 0.0000 0.0000 0.0000 0.0000 0.0000 0.0000 0.0000 -0.0001 -0.0001 -0.0001 0.0001 0.0000 0.0000 0.0000 0.0000 0.0000 0.0000 0.0000 0.0000 0.0000 0.0000 0.0000 -0.0001 -10.0001 -0.0001 0.0001 10.0000 0.0000 0.0000 0.0000 0.0000 0.0000 0.0000 0.0000 0.0000 0.0000 0.0000 0.0000 -90.0000 -89.9999 0.0000 0.0000 0.0001 0.0000 0.0001 0.0000 0.0000 0.0000 0.0001 -0.0001 -20.0000 0.0000 0.0001 20.0000 -0.0003 0.0000 -0.0001 0.0000 0.0000 0.0000 0.0000 0.0000 0.0000 0.0000 -0.0001 -9.9999 -0.0002 0.0001 9.9999 0.0000 0.0000 0.0000 0.0000 0.0000 0.0000 0.0000 0.0000 0.0000 -0.0001 0.0000 0.0000 0.0000 0.0000 0.0000 0.0000 0.0001 0.0000 0.0001 0.0000 0.0000 0.0000 0.0000 0.0000 0.0000 0.0000 10.0001 -0.0001 0.0000 -10.0001 0.0000 0.0000 0.0000 0.0000 0.0000 0.0000 0.0002 0.0000 0.0000 -40.8933 20.7047 22.2076 4.1067 -20.7047 -22.2077 0.0000 0.0000 0.0000 0.0000 0.0004 0.0000 90.0000 0.0000 0.0000 0.0000 0.0000 0.0000 -270.0000 90.0000 0.0000 0.0000 0.0000 0.0000 0.0000 0.0000 0.0000 -90.0000 0.0000 0.0000 0.0000 -0.0001 0.0000 270.0002 90.0000 0.0000 0.0000 0.0000 0.0000 0.0000 0.0000 0.0000 
0.0000 94.0000 0.0000 0.0000 0.0000 0.0000 0.0000 0.0001 180.0000 0.0000 0.0000 0.0000 0.0000 0.0000 0.0000 0.0000 0.0000 0.0000 0.0000 0.0000 0.0000 0.0000 0.0000 0.0000 0.0000 0.0000 0.0000 0.0000 0.0000 90.0001 89.9999 0.0000 0.0000 0.0000 0.0000 0.0001 0.0000 0.0000 0.0000 40.8933 20.7046 -22.2077 -4.1067 -20.7048 22.2077 0.0000 0.0000 0.0000 0.0000 0.0003 0.0000 -0.0001 -0.0001 20.0000 0.0000 0.0001 -20.0000 0.0000 0.0000 0.0000 0.0000 0.0000 0.0000 0.0000 0.0000 0.0000 0.0000 -0.0001 10.0000 -0.0001 0.0000 -10.0000 0.0000 0.0000 0.0000 0.0000 0.0000 0.0000 0.0000 0.0000 0.0000 0.0000 -0.0001 -0.0001 -0.0001 0.0001 0.0000 0.0000 0.0000 0.0000 0.0000 0.0000 0.0000 0.0000 0.0000 0.0000 0.0000 -0.0001 -10.0001 -0.0001 0.0001 10.0000 0.0000 0.0000 0.0000 0.0000 0.0000 0.0000 0.0000 0.0000 0.0000 0.0000 0.0000 -90.0000 -89.9999 0.0000 0.0000 0.0001 0.0000 0.0001 0.0000 0.0000 0.0000 0.0001 -0.0001 -20.0000 0.0000 0.0001 20.0000 -0.0003 0.0000 -0.0001 0.0000 0.0000 0.0000 0.0000 0.0000 0.0000 0.0000 -0.0001 -9.9999 -0.0002 0.0001 9.9999 0.0000 0.0000 0.0000 0.0000 0.0000 0.0000 0.0000 0.0000 0.0000 -0.0001 0.0000 0.0000 0.0000 0.0000 0.0000 0.0000 0.0001 0.0000 0.0001 0.0000 0.0000 0.0000 0.0000 0.0000 0.0000 0.0000 10.0001 -0.0001 0.0000 -10.0001 0.0000 0.0000 0.0000 0.0000 0.0000 0.0000 0.0002 0.0000 0.0000 -40.8933 20.7047 22.2076 4.1067 -20.7047 -22.2077 0.0000 0.0000 0.0000 0.0000 0.0004 0.0000 90.0000 0.0000 0.0000 0.0000 0.0000 0.0000 -270.0000 90.0000 0.0000 0.0000 0.0000 0.0000 0.0000 0.0000 0.0000 -90.0000 0.0000 0.0000 0.0000 -0.0001 0.0000 270.0002 90.0000 0.0000 0.0000 0.0000 0.0000 0.0000 0.0000 0.0000 
0.0000 94.0000 0.0000 0.0000 0.0000 0.0000 0.0000 0.0001 180.0000 0.0000 0.0000 0.0000 0.0000 0.0000 0.0000 0.0000 0.0000 0.0000 0.0000 0.0000 0.0000 0.0000 0.0000 0.0000 0.0000 0.0000 0.0000 0.0000 0.0000 90.0001 89.9999 0.0000 0.0000 0.0000 0.0000 0.0001 0.0000 0.0000 0.0000 40.8933 20.7046 -22.2077 -4.1067 -20.7048 22.2077 0.0000 0.0000 0.0000 0.0000 0.0003 0.0000 -0.0001 -0.0001 20.0000 0.0000 0.0001 -20.0000 0.0000 0.0000 0.0000 0.0000 0.0000 0.0000 0.0000 0.0000 0.0000 0.0000 -0.0001 10.0000 -0.0001 0.0000 -10.0000 0.0000 0.0000 0.0000 0.0000 0.0000 0.0000 0.0000 0.0000 0.0000 0.0000 -0.0001 -0.0001 -0.0001 0.0001 0.0000 0.0000 0.0000 0.0000 0.0000 0.0000 0.0000 0.0000 0.0000 0.0000 0.0000 -0.0001 -10.0001 -0.0001 0.0001 10.0000 0.0000 0.0000 0.0000 0.0000 0.0000 0.0000 0.0000 0.0000 0.0000 0.0000 0.0000 -90.0000 -89.9999 0.0000 0.0000 0.0001 0.0000 0.0001 0.0000 0.0000 0.0000 0.0001 -0.0001 -20.0000 0.0000 0.0001 20.0000 -0.0003 0.0000 -0.0001 0.0000 0.0000 0.0000 0.0000 0.0000 0.0000 0.0000 -0.0001 -9.9999 -0.0002 0.0001 9.9999 0.0000 0.0000 0.0000 0.0000 0.0000 0.0000 0.0000 0.0000 0.0000 -0.0001 0.0000 0.0000 0.0000 0.0000 0.0000 0.0000 0.0001 0.0000 0.0001 0.0000 0.0000 0.0000 0.0000 0.0000 0.0000 0.0000 10.0001 -0.0001 0.0000 -10.0001 0.0000 0.0000 0.0000 0.0000 0.0000 0.0000 0.0002 0.0000 0.0000 -40.8933 20.7047 22.2076 4.1067 -20.7047 -22.2077 0.0000 0.0000 0.0000 0.0000 0.0004 0.0000 90.0000 0.0000 0.0000 0.0000 0.0000 0.0000 -270.0000 90.0000 0.0000 0.0000 0.0000 0.0000 0.0000 0.0000 0.0000 -90.0000 0.0000 0.0000 0.0000 -0.0001 0.0000 270.0002 90.0000 0.0000 0.0000 0.0000 0.0000 0.0000 0.0000 0.0000 
0.0000 94.0000 0.0000 0.0000 0.0000 0.0000 0.0000 0.0001 180.0000 0.0000 0.0000 0.0000 0.0000 0.0000 0.0000 0.0000 0.0000 0.0000 0.0000 0.0000 0.0000 0.0000 0.0000 0.0000 0.0000 0.0000 0.0000 0.0000 0.0000 90.0001 89.9999 0.0000 0.0000 0.0000 0.0000 0.0001 0.0000 0.0000 0.0000 40.8933 20.7046 -22.2077 -4.1067 -20.7048 22.2077 0.0000 0.0000 0.0000 0.0000 0.0003 0.0000 -0.0001 -0.0001 20.0000 0.0000 0.0001 -20.0000 0.0000 0.0000 0.0000 0.0000 0.0000 0.0000 0.0000 0.0000 0.0000 0.0000 -0.0001 10.0000 -0.0001 0.0000 -10.0000 0.0000 0.0000 0.0000 0.0000 0.0000 0.0000 0.0000 0.0000 0.0000 0.0000 -0.0001 -0.0001 -0.0001 0.0001 0.0000 0.0000 0.0000 0.0000 0.0000 0.0000 0.0000 0.0000 0.0000 0.0000 0.0000 -0.0001 -10.0001 -0.0001 0.0001 10.0000 0.0000 0.0000 0.0000 0.0000 0.0000 0.0000 0.0000 0.0000 0.0000 0.0000 0.0000 -90.0000 -89.9999 0.0000 0.0000 0.0001 0.0000 0.0001 0.0000 0.0000 0.0000 0.0001 -0.0001 -20.0000 0.0000 0.0001 20.0000 -0.0003 0.0000 -0.0001 0.0000 0.0000 0.0000 0.0000 0.0000 0.0000 0.0000 -0.0001 -9.9999 -0.0002 0.0001 9.9999 0.0000 0.0000 0.0000 0.0000 0.0000 0.0000 0.0000 0.0000 0.0000 -0.0001 0.0000 0.0000 0.0000 0.0000 0.0000 0.0000 0.0001 0.0000 0.0001 0.0000 0.0000 0.0000 0.0000 0.0000 0.0000 0.0000 10.0001 -0.0001 0.0000 -10.0001 0.0000 0.0000 0.0000 0.0000 0.0000 0.0000 0.0002 0.0000 0.0000 -40.8933 20.7047 22.2076 4.1067 -20.7047 -22.2077 0.0000 0.0000 0.0000 0.0000 0.0004 0.0000 90.0000 0.0000 0.0000 0.0000 0.0000 0.0000 -270.0000 90.0000 0.0000 0.0000 0.0000 0.0000 0.0000 0.0000 0.0000 -90.0000 0.0000 0.0000 0.0000 -0.0001 0.0000 270.0002 90.0000 0.0000 0.0000 0.0000 0.0000 0.0000 0.0000 0.0000 
0.0000 94.0000 0.0000 0.0000 0.0000 0.0000 0.0000 0.0001 180.0000 0.0000 0.0000 0.0000 0.0000 0.0000 0.0000 0.0000 0.0000 0.0000 0.0000 0.0000 0.0000 0.0000 0.0000 0.0000 0.0000 0.0000 0.0000 0.0000 0.0000 90.0001 89.9999 0.0000 0.0000 0.0000 0.0000 0.0001 0.0000 0.0000 0.0000 40.8933 20.7046 -22.2077 -4.1067 -20.7048 22.2077 0.0000 0.0000 0.0000 0.0000 0.0003 0.0000 -0.0001 -0.0001 20.0000 0.0000 0.0001 -20.0000 0.0000 0.0000 0.0000 0.0000 0.0000 0.0000 0.0000 0.0000 0.0000 0.0000 -0.0001 10.0000 -0.0001 0.0000 -10.0000 0.0000 0.0000 0.0000 0.0000 0.0000 0.0000 0.0000 0.0000 0.0000 0.0000 -0.0001 -0.0001 -0.0001 0.0001 0.0000 0.0000 0.0000 0.0000 0.0000 0.0000 0.0000 0.0000 0.0000 0.0000 0.0000 -0.0001 -10.0001 -0.0001 0.0001 10.0000 0.0000 0.0000 0.0000 0.0000 0.0000 0.0000 0.0000 0.0000 0.0000 0.0000 0.0000 -90.0000 -89.9999 0.0000 0.0000 0.0001 0.0000 0.0001 0.0000 0.0000 0.0000 0.0001 -0.0001 -20.0000 0.0000 0.0001 20.0000 -0.0003 0.0000 -0.0001 0.0000 0.0000 0.0000 0.0000 0.0000 0.0000 0.0000 -0.0001 -9.9999 -0.0002 0.0001 9.9999 0.0000 0.0000 0.0000 0.0000 0.0000 0.0000 0.0000 0.0000 0.0000 -0.0001 0.0000 0.0000 0.0000 0.0000 0.0000 0.0000 0.0001 0.0000 0.0001 0.0000 0.0000 0.0000 0.0000 0.0000 0.0000 0.0000 10.0001 -0.0001 0.0000 -10.0001 0.0000 0.0000 0.0000 0.0000 0.0000 0.0000 0.0002 0.0000 0.0000 -40.8933 20.7047 22.2076 4.1067 -20.7047 -22.2077 0.0000 0.0000 0.0000 0.0000 0.0004 0.0000 90.0000 0.0000 0.0000 0.0000 0.0000 0.0000 -270.0000 90.0000 0.0000 0.0000 0.0000 0.0000 0.0000 0.0000 0.0000 -90.0000 0.0000 0.0000 0.0000 -0.0001 0.0000 270.0002 90.0000 0.0000 0.0000 0.0000 0.0000 0.0000 0.0000 0.0000 
0.0000 94.0000 0.0000 0.0000 0.0000 0.0000 0.0000 0.0001 180.0000 0.0000 0.0000 0.0000 0.0000 0.0000 0.0000 0.0000 0.0000 0.0000 0.0000 0.0000 0.0000 0.0000 0.0000 0.0000 0.0000 0.0000 0.0000 0.0000 0.0000 90.0001 89.9999 0.0000 0.0000 0.0000 0.0000 0.0001 0.0000 0.0000 0.0000 40.8933 20.7046 -22.2077 -4.1067 -20.7048 22.2077 0.0000 0.0000 0.0000 0.0000 0.0003 0.0000 -0.0001 -0.0001 20.0000 0.0000 0.0001 -20.0000 0.0000 0.0000 0.0000 0.0000 0.0000 0.0000 0.0000 0.0000 0.0000 0.0000 -0.0001 10.0000 -0.0001 0.0000 -10.0000 0.0000 0.0000 0.0000 0.0000 0.0000 0.0000 0.0000 0.0000 0.0000 0.0000 -0.0001 -0.0001 -0.0001 0.0001 0.0000 0.0000 0.0000 0.0000 0.0000 0.0000 0.0000 0.0000 0.0000 0.0000 0.0000 -0.0001 -10.0001 -0.0001 0.0001 10.0000 0.0000 0.0000 0.0000 0.0000 0.0000 0.0000 0.0000 0.0000 0.0000 0.0000 0.0000 -90.0000 -89.9999 0.0000 0.0000 0.0001 0.0000 0.0001 0.0000 0.0000 0.0000 0.0001 -0.0001 -20.0000 0.0000 0.0001 20.0000 -0.0003 0.0000 -0.0001 0.0000 0.0000 0.0000 0.0000 0.0000 0.0000 0.0000 -0.0001 -9.9999 -0.0002 0.0001 9.9999 0.0000 0.0000 0.0000 0.0000 0.0000 0.0000 0.0000 0.0000 0.0000 -0.0001 0.0000 0.0000 0.0000 0.0000 0.0000 0.0000 0.0001 0.0000 0.0001 0.0000 0.0000 0.0000 0.0000 0.0000 0.0000 0.0000 10.0001 -0.0001 0.0000 -10.0001 0.0000 0.0000 0.0000 0.0000 0.0000 0.0000 0.0002 0.0000 0.0000 -40.8933 20.7047 22.2076 4.1067 -20.7047 -22.2077 0.0000 0.0000 0.0000 0.0000 0.0004 0.0000 90.0000 0.0000 0.0000 0.0000 0.0000 0.0000 -270.0000 90.0000 0.0000 0.0000 0.0000 0.0000 0.0000 0.0000 0.0000 -90.0000 0.0000 0.0000 0.0000 -0.0001 0.0000 270.0002 90.0000 0.0000 0.0000 0.0000 0.0000 0.0000 0.0000 0.0000 
0.0000 94.0000 0.0000 0.0000 0.0000 0.0000 0.0000 0.0001 180.0000 0.0000 0.0000 0.0000 0.0000 0.0000 0.0000 0.0000 0.0000 0.0000 0.0000 0.0000 0.0000 0.0000 0.0000 0.0000 0.0000 0.0000 0.0000 0.0000 0.0000 90.0001 89.9999 0.0000 0.0000 0.0000 0.0000 0.0001 0.0000 0.0000 0.0000 40.8933 20.7046 -22.2077 -4.1067 -20.7048 22.2077 0.0000 0.0000 0.0000 0.0000 0.0003 0.0000 -0.0001 -0.0001 20.0000 0.0000 0.0001 -20.0000 0.0000 0.0000 0.0000 0.0000 0.0000 0.0000 0.0000 0.0000 0.0000 0.0000 -0.0001 10.0000 -0.0001 0.0000 -10.0000 0.0000 0.0000 0.0000 0.0000 0.0000 0.0000 0.0000 0.0000 0.0000 0.0000 -0.0001 -0.0001 -0.0001 0.0001 0.0000 0.0000 0.0000 0.0000 0.0000 0.0000 0.0000 0.0000 0.0000 0.0000 0.0000 -0.0001 -10.0001 -0.0001 0.0001 10.0000 0.0000 0.0000 0.0000 0.0000 0.0000 0.0000 0.0000 0.0000 0.0000 0.0000 0.0000 -90.0000 -89.9999 0.0000 0.0000 0.0001 0.0000 0.0001 0.0000 0.0000 0.0000 0.0001 -0.0001 -20.0000 0.0000 0.0001 20.0000 -0.0003 0.0000 -0.0001 0.0000 0.0000 0.0000 0.0000 0.0000 0.0000 0.0000 -0.0001 -9.9999 -0.0002 0.0001 9.9999 0.0000 0.0000 0.0000 0.0000 0.0000 0.0000 0.0000 0.0000 0.0000 -0.0001 0.0000 0.0000 0.0000 0.0000 0.0000 0.0000 0.0001 0.0000 0.0001 0.0000 0.0000 0.0000 0.0000 0.0000 0.0000 0.0000 10.0001 -0.0001 0.0000 -10.0001 0.0000 0.0000 0.0000 0.0000 0.0000 0.0000 0.0002 0.0000 0.0000 -40.8933 20.7047 22.2076 4.1067 -20.7047 -22.2077 0.0000 0.0000 0.0000 0.0000 0.0004 0.0000 90.0000 0.0000 0.0000 0.0000 0.0000 0.0000 -270.0000 90.0000 0.0000 0.0000 0.0000 0.0000 0.0000 0.0000 0.0000 -90.0000 0.0000 0.0000 0.0000 -0.0001 0.0000 270.0002 90.0000 0.0000 0.0000 0.0000 0.0000 0.0000 0.0000 0.0000 
0.0000 94.0000 0.0000 0.0000 0.0000 0.0000 0.0000 0.0001 180.0000 0.0000 0.0000 0.0000 0.0000 0.0000 0.0000 0.0000 0.0000 0.0000 0.0000 0.0000 0.0000 0.0000 0.0000 0.0000 0.0000 0.0000 0.0000 0.0000 0.0000 90.0001 89.9999 0.0000 0.0000 0.0000 0.0000 0.0001 0.0000 0.0000 0.0000 40.8933 20.7046 -22.2077 -4.1067 -20.7048 22.2077 0.0000 0.0000 0.0000 0.0000 0.0003 0.0000 -0.0001 -0.0001 20.0000 0.0000 0.0001 -20.0000 0.0000 0.0000 0.0000 0.0000 0.0000 0.0000 0.0000 0.0000 0.0000 0.0000 -0.0001 10.0000 -0.0001 0.0000 -10.0000 0.0000 0.0000 0.0000 0.0000 0.0000 0.0000 0.0000 0.0000 0.0000 0.0000 -0.0001 -0.0001 -0.0001 0.0001 0.0000 0.0000 0.0000 0.0000 0.0000 0.0000 0.0000 0.0000 0.0000 0.0000 0.0000 -0.0001 -10.0001 -0.0001 0.0001 10.0000 0.0000 0.0000 0.0000 0.0000 0.0000 0.0000 0.0000 0.0000 0.0000 0.0000 0.0000 -90.0000 -89.9999 0.0000 0.0000 0.0001 0.0000 0.0001 0.0000 0.0000 0.0000 0.0001 -0.0001 -20.0000 0.0000 0.0001 20.0000 -0.0003 0.0000 -0.0001 0.0000 0.0000 0.0000 0.0000 0.0000 0.0000 0.0000 -0.0001 -9.9999 -0.0002 0.0001 9.9999 0.0000 0.0000 0.0000 0.0000 0.0000 0.0000 0.0000 0.0000 0.0000 -0.0001 0.0000 0.0000 0.0000 0.0000 0.0000 0.0000 0.0001 0.0000 0.0001 0.0000 0.0000 0.0000 0.0000 0.0000 0.0000 0.0000 10.0001 -0.0001 0.0000 -10.0001 0.0000 0.0000 0.0000 0.0000 0.0000 0.0000 0.0002 0.0000 0.0000 -40.8933 20.7047 22.2076 4.1067 -20.7047 -22.2077 0.0000 0.0000 0.0000 0.0000 0.0004 0.0000 90.0000 0.0000 0.0000 0.0000 0.0000 0.0000 -270.0000 90.0000 0.0000 0.0000 0.0000 0.0000 0.0000 0.0000 0.0000 -90.0000 0.0000 0.0000 0.0000 -0.0001 0.0000 270.0002 90.0000 0.0000 0.0000 0.0000 0.0000 0.0000 0.0000 0.0000
0.0000 94.0000 0.0000 0.0000 0.0000 0.0000 0.0000 0.0001 180.0000 0.0000 0.0000 0.0000 0.0000 0.0000 0.0000 0.0000 0.0000 0.0000 0.0000 0.0000 0.0000 0.0000 0.0000 0.0000 0.0000 0.0000 0.0000 0.0000 0.0000 90.0001 89.9999 0.0000 0.0000 0.0000 0.0000 0.0001 0.0000 0.0000 0.0000 40.8933 20.7046 -22.2077 -4.1067 -20.7048 22.2077 0.0000 0.0000 0.0000 0.0000 0.0003 0.0000 -0.0001 -0.0001 20.0000 0.0000 0.0001 -20.0000 0.0000 0.0000 0.0000 0.0000 0.0000 0.0000 0.0000 0.0000 0.0000 0.0000 -0.0001 10.0000 -0.0001 0.0000 -10.0000 0.0000 0.0000 0.0000 0.0000 0.0000 0.0000 0.0000 0.0000 0.0000 0.0000 -0.0001 -0.0001 -0.0001 0.0001 0.0000 0.0000 0.0000 0.0000 0.0000 0.0000 0.0000 0.0000 0.0000 0.0000 0.0000 -0.0001 -10.0001 -0.0001 0.0001 10.0000 0.0000 0.0000 0.0000 0.0000 0.0000 0.0000 0.0000 0.0000 0.0000 0.0000 0.0000 -90.0000 -89.9999 0.0000 0.0000 0.0001 0.0000 0.0001 0.0000 0.0000 0.0000 0.0001 -0.0001 -20.0000 0.0000 0.0001 20.0000 -0.0003 0.0000 -0.0001 0.0000 0.0000 0.0000 0.0000 0.0000 0.0000 0.0000 -0.0001 -9.9999 -0.0002 0.0001 9.9999 0.0000 0.0000 0.0000 0.0000 0.0000 0.0000 0.0000 0.0000 0.0000 -0.0001 0.0000 0.0000 0.0000 0.0000 0.0000 0.0000 0.0001 0.0000 0.0001 0.0000 0.0000 0.0000 0.0000 0.0000 0.0000 0.0000 10.0001 -0.0001 0.0000 -10.0001 0.0000 0.0000 0.0000 0.0000 0.0000 0.0000 0.0002 0.0000 0.0000 -40.8933 20.7047 22.2076 4.1067 -20.7047 -22.2077 0.0000 0.0000 0.0000 0.0000 0.0004 0.0000 90.0000 0.0000 0.0000 0.0000 0.0000 0.0000 -270.0000 90.0000 0.0000 0.0000 0.0000 0.0000 0.0000 0.0000 0.0000 -90.0000 0.0000 0.0000 0.0000 -0.0001 0.0000 270.0002 90.0000 0.0000 0.0000 0.0000 0.0000 0.0000 0.0000 0.0000 
0.0000 94.0000 0.0000 0.0000 0.0000 0.0000 0.0000 0.0001 180.0000 0.0000 0.0000 0.0000 0.0000 0.0000 0.0000 0.0000 0.0000 0.0000 0.0000 0.0000 0.0000 0.0000 0.0000 0.0000 0.0000 0.0000 0.0000 0.0000 0.0000 90.0001 89.9999 0.0000 0.0000 0.0000 0.0000 0.0001 0.0000 0.0000 0.0000 40.8933 20.7046 -22.2077 -4.1067 -20.7048 22.2077 0.0000 0.0000 0.0000 0.0000 0.0003 0.0000 -0.0001 -0.0001 20.0000 0.0000 0.0001 -20.0000 0.0000 0.0000 0.0000 0.0000 0.0000 0.0000 0.0000 0.0000 0.0000 0.0000 -0.0001 10.0000 -0.0001 0.0000 -10.0000 0.0000 0.0000 0.0000 0.0000 0.0000 0.0000 0.0000 0.0000 0.0000 0.0000 -0.0001 -0.0001 -0.0001 0.0001 0.0000 0.0000 0.0000 0.0000 0.0000 0.0000 0.0000 0.0000 0.0000 0.0000 0.0000 -0.0001 -10.0001 -0.0001 0.0001 10.0000 0.0000 0.0000 0.0000 0.0000 0.0000 0.0000 0.0000 0.0000 0.0000 0.0000 0.0000 -90.0000 -89.9999 0.0000 0.0000 0.0001 0.0000 0.0001 0.0000 0.0000 0.0000 0.0001 -0.0001 -20.0000 0.0000 0.0001 20.0000 -0.0003 0.0000 -0.0001 0.0000 0.0000 0.0000 0.0000 0.0000 0.0000 0.0000 -0.0001 -9.9999 -0.0002 0.0001 9.9999 0.0000 0.0000 0.0000 0.0000 0.0000 0.0000 0.0000 0.0000 0.0000 -0.0001 0.0000 0.0000 0.0000 0.0000 0.0000 0.0000 0.0001 0.0000 0.0001 0.0000 0.0000 0.0000 0.0000 0.0000 0.0000 0.0000 10.0001 -0.0001 0.0000 -10.0001 0.0000 0.0000 0.0000 0.0000 0.0000 0.0000 0.0002 0.0000 0.0000 -40.8933 20.7047 22.2076 4.1067 -20.7047 -22.2077 0.0000 0.0000 0.0000 0.0000 0.0004 0.0000 90.0000 0.0000 0.0000 0.0000 0.0000 0.0000 -270.0000 90.0000 0.0000 0.0000 0.0000 0.0000 0.0000 0.0000 0.0000 -90.0000 0.0000 0.0000 0.0000 -0.0001 0.0000 270.0002 90.0000 0.0000 0.0000 0.0000 0.0000 0.0000 0.0000 0.0000 
0.0000 94.0000 0.0000 0.0000 0.0000 0.0000 0.0000 0.0001 180.0000 0.0000 0.0000 0.0000 0.0000 0.0000 0.0000 0.0000 0.0000 0.0000 0.0000 0.0000 0.0000 0.0000 0.0000 0.0000 0.0000 0.0000 0.0000 0.0000 0.0000 90.0001 89.9999 0.0000 0.0000 0.0000 0.0000 0.0001 0.0000 0.0000 0.0000 40.8933 20.7046 -22.2077 -4.1067 -20.7048 22.2077 0.0000 0.0000 0.0000 0.0000 0.0003 0.0000 -0.0001 -0.0001 20.0000 0.0000 0.0001 -20.0000 0.0000 0.0000 0.0000 0.0000 0.0000 0.0000 0.0000 0.0000 0.0000 0.0000 -0.0001 10.0000 -0.0001 0.0000 -10.0000 0.0000 0.0000 0.0000 0.0000 0.0000 0.0000 0.0000 0.0000 0.0000 0.0000 -0.0001 -0.0001 -0.0001 0.0001 0.0000 0.0000 0.0000 0.0000 0.0000 0.0000 0.0000 0.0000 0.0000 0.0000 0.0000 -0.0001 -10.0001 -0.0001 0.0001 10.0000 0.0000 0.0000 0.0000 0.0000 0.0000 0.0000 0.0000 0.0000 0.0000 0.0000 0.0000 -90.0000 -89.9999 0.0000 0.0000 0.0001 0.0000 0.0001 0.0000 0.0000 0.0000 0.0001 -0.0001 -20.0000 0.0000 0.0001 20.0000 -0.0003 0.0000 -0.0001 0.0000 0.0000 0.0000 0.0000 0.0000 0.0000 0.0000 -0.0001 -9.9999 -0.0002 0.0001 9.9999 0.0000 0.0000 0.0000 0.0000 0.0000 0.0000 0.0000 0.0000 0.0000 -0.0001 0.0000 0.0000 0.0000 0.0000 0.0000 0.0000 0.0001 0.0000 0.0001 0.0000 0.0000 0.0000 0.0000 0.0000 0.0000 0.0000 10.0001 -0.0001 0.0000 -10.0001 0.0000 0.0000 0.0000 0.0000 0.0000 0.0000 0.0002 0.0000 0.0000 -40.8933 20.7047 22.2076 4.1067 -20.7047 -22.2077 0.0000 0.0000 0.0000 0.0000 0.0004 0.0000 90.0000 0.0000 0.0000 0.0000 0.0000 0.0000 -270.0000 90.0000 0.0000 0.0000 0.0000 0.0000 0.0000 0.0000 0.0000 -90.0000 0.0000 0.0000 0.0000 -0.0001 0.0000 270.0002 90.0000 0.0000 0.0000 0.0000 0.0000 0.0000 0.0000 0.0000 
0.0000 94.0000 0.0000 0.0000 0.0000 0.0000 0.0000 0.0001 180.0000 0.0000 0.0000 0.0000 0.0000 0.0000 0.0000 0.0000 0.0000 0.0000 0.0000 0.0000 0.0000 0.0000 0.0000 0.0000 0.0000 0.0000 0.0000 0.0000 0.0000 90.0001 89.9999 0.0000 0.0000 0.0000 0.0000 0.0001 0.0000 0.0000 0.0000 40.8933 20.7046 -22.2077 -4.1067 -20.7048 22.2077 0.0000 0.0000 0.0000 0.0000 0.0003 0.0000 -0.0001 -0.0001 20.0000 0.0000 0.0001 -20.0000 0.0000 0.0000 0.0000 0.0000 0.0000 0.0000 0.0000 0.0000 0.0000 0.0000 -0.0001 10.0000 -0.0001 0.0000 -10.0000 0.0000 0.0000 0.0000 0.0000 0.0000 0.0000 0.0000 0.0000 0.0000 0.0000 -0.0001 -0.0001 -0.0001 0.0001 0.0000 0.0000 0.0000 0.0000 0.0000 0.0000 0.0000 0.0000 0.0000 0.0000 0.0000 -0.0001 -10.0001 -0.0001 0.0001 10.0000 0.0000 0.0000 0.0000 0.0000 0.0000 0.0000 0.0000 0.0000 0.0000 0.0000 0.0000 -90.0000 -89.9999 0.0000 0.0000 0.0001 0.0000 0.0001 0.0000 0.0000 0.0000 0.0001 -0.0001 -20.0000 0.0000 0.0001 20.0000 -0.0003 0.0000 -0.0001 0.0000 0.0000 0.0000 0.0000 0.0000 0.0000 0.0000 -0.0001 -9.9999 -0.0002 0.0001 9.9999 0.0000 0.0000 0.0000 0.0000 0.0000 0.0000 0.0000 0.0000 0.0000 -0.0001 0.0000 0.0000 0.0000 0.0000 0.0000 0.0000 0.0001 0.0000 0.0001 0.0000 0.0000 0.0000 0.0000 0.0000 0.0000 0.0000 10.0001 -0.0001 0.0000 -10.0001 0.0000 0.0000 0.0000 0.0000 0.0000 0.0000 0.0002 0.0000 0.0000 -40.8933 20.7047 22.2076 4.1067 -20.7047 -22.2077 0.0000 0.0000 0.0000 0.0000 0.0004 0.0000 90.0000 0.0000 0.0000 0.0000 0.0000 0.0000 -270.0000 90.0000 0.0000 0.0000 0.0000 0.0000 0.0000 0.0000 0.0000 -90.0000 0.0000 0.0000 0.0000 -0.0001 0.0000 270.0002 90.0000 0.0000 0.0000 0.0000 0.0000 0.0000 0.0000 0.0000 
0.0000 94.0000 0.0000 0.0000 0.0000 0.0000 0.0000 0.0001 180.0000 0.0000 0.0000 0.0000 0.0000 0.0000 0.0000 0.0000 0.0000 0.0000 0.0000 0.0000 0.0000 0.0000 0.0000 0.0000 0.0000 0.0000 0.0000 0.0000 0.0000 90.0001 89.9999 0.0000 0.0000 0.0000 0.0000 0.0001 0.0000 0.0000 0.0000 40.8933 20.7046 -22.2077 -4.1067 -20.7048 22.2077 0.0000 0.0000 0.0000 0.0000 0.0003 0.0000 -0.0001 -0.0001 20.0000 0.0000 0.0001 -20.0000 0.0000 0.0000 0.0000 0.0000 0.0000 0.0000 0.0000 0.0000 0.0000 0.0000 -0.0001 10.0000 -0.0001 0.0000 -10.0000 0.0000 0.0000 0.0000 0.0000 0.0000 0.0000 0.0000 0.0000 0.0000 0.0000 -0.0001 -0.0001 -0.0001 0.0001 0.0000 0.0000 0.0000 0.0000 0.0000 0.0000 0.0000 0.0000 0.0000 0.0000 0.0000 -0.0001 -10.0001 -0.0001 0.0001 10.0000 0.0000 0.0000 0.0000 0.0000 0.0000 0.0000 0.0000 0.0000 0.0000 0.0000 0.0000 -90.0000 -89.9999 0.0000 0.0000 0.0001 0.0000 0.0001 0.0000 0.0000 0.0000 0.0001 -0.0001 -20.0000 0.0000 0.0001 20.0000 -0.0003 0.0000 -0.0001 0.0000 0.0000 0.0000 0.0000 0.0000 0.0000 0.0000 -0.0001 -9.9999 -0.0002 0.0001 9.9999 0.0000 0.0000 0.0000 0.0000 0.0000 0.0000 0.0000 0.0000 0.0000 -0.0001 0.0000 0.0000 0.0000 0.0000 0.0000 0.0000 0.0001 0.0000 0.0001 0.0000 0.0000 0.0000 0.0000 0.0000 0.0000 0.0000 10.0001 -0.0001 0.0000 -10.0001 0.0000 0.0000 0.0000 0.0000 0.0000 0.0000 0.0002 0.0000 0.0000 -40.8933 20.7047 22.2076 4.1067 -20.7047 -22.2077 0.0000 0.0000 0.0000 0.0000 0.0004 0.0000 90.0000 0.0000 0.0000 0.0000 0.0000 0.0000 -270.0000 90.0000 0.0000 0.0000 0.0000 0.0000 0.0000 0.0000 0.0000 -90.0000 0.0000 0.0000 0.0000 -0.0001 0.0000 270.0002 90.0000 0.0000 0.0000 0.0000 0.0000 0.0000 0.0000 0.0000 
0.0000 94.0000 0.0000 0.0000 0.0000 0.0000 0.0000 0.0001 180.0000 0.0000 0.0000 0.0000 0.0000 0.0000 0.0000 0.0000 0.0000 0.0000 0.0000 0.0000 0.0000 0.0000 0.0000 0.0000 0.0000 0.0000 0.0000 0.0000 0.0000 90.0001 89.9999 0.0000 0.0000 0.0000 0.0000 0.0001 0.0000 0.0000 0.0000 40.8933 20.7046 -22.2077 -4.1067 -20.7048 22.2077 0.0000 0.0000 0.0000 0.0000 0.0003 0.0000 -0.0001 -0.0001 20.0000 0.0000 0.0001 -20.0000 0.0000 0.0000 0.0000 0.0000 0.0000 0.0000 0.0000 0.0000 0.0000 0.0000 -0.0001 10.0000 -0.0001 0.0000 -10.0000 0.0000 0.0000 0.0000 0.0000 0.0000 0.0000 0.0000 0.0000 0.0000 0.0000 -0.0001 -0.0001 -0.0001 0.0001 0.0000 0.0000 0.0000 0.0000 0.0000 0.0000 0.0000 0.0000 0.0000 0.0000 0.0000 -0.0001 -10.0001 -0.0001 0.0001 10.0000 0.0000 0.0000 0.0000 0.0000 0.0000 0.0000 0.0000 0.0000 0.0000 0.0000 0.0000 -90.0000 -89.9999 0.0000 0.0000 0.0001 0.0000 0.0001 0.0000 0.0000 0.0000 0.0001 -0.0001 -20.0000 0.0000 0.0001 20.0000 -0.0003 0.0000 -0.0001 0.0000 0.0000 0.0000 0.0000 0.0000 0.0000 0.0000 -0.0001 -9.9999 -0.0002 0.0001 9.9999 0.0000 0.0000 0.0000 0.0000 0.0000 0.0000 0.0000 0.0000 0.0000 -0.0001 0.0000 0.0000 0.0000 0.0000 0.0000 0.0000 0.0001 0.0000 0.0001 0.0000 0.0000 0.0000 0.0000 0.0000 0.0000 0.0000 10.0001 -0.0001 0.0000 -10.0001 0.0000 0.0000 0.0000 0.0000 0.0000 0.0000 0.0002 0.0000 0.0000 -40.8933 20.7047 22.2076 4.1067 -20.7047 -22.2077 0.0000 0.0000 0.0000 0.0000 0.0004 0.0000 90.0000 0.0000 0.0000 0.0000 0.0000 0.0000 -270.0000 90.0000 0.0000 0.0000 0.0000 0.0000 0.0000 0.0000 0.0000 -90.0000 0.0000 0.0000 0.0000 -0.0001 0.0000 270.0002 90.0000 0.0000 0.0000 0.0000 0.0000 0.0000 0.0000 0.0000 
0.0000 94.0000 0.0000 0.0000 0.0000 0.0000 0.0000 0.0001 180.0000 0.0000 0.0000 0.0000 0.0000 0.0000 0.0000 0.0000 0.0000 0.0000 0.0000 0.0000 0.0000 0.0000 0.0000 0.0000 0.0000 0.0000 0.0000 0.0000 0.0000 90.0001 89.9999 0.0000 0.0000 0.0000 0.0000 0.0001 0.0000 0.0000 0.0000 40.8933 20.7046 -22.2077 -4.1067 -20.7048 22.2077 0.0000 0.0000 0.0000 0.0000 0.0003 0.0000 -0.0001 -0.0001 20.0000 0.0000 0.0001 -20.0000 0.0000 0.0000 0.0000 0.0000 0.0000 0.0000 0.0000 0.0000 0.0000 0.0000 -0.0001 10.0000 -0.0001 0.0000 -10.0000 0.0000 0.0000 0.0000 0.0000 0.0000 0.0000 0.0000 0.0000 0.0000 0.0000 -0.0001 -0.0001 -0.0001 0.0001 0.0000 0.0000 0.0000 0.0000 0.0000 0.0000 0.0000 0.0000 0.0000 0.0000 0.0000 -0.0001 -10.0001 -0.0001 0.0001 10.0000 0.0000 0.0000 0.0000 0.0000 0.0000 0.0000 0.0000 0.0000 0.0000 0.0000 0.0000 -90.0000 -89.9999 0.0000 0.0000 0.0001 0.0000 0.0001 0.0000 0.0000 0.0000 0.0001 -0.0001 -20.0000 0.0000 0.0001 20.0000 -0.0003 0.0000 -0.0001 0.0000 0.0000 0.0000 0.0000 0.0000 0.0000 0.0000 -0.0001 -9.9999 -0.0002 0.0001 9.9999 0.0000 0.0000 0.0000 0.0000 0.0000 0.0000 0.0000 0.0000 0.0000 -0.0001 0.0000 0.0000 0.0000 0.0000 0.0000 0.0000 0.0001 0.0000 0.0001 0.0000 0.0000 0.0000 0.0000 0.0000 0.0000 0.0000 10.0001 -0.0001 0.0000 -10.0001 0.0000 0.0000 0.0000 0.0000 0.0000 0.0000 0.0002 0.0000 0.0000 -40.8933 20.7047 22.2076 4.1067 -20.7047 -22.2077 0.0000 0.0000 0.0000 0.0000 0.0004 0.0000 90.0000 0.0000 0.0000 0.0000 0.0000 0.0000 -270.0000 90.0000 0.0000 0.0000 0.0000 0.0000 0.0000 0.0000 0.0000 -90.0000 0.0000 0.0000 0.0000 -0.0001 0.0000 270.0002 90.0000 0.0000 0.0000 0.0000 0.0000 0.0000 0.0000 0.0000 
0.0000 94.0000 0.0000 0.0000 0.0000 0.0000 0.0000 0.0001 180.0000 0.0000 0.0000 0.0000 0.0000 0.0000 0.0000 0.0000 0.0000 0.0000 0.0000 0.0000 0.0000 0.0000 0.0000 0.0000 0.0000 0.0000 0.0000 0.0000 0.0000 90.0001 89.9999 0.0000 0.0000 0.0000 0.0000 0.0001 0.0000 0.0000 0.0000 40.8933 20.7046 -22.2077 -4.1067 -20.7048 22.2077 0.0000 0.0000 0.0000 0.0000 0.0003 0.0000 -0.0001 -0.0001 20.0000 0.0000 0.0001 -20.0000 0.0000 0.0000 0.0000 0.0000 0.0000 0.0000 0.0000 0.0000 0.0000 0.0000 -0.0001 10.0000 -0.0001 0.0000 -10.0000 0.0000 0.0000 0.0000 0.0000 0.0000 0.0000 0.0000 0.0000 0.0000 0.0000 -0.0001 -0.0001 -0.0001 0.0001 0.0000 0.0000 0.0000 0.0000 0.0000 0.0000 0.0000 0.0000 0.0000 0.0000 0.0000 -0.0001 -10.0001 -0.0001 0.0001 10.0000 0.0000 0.0000 0.0000 0.0000 0.0000 0.0000 0.0000 0.0000 0.0000 0.0000 0.0000 -90.0000 -89.9999 0.0000 0.0000 0.0001 0.0000 0.0001 0.0000 0.0000 0.0000 0.0001 -0.0001 -20.0000 0.0000 0.0001 20.0000 -0.0003 0.0000 -0.0001 0.0000 0.0000 0.0000 0.0000 0.0000 0.0000 0.0000 -0.0001 -9.9999 -0.0002 0.0001 9.9999 0.0000 0.0000 0.0000 0.0000 0.0000 0.0000 0.0000 0.0000 0.0000 -0.0001 0.0000 0.0000 0.0000 0.0000 0.0000 0.0000 0.0001 0.0000 0.0001 0.0000 0.0000 0.0000 0.0000 0.0000 0.0000 0.0000 10.0001 -0.0001 0.0000 -10.0001 0.0000 0.0000 0.0000 0.0000 0.0000 0.0000 0.0002 0.0000 0.0000 -40.8933 20.7047 22.2076 4.1067 -20.7047 -22.2077 0.0000 0.0000 0.0000 0.0000 0.0004 0.0000 90.0000 0.0000 0.0000 0.0000 0.0000 0.0000 -270.0000 90.0000 0.0000 0.0000 0.0000 0.0000 0.0000 0.0000 0.0000 -90.0000 0.0000 0.0000 0.0000 -0.0001 0.0000 270.0002 90.0000 0.0000 0.0000 0.0000 0.0000 0.0000 0.0000 0.0000 
0.0000 94.0000 0.0000 0.0000 0.0000 0.0000 0.0000 0.0001 180.0000 0.0000 0.0000 0.0000 0.0000 0.0000 0.0000 0.0000 0.0000 0.0000 0.0000 0.0000 0.0000 0.0000 0.0000 0.0000 0.0000 0.0000 0.0000 0.0000 0.0000 90.0001 89.9999 0.0000 0.0000 0.0000 0.0000 0.0001 0.0000 0.0000 0.0000 40.8933 20.7046 -22.2077 -4.1067 -20.7048 22.2077 0.0000 0.0000 0.0000 0.0000 0.0003 0.0000 -0.0001 -0.0001 20.0000 0.0000 0.0001 -20.0000 0.0000 0.0000 0.0000 0.0000 0.0000 0.0000 0.0000 0.0000 0.0000 0.0000 -0.0001 10.0000 -0.0001 0.0000 -10.0000 0.0000 0.0000 0.0000 0.0000 0.0000 0.0000 0.0000 0.0000 0.0000 0.0000 -0.0001 -0.0001 -0.0001 0.0001 0.0000 0.0000 0.0000 0.0000 0.0000 0.0000 0.0000 0.0000 0.0000 0.0000 0.0000 -0.0001 -10.0001 -0.0001 0.0001 10.0000 0.0000 0.0000 0.0000 0.0000 0.0000 0.0000 0.0000 0.0000 0.0000 0.0000 0.0000 -90.0000 -89.9999 0.0000 0.0000 0.0001 0.0000 0.0001 0.0000 0.0000 0.0000 0.0001 -0.0001 -20.0000 0.0000 0.0001 20.0000 -0.0003 0.0000 -0.0001 0.0000 0.0000 0.0000 0.0000 0.0000 0.0000 0.0000 -0.0001 -9.9999 -0.0002 0.0001 9.9999 0.0000 0.0000 0.0000 0.0000 0.0000 0.0000 0.0000 0.0000 0.0000 -0.0001 0.0000 0.0000 0.0000 0.0000 0.0000 0.0000 0.0001 0.0000 0.0001 0.0000 0.0000 0.0000 0.0000 0.0000 0.0000 0.0000 10.0001 -0.0001 0.0000 -10.0001 0.0000 0.0000 0.0000 0.0000 0.0000 0.0000 0.0002 0.0000 0.0000 -40.8933 20.7047 22.2076 4.1067 -20.7047 -22.2077 0.0000 0.0000 0.0000 0.0000 0.0004 0.0000 90.0000 0.0000 0.0000 0.0000 0.0000 0.0000 -270.0000 90.0000 0.0000 0.0000 0.0000 0.0000 0.0000 0.0000 0.0000 -90.0000 0.0000 0.0000 0.0000 -0.0001 0.0000 270.0002 90.0000 0.0000 0.0000 0.0000 0.0000 0.0000 0.0000 0.0000 
0.0000 94.0000 0.0000 0.0000 0.0000 0.0000 0.0000 0.0001 180.0000 0.0000 0.0000 0.0000 0.0000 0.0000 0.0000 0.0000 0.0000 0.0000 0.0000 0.0000 0.0000 0.0000 0.0000 0.0000 0.0000 0.0000 0.0000 0.0000 0.0000 90.0001 89.9999 0.0000 0.0000 0.0000 0.0000 0.0001 0.0000 0.0000 0.0000 40.8933 20.7046 -22.2077 -4.1067 -20.7048 22.2077 0.0000 0.0000 0.0000 0.0000 0.0003 0.0000 -0.0001 -0.0001 20.0000 0.0000 0.0001 -20.0000 0.0000 0.0000 0.0000 0.0000 0.0000 0.0000 0.0000 0.0000 0.0000 0.0000 -0.0001 10.0000 -0.0001 0.0000 -10.0000 0.0000 0.0000 0.0000 0.0000 0.0000 0.0000 0.0000 0.0000 0.0000 0.0000 -0.0001 -0.0001 -0.0001 0.0001 0.0000 0.0000 0.0000 0.0000 0.0000 0.0000 0.0000 0.0000 0.0000 0.0000 0.0000 -0.0001 -10.0001 -0.0001 0.0001 10.0000 0.0000 0.0000 0.0000 0.0000 0.0000 0.0000 0.0000 0.0000 0.0000 0.0000 0.0000 -90.0000 -89.9999 0.0000 0.0000 0.0001 0.0000 0.0001 0.0000 0.0000 0.0000 0.0001 -0.0001 -20.0000 0.0000 0.0001 20.0000 -0.0003 0.0000 -0.0001 0.0000 0.0000 0.0000 0.0000 0.0000 0.0000 0.0000 -0.0001 -9.9999 -0.0002 0.0001 9.9999 0.0000 0.0000 0.0000 0.0000 0.0000 0.0000 0.0000 0.0000 0.0000 -0.0001 0.0000 0.0000 0.0000 0.0000 0.0000 0.0000 0.0001 0.0000 0.0001 0.0000 0.0000 0.0000 0.0000 0.0000 0.0000 0.0000 10.0001 -0.0001 0.0000 -10.0001 0.0000 0.0000 0.0000 0.0000 0.0000 0.0000 0.0002 0.0000 0.0000 -40.8933 20.7047 22.2076 4.1067 -20.7047 -22.2077 0.0000 0.0000 0.0000 0.0000 0.0004 0.0000 90.0000 0.0000 0.0000 0.0000 0.0000 0.0000 -270.0000 90.0000 0.0000 0.0000 0.0000 0.0000 0.0000 0.0000 0.0000 -90.0000 0.0000 0.0000 0.0000 -0.0001 0.0000 270.0002 90.0000 0.0000 0.0000 0.0000 0.0000 0.0000 0.0000 0.0000
0.0000 94.0000 0.0000 0.0000 0.0000 0.0000 0.0000 0.0001 180.0000 0.0000 0.0000 0.0000 0.0000 0.0000 0.0000 0.0000 0.0000 0.0000 0.0000 0.0000 0.0000 0.0000 0.0000 0.0000 0.0000 0.0000 0.0000 0.0000 0.0000 90.0001 89.9999 0.0000 0.0000 0.0000 0.0000 0.0001 0.0000 0.0000 0.0000 40.8933 20.7046 -22.2077 -4.1067 -20.7048 22.2077 0.0000 0.0000 0.0000 0.0000 0.0003 0.0000 -0.0001 -0.0001 20.0000 0.0000 0.0001 -20.0000 0.0000 0.0000 0.0000 0.0000 0.0000 0.0000 0.0000 0.0000 0.0000 0.0000 -0.0001 10.0000 -0.0001 0.0000 -10.0000 0.0000 0.0000 0.0000 0.0000 0.0000 0.0000 0.0000 0.0000 0.0000 0.0000 -0.0001 -0.0001 -0.0001 0.0001 0.0000 0.0000 0.0000 0.0000 0.0000 0.0000 0.0000 0.0000 0.0000 0.0000 0.0000 -0.0001 -10.0001 -0.0001 0.0001 10.0000 0.0000 0.0000 0.0000 0.0000 0.0000 0.0000 0.0000 0.0000 0.0000 0.0000 0.0000 -90.0000 -89.9999 0.0000 0.0000 0.0001 0.0000 0.0001 0.0000 0.0000 0.0000 0.0001 -0.0001 -20.0000 0.0000 0.0001 20.0000 -0.0003 0.0000 -0.0001 0.0000 0.0000 0.0000 0.0000 0.0000 0.0000 0.0000 -0.0001 -9.9999 -0.0002 0.0001 9.9999 0.0000 0.0000 0.0000 0.0000 0.0000 0.0000 0.0000 0.0000 0.0000 -0.0001 0.0000 0.0000 0.0000 0.0000 0.0000 0.0000 0.0001 0.0000 0.0001 0.0000 0.0000 0.0000 0.0000 0.0000 0.0000 0.0000 10.0001 -0.0001 0.0000 -10.0001 0.0000 0.0000 0.0000 0.0000 0.0000 0.0000 0.0002 0.0000 0.0000 -40.8933 20.7047 22.2076 4.1067 -20.7047 -22.2077 0.0000 0.0000 0.0000 0.0000 0.0004 0.0000 90.0000 0.0000 0.0000 0.0000 0.0000 0.0000 -270.0000 90.0000 0.0000 0.0000 0.0000 0.0000 0.0000 0.0000 0.0000 -90.0000 0.0000 0.0000 0.0000 -0.0001 0.0000 270.0002 90.0000 0.0000 0.0000 0.0000 0.0000 0.0000 0.0000 0.0000 
0.0000 94.0000 0.0000 0.0000 0.0000 0.0000 0.0000 0.0001 180.0000 0.0000 0.0000 0.0000 0.0000 0.0000 0.0000 0.0000 0.0000 0.0000 0.0000 0.0000 0.0000 0.0000 0.0000 0.0000 0.0000 0.0000 0.0000 0.0000 0.0000 90.0001 89.9999 0.0000 0.0000 0.0000 0.0000 0.0001 0.0000 0.0000 0.0000 40.8933 20.7046 -22.2077 -4.1067 -20.7048 22.2077 0.0000 0.0000 0.0000 0.0000 0.0003 0.0000 -0.0001 -0.0001 20.0000 0.0000 0.0001 -20.0000 0.0000 0.0000 0.0000 0.0000 0.0000 0.0000 0.0000 0.0000 0.0000 0.0000 -0.0001 10.0000 -0.0001 0.0000 -10.0000 0.0000 0.0000 0.0000 0.0000 0.0000 0.0000 0.0000 0.0000 0.0000 0.0000 -0.0001 -0.0001 -0.0001 0.0001 0.0000 0.0000 0.0000 0.0000 0.0000 0.0000 0.0000 0.0000 0.0000 0.0000 0.0000 -0.0001 -10.0001 -0.0001 0.0001 10.0000 0.0000 0.0000 0.0000 0.0000 0.0000 0.0000 0.0000 0.0000 0.0000 0.0000 0.0000 -90.0000 -89.9999 0.0000 0.0000 0.0001 0.0000 0.0001 0.0000 0.0000 0.0000 0.0001 -0.0001 -20.0000 0.0000 0.0001 20.0000 -0.0003 0.0000 -0.0001 0.0000 0.0000 0.0000 0.0000 0.0000 0.0000 0.0000 -0.0001 -9.9999 -0.0002 0.0001 9.9999 0.0000 0.0000 0.0000 0.0000 0.0000 0.0000 0.0000 0.0000 0.0000 -0.0001 0.0000 0.0000 0.0000 0.0000 0.0000 0.0000 0.0001 0.0000 0.0001 0.0000 0.0000 0.0000 0.0000 0.0000 0.0000 0.0000 10.0001 -0.0001 0.0000 -10.0001 0.0000 0.0000 0.0000 0.0000 0.0000 0.0000 0.0002 0.0000 0.0000 -40.8933 20.7047 22.2076 4.1067 -20.7047 -22.2077 0.0000 0.0000 0.0000 0.0000 0.0004 0.0000 90.0000 0.0000 0.0000 0.0000 0.0000 0.0000 -270.0000 90.0000 0.0000 0.0000 0.0000 0.0000 0.0000 0.0000 0.0000 -90.0000 0.0000 0.0000 0.0000 -0.0001 0.0000 270.0002 90.0000 0.0000 0.0000 0.0000 0.0000 0.0000 0.0000 0.0000 
0.0000 94.0000 0.0000 0.0000 0.0000 0.0000 0.0000 0.0001 180.0000 0.0000 0.0000 0.0000 0.0000 0.0000 0.0000 0.0000 0.0000 0.0000 0.0000 0.0000 0.0000 0.0000 0.0000 0.0000 0.0000 0.0000 0.0000 0.0000 0.0000 90.0001 89.9999 0.0000 0.0000 0.0000 0.0000 0.0001 0.0000 0.0000 0.0000 40.8933 20.7046 -22.2077 -4.1067 -20.7048 22.2077 0.0000 0.0000 0.0000 0.0000 0.0003 0.0000 -0.0001 -0.0001 20.0000 0.0000 0.0001 -20.0000 0.0000 0.0000 0.0000 0.0000 0.0000 0.0000 0.0000 0.0000 0.0000 0.0000 -0.0001 10.0000 -0.0001 0.0000 -10.0000 0.0000 0.0000 0.0000 0.0000 0.0000 0.0000 0.0000 0.0000 0.0000 0.0000 -0.0001 -0.0001 -0.0001 0.0001 0.0000 0.0000 0.0000 0.0000 0.0000 0.0000 0.0000 0.0000 0.0000 0.0000 0.0000 -0.0001 -10.0001 -0.0001 0.0001 10.0000 0.0000 0.0000 0.0000 0.0000 0.0000 0.0000 0.0000 0.0000 0.0000 0.0000 0.0000 -90.0000 -89.9999 0.0000 0.0000 0.0001 0.0000 0.0001 0.0000 0.0000 0.0000 0.0001 -0.0001 -20.0000 0.0000 0.0001 20.0000 -0.0003 0.0000 -0.0001 0.0000 0.0000 0.0000 0.0000 0.0000 0.0000 0.0000 -0.0001 -9.9999 -0.0002 0.0001 9.9999 0.0000 0.0000 0.0000 0.0000 0.0000 0.0000 0.0000 0.0000 0.0000 -0.0001 0.0000 0.0000 0.0000 0.0000 0.0000 0.0000 0.0001 0.0000 0.0001 0.0000 0.0000 0.0000 0.0000 0.0000 0.0000 0.0000 10.0001 -0.0001 0.0000 -10.0001 0.0000 0.0000 0.0000 0.0000 0.0000 0.0000 0.0002 0.0000 0.0000 -40.8933 20.7047 22.2076 4.1067 -20.7047 -22.2077 0.0000 0.0000 0.0000 0.0000 0.0004 0.0000 90.0000 0.0000 0.0000 0.0000 0.0000 0.0000 -270.0000 90.0000 0.0000 0.0000 0.0000 0.0000 0.0000 0.0000 0.0000 -90.0000 0.0000 0.0000 0.0000 -0.0001 0.0000 270.0002 90.0000 0.0000 0.0000 0.0000 0.0000 0.0000 0.0000 0.0000 
0.0000 94.0000 0.0000 0.0000 0.0000 0.0000 0.0000 0.0001 180.0000 0.0000 0.0000 0.0000 0.0000 0.0000 0.0000 0.0000 0.0000 0.0000 0.0000 0.0000 0.0000 0.0000 0.0000 0.0000 0.0000 0.0000 0.0000 0.0000 0.0000 90.0001 89.9999 0.0000 0.0000 0.0000 0.0000 0.0001 0.0000 0.0000 0.0000 40.8933 20.7046 -22.2077 -4.1067 -20.7048 22.2077 0.0000 0.0000 0.0000 0.0000 0.0003 0.0000 -0.0001 -0.0001 20.0000 0.0000 0.0001 -20.0000 0.0000 0.0000 0.0000 0.0000 0.0000 0.0000 0.0000 0.0000 0.0000 0.0000 -0.0001 10.0000 -0.0001 0.0000 -10.0000 0.0000 0.0000 0.0000 0.0000 0.0000 0.0000 0.0000 0.0000 0.0000 0.0000 -0.0001 -0.0001 -0.0001 0.0001 0.0000 0.0000 0.0000 0.0000 0.0000 0.0000 0.0000 0.0000 0.0000 0.0000 0.0000 -0.0001 -10.0001 -0.0001 0.0001 10.0000 0.0000 0.0000 0.0000 0.0000 0.0000 0.0000 0.0000 0.0000 0.0000 0.0000 0.0000 -90.0000 -89.9999 0.0000 0.0000 0.0001 0.0000 0.0001 0.0000 0.0000 0.0000 0.0001 -0.0001 -20.0000 0.0000 0.0001 20.0000 -0.0003 0.0000 -0.0001 0.0000 0.0000 0.0000 0.0000 0.0000 0.0000 0.0000 -0.0001 -9.9999 -0.0002 0.0001 9.9999 0.0000 0.0000 0.0000 0.0000 0.0000 0.0000 0.0000 0.0000 0.0000 -0.0001 0.0000 0.0000 0.0000 0.0000 0.0000 0.0000 0.0001 0.0000 0.0001 0.0000 0.0000 0.0000 0.0000 0.0000 0.0000 0.0000 10.0001 -0.0001 0.0000 -10.0001 0.0000 0.0000 0.0000 0.0000 0.0000 0.0000 0.0002 0.0000 0.0000 -40.8933 20.7047 22.2076 4.1067 -20.7047 -22.2077 0.0000 0.0000 0.0000 0.0000 0.0004 0.0000 90.0000 0.0000 0.0000 0.0000 0.0000 0.0000 -270.0000 90.0000 0.0000 0.0000 0.0000 0.0000 0.0000 0.0000 0.0000 -90.0000 0.0000 0.0000 0.0000 -0.0001 0.0000 270.0002 90.0000 0.0000 0.0000 0.0000 0.0000 0.0000 0.0000 0.0000 
0.0000 94.0000 0.0000 0.0000 0.0000 0.0000 0.0000 0.0001 180.0000 0.0000 0.0000 0.0000 0.0000 0.0000 0.0000 0.0000 0.0000 0.0000 0.0000 0.0000 0.0000 0.0000 0.0000 0.0000 0.0000 0.0000 0.0000 0.0000 0.0000 90.0001 89.9999 0.0000 0.0000 0.0000 0.0000 0.0001 0.0000 0.0000 0.0000 40.8933 20.7046 -22.2077 -4.1067 -20.7048 22.2077 0.0000 0.0000 0.0000 0.0000 0.0003 0.0000 -0.0001 -0.0001 20.0000 0.0000 0.0001 -20.0000 0.0000 0.0000 0.0000 0.0000 0.0000 0.0000 0.0000 0.0000 0.0000 0.0000 -0.0001 10.0000 -0.0001 0.0000 -10.0000 0.0000 0.0000 0.0000 0.0000 0.0000 0.0000 0.0000 0.0000 0.0000 0.0000 -0.0001 -0.0001 -0.0001 0.0001 0.0000 0.0000 0.0000 0.0000 0.0000 0.0000 0.0000 0.0000 0.0000 0.0000 0.0000 -0.0001 -10.0001 -0.0001 0.0001 10.0000 0.0000 0.0000 0.0000 0.0000 0.0000 0.0000 0.0000 0.0000 0.0000 0.0000 0.0000 -90.0000 -89.9999 0.0000 0.0000 0.0001 0.0000 0.0001 0.0000 0.0000 0.0000 0.0001 -0.0001 -20.0000 0.0000 0.0001 20.0000 -0.0003 0.0000 -0.0001 0.0000 0.0000 0.0000 0.0000 0.0000 0.0000 0.0000 -0.0001 -9.9999 -0.0002 0.0001 9.9999 0.0000 0.0000 0.0000 0.0000 0.0000 0.0000 0.0000 0.0000 0.0000 -0.0001 0.0000 0.0000 0.0000 0.0000 0.0000 0.0000 0.0001 0.0000 0.0001 0.0000 0.0000 0.0000 0.0000 0.0000 0.0000 0.0000 10.0001 -0.0001 0.0000 -10.0001 0.0000 0.0000 0.0000 0.0000 0.0000 0.0000 0.0002 0.0000 0.0000 -40.8933 20.7047 22.2076 4.1067 -20.7047 -22.2077 0.0000 0.0000 0.0000 0.0000 0.0004 0.0000 90.0000 0.0000 0.0000 0.0000 0.0000 0.0000 -270.0000 90.0000 0.0000 0.0000 0.0000 0.0000 0.0000 0.0000 0.0000 -90.0000 0.0000 0.0000 0.0000 -0.0001 0.0000 270.0002 90.0000 0.0000 0.0000 0.0000 0.0000 0.0000 0.0000 0.0000 
0.0000 94.0000 0.0000 0.0000 0.0000 0.0000 0.0000 0.0001 180.0000 0.0000 0.0000 0.0000 0.0000 0.0000 0.0000 0.0000 0.0000 0.0000 0.0000 0.0000 0.0000 0.0000 0.0000 0.0000 0.0000 0.0000 0.0000 0.0000 0.0000 90.0001 89.9999 0.0000 0.0000 0.0000 0.0000 0.0001 0.0000 0.0000 0.0000 40.8933 20.7046 -22.2077 -4.1067 -20.7048 22.2077 0.0000 0.0000 0.0000 0.0000 0.0003 0.0000 -0.0001 -0.0001 20.0000 0.0000 0.0001 -20.0000 0.0000 0.0000 0.0000 0.0000 0.0000 0.0000 0.0000 0.0000 0.0000 0.0000 -0.0001 10.0000 -0.0001 0.0000 -10.0000 0.0000 0.0000 0.0000 0.0000 0.0000 0.0000 0.0000 0.0000 0.0000 0.0000 -0.0001 -0.0001 -0.0001 0.0001 0.0000 0.0000 0.0000 0.0000 0.0000 0.0000 0.0000 0.0000 0.0000 0.0000 0.0000 -0.0001 -10.0001 -0.0001 0.0001 10.0000 0.0000 0.0000 0.0000 0.0000 0.0000 0.0000 0.0000 0.0000 0.0000 0.0000 0.0000 -90.0000 -89.9999 0.0000 0.0000 0.0001 0.0000 0.0001 0.0000 0.0000 0.0000 0.0001 -0.0001 -20.0000 0.0000 0.0001 20.0000 -0.0003 0.0000 -0.0001 0.0000 0.0000 0.0000 0.0000 0.0000 0.0000 0.0000 -0.0001 -9.9999 -0.0002 0.0001 9.9999 0.0000 0.0000 0.0000 0.0000 0.0000 0.0000 0.0000 0.0000 0.0000 -0.0001 0.0000 0.0000 0.0000 0.0000 0.0000 0.0000 0.0001 0.0000 0.0001 0.0000 0.0000 0.0000 0.0000 0.0000 0.0000 0.0000 10.0001 -0.0001 0.0000 -10.0001 0.0000 0.0000 0.0000 0.0000 0.0000 0.0000 0.0002 0.0000 0.0000 -40.8933 20.7047 22.2076 4.1067 -20.7047 -22.2077 0.0000 0.0000 0.0000 0.0000 0.0004 0.0000 90.0000 0.0000 0.0000 0.0000 0.0000 0.0000 -270.0000 90.0000 0.0000 0.0000 0.0000 0.0000 0.0000 0.0000 0.0000 -90.0000 0.0000 0.0000 0.0000 -0.0001 0.0000 270.0002 90.0000 0.0000 0.0000 0.0000 0.0000 0.0000 0.0000 0.0000 
0.0000 94.0000 0.0000 0.0000 0.0000 0.0000 0.0000 0.0001 180.0000 0.0000 0.0000 0.0000 0.0000 0.0000 0.0000 0.0000 0.0000 0.0000 0.0000 0.0000 0.0000 0.0000 0.0000 0.0000 0.0000 0.0000 0.0000 0.0000 0.0000 90.0001 89.9999 0.0000 0.0000 0.0000 0.0000 0.0001 0.0000 0.0000 0.0000 40.8933 20.7046 -22.2077 -4.1067 -20.7048 22.2077 0.0000 0.0000 0.0000 0.0000 0.0003 0.0000 -0.0001 -0.0001 20.0000 0.0000 0.0001 -20.0000 0.0000 0.0000 0.0000 0.0000 0.0000 0.0000 0.0000 0.0000 0.0000 0.0000 -0.0001 10.0000 -0.0001 0.0000 -10.0000 0.0000 0.0000 0.0000 0.0000 0.0000 0.0000 0.0000 0.0000 0.0000 0.0000 -0.0001 -0.0001 -0.0001 0.0001 0.0000 0.0000 0.0000 0.0000 0.0000 0.0000 0.0000 0.0000 0.0000 0.0000 0.0000 -0.0001 -10.0001 -0.0001 0.0001 10.0000 0.0000 0.0000 0.0000 0.0000 0.0000 0.0000 0.0000 0.0000 0.0000 0.0000 0.0000 -90.0000 -89.9999 0.0000 0.0000 0.0001 0.0000 0.0001 0.0000 0.0000 0.0000 0.0001 -0.0001 -20.0000 0.0000 0.0001 20.0000 -0.0003 0.0000 -0.0001 0.0000 0.0000 0.0000 0.0000 0.0000 0.0000 0.0000 -0.0001 -9.9999 -0.0002 0.0001 9.9999 0.0000 0.0000 0.0000 0.0000 0.0000 0.0000 0.0000 0.0000 0.0000 -0.0001 0.0000 0.0000 0.0000 0.0000 0.0000 0.0000 0.0001 0.0000 0.0001 0.0000 0.0000 0.0000 0.0000 0.0000 0.0000 0.0000 10.0001 -0.0001 0.0000 -10.0001 0.0000 0.0000 0.0000 0.0000 0.0000 0.0000 0.0002 0.0000 0.0000 -40.8933 20.7047 22.2076 4.1067 -20.7047 -22.2077 0.0000 0.0000 0.0000 0.0000 0.0004 0.0000 90.0000 0.0000 0.0000 0.0000 0.0000 0.0000 -270.0000 90.0000 0.0000 0.0000 0.0000 0.0000 0.0000 0.0000 0.0000 -90.0000 0.0000 0.0000 0.0000 -0.0001 0.0000 270.0002 90.0000 0.0000 0.0000 0.0000 0.0000 0.0000 0.0000 0.0000 
0.0000 94.0000 0.0000 0.0000 0.0000 0.0000 0.0000 0.0001 180.0000 0.0000 0.0000 0.0000 0.0000 0.0000 0.0000 0.0000 0.0000 0.0000 0.0000 0.0000 0.0000 0.0000 0.0000 0.0000 0.0000 0.0000 0.0000 0.0000 0.0000 90.0001 89.9999 0.0000 0.0000 0.0000 0.0000 0.0001 0.0000 0.0000 0.0000 40.8933 20.7046 -22.2077 -4.1067 -20.7048 22.2077 0.0000 0.0000 0.0000 0.0000 0.0003 0.0000 -0.0001 -0.0001 20.0000 0.0000 0.0001 -20.0000 0.0000 0.0000 0.0000 0.0000 0.0000 0.0000 0.0000 0.0000 0.0000 0.0000 -0.0001 10.0000 -0.0001 0.0000 -10.0000 0.0000 0.0000 0.0000 0.0000 0.0000 0.0000 0.0000 0.0000 0.0000 0.0000 -0.0001 -0.0001 -0.0001 0.0001 0.0000 0.0000 0.0000 0.0000 0.0000 0.0000 0.0000 0.0000 0.0000 0.0000 0.0000 -0.0001 -10.0001 -0.0001 0.0001 10.0000 0.0000 0.0000 0.0000 0.0000 0.0000 0.0000 0.0000 0.0000 0.0000 0.0000 0.0000 -90.0000 -89.9999 0.0000 0.0000 0.0001 0.0000 0.0001 0.0000 0.0000 0.0000 0.0001 -0.0001 -20.0000 0.0000 0.0001 20.0000 -0.0003 0.0000 -0.0001 0.0000 0.0000 0.0000 0.0000 0.0000 0.0000 0.0000 -0.0001 -9.9999 -0.0002 0.0001 9.9999 0.0000 0.0000 0.0000 0.0000 0.0000 0.0000 0.0000 0.0000 0.0000 -0.0001 0.0000 0.0000 0.0000 0.0000 0.0000 0.0000 0.0001 0.0000 0.0001 0.0000 0.0000 0.0000 0.0000 0.0000 0.0000 0.0000 10.0001 -0.0001 0.0000 -10.0001 0.0000 0.0000 0.0000 0.0000 0.0000 0.0000 0.0002 0.0000 0.0000 -40.8933 20.7047 22.2076 4.1067 -20.7047 -22.2077 0.0000 0.0000 0.0000 0.0000 0.0004 0.0000 90.0000 0.0000 0.0000 0.0000 0.0000 0.0000 -270.0000 90.0000 0.0000 0.0000 0.0000 0.0000 0.0000 0.0000 0.0000 -90.0000 0.0000 0.0000 0.0000 -0.0001 0.0000 270.0002 90.0000 0.0000 0.0000 0.0000 0.0000 0.0000 0.0000 0.0000 
0.0000 94.0000 0.0000 0.0000 0.0000 0.0000 0.0000 0.0001 180.0000 0.0000 0.0000 0.0000 0.0000 0.0000 0.0000 0.0000 0.0000 0.0000 0.0000 0.0000 0.0000 0.0000 0.0000 0.0000 0.0000 0.0000 0.0000 0.0000 0.0000 90.0001 89.9999 0.0000 0.0000 0.0000 0.0000 0.0001 0.0000 0.0000 0.0000 40.8933 20.7046 -22.2077 -4.1067 -20.7048 22.2077 0.0000 0.0000 0.0000 0.0000 0.0003 0.0000 -0.0001 -0.0001 20.0000 0.0000 0.0001 -20.0000 0.0000 0.0000 0.0000 0.0000 0.0000 0.0000 0.0000 0.0000 0.0000 0.0000 -0.0001 10.0000 -0.0001 0.0000 -10.0000 0.0000 0.0000 0.0000 0.0000 0.0000 0.0000 0.0000 0.0000 0.0000 0.0000 -0.0001 -0.0001 -0.0001 0.0001 0.0000 0.0000 0.0000 0.0000 0.0000 0.0000 0.0000 0.0000 0.0000 0.0000 0.0000 -0.0001 -10.0001 -0.0001 0.0001 10.0000 0.0000 0.0000 0.0000 0.0000 0.0000 0.0000 0.0000 0.0000 0.0000 0.0000 0.0000 -90.0000 -89.9999 0.0000 0.0000 0.0001 0.0000 0.0001 0.0000 0.0000 0.0000 0.0001 -0.0001 -20.0000 0.0000 0.0001 20.0000 -0.0003 0.0000 -0.0001 0.0000 0.0000 0.0000 0.0000 0.0000 0.0000 0.0000 -0.0001 -9.9999 -0.0002 0.0001 9.9999 0.0000 0.0000 0.0000 0.0000 0.0000 0.0000 0.0000 0.0000 0.0000 -0.0001 0.0000 0.0000 0.0000 0.0000 0.0000 0.0000 0.0001 0.0000 0.0001 0.0000 0.0000 0.0000 0.0000 0.0000 0.0000 0.0000 10.0001 -0.0001 0.0000 -10.0001 0.0000 0.0000 0.0000 0.0000 0.0000 0.0000 0.0002 0.0000 0.0000 -40.8933 20.7047 22.2076 4.1067 -20.7047 -22.2077 0.0000 0.0000 0.0000 0.0000 0.0004 0.0000 90.0000 0.0000 0.0000 0.0000 0.0000 0.0000 -270.0000 90.0000 0.0000 0.0000 0.0000 0.0000 0.0000 0.0000 0.0000 -90.0000 0.0000 0.0000 0.0000 -0.0001 0.0000 270.0002 90.0000 0.0000 0.0000 0.0000 0.0000 0.0000 0.0000 0.0000 
0.0000 94.0000 0.0000 0.0000 0.0000 0.0000 0.0000 0.0001 180.0000 0.0000 0.0000 0.0000 0.0000 0.0000 0.0000 0.0000 0.0000 0.0000 0.0000 0.0000 0.0000 0.0000 0.0000 0.0000 0.0000 0.0000 0.0000 0.0000 0.0000 90.0001 89.9999 0.0000 0.0000 0.0000 0.0000 0.0001 0.0000 0.0000 0.0000 40.8933 20.7046 -22.2077 -4.1067 -20.7048 22.2077 0.0000 0.0000 0.0000 0.0000 0.0003 0.0000 -0.0001 -0.0001 20.0000 0.0000 0.0001 -20.0000 0.0000 0.0000 0.0000 0.0000 0.0000 0.0000 0.0000 0.0000 0.0000 0.0000 -0.0001 10.0000 -0.0001 0.0000 -10.0000 0.0000 0.0000 0.0000 0.0000 0.0000 0.0000 0.0000 0.0000 0.0000 0.0000 -0.0001 -0.0001 -0.0001 0.0001 0.0000 0.0000 0.0000 0.0000 0.0000 0.0000 0.0000 0.0000 0.0000 0.0000 0.0000 -0.0001 -10.0001 -0.0001 0.0001 10.0000 0.0000 0.0000 0.0000 0.0000 0.0000 0.0000 0.0000 0.0000 0.0000 0.0000 0.0000 -90.0000 -89.9999 0.0000 0.0000 0.0001 0.0000 0.0001 0.0000 0.0000 0.0000 0.0001 -0.0001 -20.0000 0.0000 0.0001 20.0000 -0.0003 0.0000 -0.0001 0.0000 0.0000 0.0000 0.0000 0.0000 0.0000 0.0000 -0.0001 -9.9999 -0.0002 0.0001 9.9999 0.0000 0.0000 0.0000 0.0000 0.0000 0.0000 0.0000 0.0000 0.0000 -0.0001 0.0000 0.0000 0.0000 0.0000 0.0000 0.0000 0.0001 0.0000 0.0001 0.0000 0.0000 0.0000 0.0000 0.0000 0.0000 0.0000 10.0001 -0.0001 0.0000 -10.0001 0.0000 0.0000 0.0000 0.0000 0.0000 0.0000 0.0002 0.0000 0.0000 -40.8933 20.7047 22.2076 4.1067 -20.7047 -22.2077 0.0000 0.0000 0.0000 0.0000 0.0004 0.0000 90.0000 0.0000 0.0000 0.0000 0.0000 0.0000 -270.0000 90.0000 0.0000 0.0000 0.0000 0.0000 0.0000 0.0000 0.0000 -90.0000 0.0000 0.0000 0.0000 -0.0001 0.0000 270.0002 90.0000 0.0000 0.0000 0.0000 0.0000 0.0000 0.0000 0.0000
0.0000 94.0000 0.0000 0.0000 0.0000 0.0000 0.0000 0.0001 180.0000 0.0000 0.0000 0.0000 0.0000 0.0000 0.0000 0.0000 0.0000 0.0000 0.0000 0.0000 0.0000 0.0000 0.0000 0.0000 0.0000 0.0000 0.0000 0.0000 0.0000 90.0001 89.9999 0.0000 0.0000 0.0000 0.0000 0.0001 0.0000 0.0000 0.0000 40.8933 20.7046 -22.2077 -4.1067 -20.7048 22.2077 0.0000 0.0000 0.0000 0.0000 0.0003 0.0000 -0.0001 -0.0001 20.0000 0.0000 0.0001 -20.0000 0.0000 0.0000 0.0000 0.0000 0.0000 0.0000 0.0000 0.0000 0.0000 0.0000 -0.0001 10.0000 -0.0001 0.0000 -10.0000 0.0000 0.0000 0.0000 0.0000 0.0000 0.0000 0.0000 0.0000 0.0000 0.0000 -0.0001 -0.0001 -0.0001 0.0001 0.0000 0.0000 0.0000 0.0000 0.0000 0.0000 0.0000 0.0000 0.0000 0.0000 0.0000 -0.0001 -10.0001 -0.0001 0.0001 10.0000 0.0000 0.0000 0.0000 0.0000 0.0000 0.0000 0.0000 0.0000 0.0000 0.0000 0.0000 -90.0000 -89.9999 0.0000 0.0000 0.0001 0.0000 0.0001 0.0000 0.0000 0.0000 0.0001 -0.0001 -20.0000 0.0000 0.0001 20.0000 -0.0003 0.0000 -0.0001 0.0000 0.0000 0.0000 0.0000 0.0000 0.0000 0.0000 -0.0001 -9.9999 -0.0002 0.0001 9.9999 0.0000 0.0000 0.0000 0.0000 0.0000 0.0000 0.0000 0.0000 0.0000 -0.0001 0.0000 0.0000 0.0000 0.0000 0.0000 0.0000 0.0001 0.0000 0.0001 0.0000 0.0000 0.0000 0.0000 0.0000 0.0000 0.0000 10.0001 -0.0001 0.0000 -10.0001 0.0000 0.0000 0.0000 0.0000 0.0000 0.0000 0.0002 0.0000 0.0000 -40.8933 20.7047 22.2076 4.1067 -20.7047 -22.2077 0.0000 0.0000 0.0000 0.0000 0.0004 0.0000 90.0000 0.0000 0.0000 0.0000 0.0000 0.0000 -270.0000 90.0000 0.0000 0.0000 0.0000 0.0000 0.0000 0.0000 0.0000 -90.0000 0.0000 0.0000 0.0000 -0.0001 0.0000 270.0002 90.0000 0.0000 0.0000 0.0000 0.0000 0.0000 0.0000 0.0000 
0.0000 94.0000 0.0000 0.0000 0.0000 0.0000 0.0000 0.0001 180.0000 0.0000 0.0000 0.0000 0.0000 0.0000 0.0000 0.0000 0.0000 0.0000 0.0000 0.0000 0.0000 0.0000 0.0000 0.0000 0.0000 0.0000 0.0000 0.0000 0.0000 90.0001 89.9999 0.0000 0.0000 0.0000 0.0000 0.0001 0.0000 0.0000 0.0000 40.8933 20.7046 -22.2077 -4.1067 -20.7048 22.2077 0.0000 0.0000 0.0000 0.0000 0.0003 0.0000 -0.0001 -0.0001 20.0000 0.0000 0.0001 -20.0000 0.0000 0.0000 0.0000 0.0000 0.0000 0.0000 0.0000 0.0000 0.0000 0.0000 -0.0001 10.0000 -0.0001 0.0000 -10.0000 0.0000 0.0000 0.0000 0.0000 0.0000 0.0000 0.0000 0.0000 0.0000 0.0000 -0.0001 -0.0001 -0.0001 0.0001 0.0000 0.0000 0.0000 0.0000 0.0000 0.0000 0.0000 0.0000 0.0000 0.0000 0.0000 -0.0001 -10.0001 -0.0001 0.0001 10.0000 0.0000 0.0000 0.0000 0.0000 0.0000 0.0000 0.0000 0.0000 0.0000 0.0000 0.0000 -90.0000 -89.9999 0.0000 0.0000 0.0001 0.0000 0.0001 0.0000 0.0000 0.0000 0.0001 -0.0001 -20.0000 0.0000 0.0001 20.0000 -0.0003 0.0000 -0.0001 0.0000 0.0000 0.0000 0.0000 0.0000 0.0000 0.0000 -0.0001 -9.9999 -0.0002 0.0001 9.9999 0.0000 0.0000 0.0000 0.0000 0.0000 0.0000 0.0000 0.0000 0.0000 -0.0001 0.0000 0.0000 0.0000 0.0000 0.0000 0.0000 0.0001 0.0000 0.0001 0.0000 0.0000 0.0000 0.0000 0.0000 0.0000 0.0000 10.0001 -0.0001 0.0000 -10.0001 0.0000 0.0000 0.0000 0.0000 0.0000 0.0000 0.0002 0.0000 0.0000 -40.8933 20.7047 22.2076 4.1067 -20.7047 -22.2077 0.0000 0.0000 0.0000 0.0000 0.0004 0.0000 90.0000 0.0000 0.0000 0.0000 0.0000 0.0000 -270.0000 90.0000 0.0000 0.0000 0.0000 0.0000 0.0000 0.0000 0.0000 -90.0000 0.0000 0.0000 0.0000 -0.0001 0.0000 270.0002 90.0000 0.0000 0.0000 0.0000 0.0000 0.0000 0.0000 0.0000 
0.0000 94.0000 0.0000 0.0000 0.0000 0.0000 0.0000 0.0001 180.0000 0.0000 0.0000 0.0000 0.0000 0.0000 0.0000 0.0000 0.0000 0.0000 0.0000 0.0000 0.0000 0.0000 0.0000 0.0000 0.0000 0.0000 0.0000 0.0000 0.0000 90.0001 89.9999 0.0000 0.0000 0.0000 0.0000 0.0001 0.0000 0.0000 0.0000 40.8933 20.7046 -22.2077 -4.1067 -20.7048 22.2077 0.0000 0.0000 0.0000 0.0000 0.0003 0.0000 -0.0001 -0.0001 20.0000 0.0000 0.0001 -20.0000 0.0000 0.0000 0.0000 0.0000 0.0000 0.0000 0.0000 0.0000 0.0000 0.0000 -0.0001 10.0000 -0.0001 0.0000 -10.0000 0.0000 0.0000 0.0000 0.0000 0.0000 0.0000 0.0000 0.0000 0.0000 0.0000 -0.0001 -0.0001 -0.0001 0.0001 0.0000 0.0000 0.0000 0.0000 0.0000 0.0000 0.0000 0.0000 0.0000 0.0000 0.0000 -0.0001 -10.0001 -0.0001 0.0001 10.0000 0.0000 0.0000 0.0000 0.0000 0.0000 0.0000 0.0000 0.0000 0.0000 0.0000 0.0000 -90.0000 -89.9999 0.0000 0.0000 0.0001 0.0000 0.0001 0.0000 0.0000 0.0000 0.0001 -0.0001 -20.0000 0.0000 0.0001 20.0000 -0.0003 0.0000 -0.0001 0.0000 0.0000 0.0000 0.0000 0.0000 0.0000 0.0000 -0.0001 -9.9999 -0.0002 0.0001 9.9999 0.0000 0.0000 0.0000 0.0000 0.0000 0.0000 0.0000 0.0000 0.0000 -0.0001 0.0000 0.0000 0.0000 0.0000 0.0000 0.0000 0.0001 0.0000 0.0001 0.0000 0.0000 0.0000 0.0000 0.0000 0.0000 0.0000 10.0001 -0.0001 0.0000 -10.0001 0.0000 0.0000 0.0000 0.0000 0.0000 0.0000 0.0002 0.0000 0.0000 -40.8933 20.7047 22.2076 4.1067 -20.7047 -22.2077 0.0000 0.0000 0.0000 0.0000 0.0004 0.0000 90.0000 0.0000 0.0000 0.0000 0.0000 0.0000 -270.0000 90.0000 0.0000 0.0000 0.0000 0.0000 0.0000 0.0000 0.0000 -90.0000 0.0000 0.0000 0.0000 -0.0001 0.0000 270.0002 90.0000 0.0000 0.0000 0.0000 0.0000 0.0000 0.0000 0.0000 
0.0000 94.0000 0.0000 0.0000 0.0000 0.0000 0.0000 0.0001 180.0000 0.0000 0.0000 0.0000 0.0000 0.0000 0.0000 0.0000 0.0000 0.0000 0.0000 0.0000 0.0000 0.0000 0.0000 0.0000 0.0000 0.0000 0.0000 0.0000 0.0000 90.0001 89.9999 0.0000 0.0000 0.0000 0.0000 0.0001 0.0000 0.0000 0.0000 40.8933 20.7046 -22.2077 -4.1067 -20.7048 22.2077 0.0000 0.0000 0.0000 0.0000 0.0003 0.0000 -0.0001 -0.0001 20.0000 0.0000 0.0001 -20.0000 0.0000 0.0000 0.0000 0.0000 0.0000 0.0000 0.0000 0.0000 0.0000 0.0000 -0.0001 10.0000 -0.0001 0.0000 -10.0000 0.0000 0.0000 0.0000 0.0000 0.0000 0.0000 0.0000 0.0000 0.0000 0.0000 -0.0001 -0.0001 -0.0001 0.0001 0.0000 0.0000 0.0000 0.0000 0.0000 0.0000 0.0000 0.0000 0.0000 0.0000 0.0000 -0.0001 -10.0001 -0.0001 0.0001 10.0000 0.0000 0.0000 0.0000 0.0000 0.0000 0.0000 0.0000 0.0000 0.0000 0.0000 0.0000 -90.0000 -89.9999 0.0000 0.0000 0.0001 0.0000 0.0001 0.0000 0.0000 0.0000 0.0001 -0.0001 -20.0000 0.0000 0.0001 20.0000 -0.0003 0.0000 -0.0001 0.0000 0.0000 0.0000 0.0000 0.0000 0.0000 0.0000 -0.0001 -9.9999 -0.0002 0.0001 9.9999 0.0000 0.0000 0.0000 0.0000 0.0000 0.0000 0.0000 0.0000 0.0000 -0.0001 0.0000 0.0000 0.0000 0.0000 0.0000 0.0000 0.0001 0.0000 0.0001 0.0000 0.0000 0.0000 0.0000 0.0000 0.0000 0.0000 10.0001 -0.0001 0.0000 -10.0001 0.0000 0.0000 0.0000 0.0000 0.0000 0.0000 0.0002 0.0000 0.0000 -40.8933 20.7047 22.2076 4.1067 -20.7047 -22.2077 0.0000 0.0000 0.0000 0.0000 0.0004 0.0000 90.0000 0.0000 0.0000 0.0000 0.0000 0.0000 -270.0000 90.0000 0.0000 0.0000 0.0000 0.0000 0.0000 0.0000 0.0000 -90.0000 0.0000 0.0000 0.0000 -0.0001 0.0000 270.0002 90.0000 0.0000 0.0000 0.0000 0.0000 0.0000 0.0000 0.0000 
0.0000 94.0000 0.0000 0.0000 0.0000 0.0000 0.0000 0.0001 180.0000 0.0000 0.0000 0.0000 0.0000 0.0000 0.0000 0.0000 0.0000 0.0000 0.0000 0.0000 0.0000 0.0000 0.0000 0.0000 0.0000 0.0000 0.0000 0.0000 0.0000 90.0001 89.9999 0.0000 0.0000 0.0000 0.0000 0.0001 0.0000 0.0000 0.0000 40.8933 20.7046 -22.2077 -4.1067 -20.7048 22.2077 0.0000 0.0000 0.0000 0.0000 0.0003 0.0000 -0.0001 -0.0001 20.0000 0.0000 0.0001 -20.0000 0.0000 0.0000 0.0000 0.0000 0.0000 0.0000 0.0000 0.0000 0.0000 0.0000 -0.0001 10.0000 -0.0001 0.0000 -10.0000 0.0000 0.0000 0.0000 0.0000 0.0000 0.0000 0.0000 0.0000 0.0000 0.0000 -0.0001 -0.0001 -0.0001 0.0001 0.0000 0.0000 0.0000 0.0000 0.0000 0.0000 0.0000 0.0000 0.0000 0.0000 0.0000 -0.0001 -10.0001 -0.0001 0.0001 10.0000 0.0000 0.0000 0.0000 0.0000 0.0000 0.0000 0.0000 0.0000 0.0000 0.0000 0.0000 -90.0000 -89.9999 0.0000 0.0000 0.0001 0.0000 0.0001 0.0000 0.0000 0.0000 0.0001 -0.0001 -20.0000 0.0000 0.0001 20.0000 -0.0003 0.0000 -0.0001 0.0000 0.0000 0.0000 0.0000 0.0000 0.0000 0.0000 -0.0001 -9.9999 -0.0002 0.0001 9.9999 0.0000 0.0000 0.0000 0.0000 0.0000 0.0000 0.0000 0.0000 0.0000 -0.0001 0.0000 0.0000 0.0000 0.0000 0.0000 0.0000 0.0001 0.0000 0.0001 0.0000 0.0000 0.0000 0.0000 0.0000 0.0000 0.0000 10.0001 -0.0001 0.0000 -10.0001 0.0000 0.0000 0.0000 0.0000 0.0000 0.0000 0.0002 0.0000 0.0000 -40.8933 20.7047 22.2076 4.1067 -20.7047 -22.2077 0.0000 0.0000 0.0000 0.0000 0.0004 0.0000 90.0000 0.0000 0.0000 0.0000 0.0000 0.0000 -270.0000 90.0000 0.0000 0.0000 0.0000 0.0000 0.0000 0.0000 0.0000 -90.0000 0.0000 0.0000 0.0000 -0.0001 0.0000 270.0002 90.0000 0.0000 0.0000 0.0000 0.0000 0.0000 0.0000 0.0000 
0.0000 94.0000 0.0000 0.0000 0.0000 0.0000 0.0000 0.0001 180.0000 0.0000 0.0000 0.0000 0.0000 0.0000 0.0000 0.0000 0.0000 0.0000 0.0000 0.0000 0.0000 0.0000 0.0000 0.0000 0.0000 0.0000 0.0000 0.0000 0.0000 90.0001 89.9999 0.0000 0.0000 0.0000 0.0000 0.0001 0.0000 0.0000 0.0000 40.8933 20.7046 -22.2077 -4.1067 -20.7048 22.2077 0.0000 0.0000 0.0000 0.0000 0.0003 0.0000 -0.0001 -0.0001 20.0000 0.0000 0.0001 -20.0000 0.0000 0.0000 0.0000 0.0000 0.0000 0.0000 0.0000 0.0000 0.0000 0.0000 -0.0001 10.0000 -0.0001 0.0000 -10.0000 0.0000 0.0000 0.0000 0.0000 0.0000 0.0000 0.0000 0.0000 0.0000 0.0000 -0.0001 -0.0001 -0.0001 0.0001 0.0000 0.0000 0.0000 0.0000 0.0000 0.0000 0.0000 0.0000 0.0000 0.0000 0.0000 -0.0001 -10.0001 -0.0001 0.0001 10.0000 0.0000 0.0000 0.0000 0.0000 0.0000 0.0000 0.0000 0.0000 0.0000 0.0000 0.0000 -90.0000 -89.9999 0.0000 0.0000 0.0001 0.0000 0.0001 0.0000 0.0000 0.0000 0.0001 -0.0001 -20.0000 0.0000 0.0001 20.0000 -0.0003 0.0000 -0.0001 0.0000 0.0000 0.0000 0.0000 0.0000 0.0000 0.0000 -0.0001 -9.9999 -0.0002 0.0001 9.9999 0.0000 0.0000 0.0000 0.0000 0.0000 0.0000 0.0000 0.0000 0.0000 -0.0001 0.0000 0.0000 0.0000 0.0000 0.0000 0.0000 0.0001 0.0000 0.0001 0.0000 0.0000 0.0000 0.0000 0.0000 0.0000 0.0000 10.0001 -0.0001 0.0000 -10.0001 0.0000 0.0000 0.0000 0.0000 0.0000 0.0000 0.0002 0.0000 0.0000 -40.8933 20.7047 22.2076 4.1067 -20.7047 -22.2077 0.0000 0.0000 0.0000 0.0000 0.0004 0.0000 90.0000 0.0000 0.0000 0.0000 0.0000 0.0000 -270.0000 90.0000 0.0000 0.0000 0.0000 0.0000 0.0000 0.0000 0.0000 -90.0000 0.0000 0.0000 0.0000 -0.0001 0.0000 270.0002 90.0000 0.0000 0.0000 0.0000 0.0000 0.0000 0.0000 0.0000 
0.0000 94.0000 0.0000 0.0000 0.0000 0.0000 0.0000 0.0001 180.0000 0.0000 0.0000 0.0000 0.0000 0.0000 0.0000 0.0000 0.0000 0.0000 0.0000 0.0000 0.0000 0.0000 0.0000 0.0000 0.0000 0.0000 0.0000 0.0000 0.0000 90.0001 89.9999 0.0000 0.0000 0.0000 0.0000 0.0001 0.0000 0.0000 0.0000 40.8933 20.7046 -22.2077 -4.1067 -20.7048 22.2077 0.0000 0.0000 0.0000 0.0000 0.0003 0.0000 -0.0001 -0.0001 20.0000 0.0000 0.0001 -20.0000 0.0000 0.0000 0.0000 0.0000 0.0000 0.0000 0.0000 0.0000 0.0000 0.0000 -0.0001 10.0000 -0.0001 0.0000 -10.0000 0.0000 0.0000 0.0000 0.0000 0.0000 0.0000 0.0000 0.0000 0.0000 0.0000 -0.0001 -0.0001 -0.0001 0.0001 0.0000 0.0000 0.0000 0.0000 0.0000 0.0000 0.0000 0.0000 0.0000 0.0000 0.0000 -0.0001 -10.0001 -0.0001 0.0001 10.0000 0.0000 0.0000 0.0000 0.0000 0.0000 0.0000 0.0000 0.0000 0.0000 0.0000 0.0000 -90.0000 -89.9999 0.0000 0.0000 0.0001 0.0000 0.0001 0.0000 0.0000 0.0000 0.0001 -0.0001 -20.0000 0.0000 0.0001 20.0000 -0.0003 0.0000 -0.0001 0.0000 0.0000 0.0000 0.0000 0.0000 0.0000 0.0000 -0.0001 -9.9999 -0.0002 0.0001 9.9999 0.0000 0.0000 0.0000 0.0000 0.0000 0.0000 0.0000 0.0000 0.0000 -0.0001 0.0000 0.0000 0.0000 0.0000 0.0000 0.0000 0.0001 0.0000 0.0001 0.0000 0.0000 0.0000 0.0000 0.0000 0.0000 0.0000 10.0001 -0.0001 0.0000 -10.0001 0.0000 0.0000 0.0000 0.0000 0.0000 0.0000 0.0002 0.0000 0.0000 -40.8933 20.7047 22.2076 4.1067 -20.7047 -22.2077 0.0000 0.0000 0.0000 0.0000 0.0004 0.0000 90.0000 0.0000 0.0000 0.0000 0.0000 0.0000 -270.0000 90.0000 0.0000 0.0000 0.0000 0.0000 0.0000 0.0000 0.0000 -90.0000 0.0000 0.0000 0.0000 -0.0001 0.0000 270.0002 90.0000 0.0000 0.0000 0.0000 0.0000 0.0000 0.0000 0.0000 
0.0000 94.0000 0.0000 0.0000 0.0000 0.0000 0.0000 0.0001 180.0000 0.0000 0.0000 0.0000 0.0000 0.0000 0.0000 0.0000 0.0000 0.0000 0.0000 0.0000 0.0000 0.0000 0.0000 0.0000 0.0000 0.0000 0.0000 0.0000 0.0000 90.0001 89.9999 0.0000 0.0000 0.0000 0.0000 0.0001 0.0000 0.0000 0.0000 40.8933 20.7046 -22.2077 -4.1067 -20.7048 22.2077 0.0000 0.0000 0.0000 0.0000 0.0003 0.0000 -0.0001 -0.0001 20.0000 0.0000 0.0001 -20.0000 0.0000 0.0000 0.0000 0.0000 0.0000 0.0000 0.0000 0.0000 0.0000 0.0000 -0.0001 10.0000 -0.0001 0.0000 -10.0000 0.0000 0.0000 0.0000 0.0000 0.0000 0.0000 0.0000 0.0000 0.0000 0.0000 -0.0001 -0.0001 -0.0001 0.0001 0.0000 0.0000 0.0000 0.0000 0.0000 0.0000 0.0000 0.0000 0.0000 0.0000 0.0000 -0.0001 -10.0001 -0.0001 0.0001 10.0000 0.0000 0.0000 0.0000 0.0000 0.0000 0.0000 0.0000 0.0000 0.0000 0.0000 0.0000 -90.0000 -89.9999 0.0000 0.0000 0.0001 0.0000 0.0001 0.0000 0.0000 0.0000 0.0001 -0.0001 -20.0000 0.0000 0.0001 20.0000 -0.0003 0.0000 -0.0001 0.0000 0.0000 0.0000 0.0000 0.0000 0.0000 0.0000 -0.0001 -9.9999 -0.0002 0.0001 9.9999 0.0000 0.0000 0.0000 0.0000 0.0000 0.0000 0.0000 0.0000 0.0000 -0.0001 0.0000 0.0000 0.0000 0.0000 0.0000 0.0000 0.0001 0.0000 0.0001 0.0000 0.0000 0.0000 0.0000 0.0000 0.0000 0.0000 10.0001 -0.0001 0.0000 -10.0001 0.0000 0.0000 0.0000 0.0000 0.0000 0.0000 0.0002 0.0000 0.0000 -40.8933 20.7047 22.2076 4.1067 -20.7047 -22.2077 0.0000 0.0000 0.0000 0.0000 0.0004 0.0000 90.0000 0.0000 0.0000 0.0000 0.0000 0.0000 -270.0000 90.0000 0.0000 0.0000 0.0000 0.0000 0.0000 0.0000 0.0000 -90.0000 0.0000 0.0000 0.0000 -0.0001 0.0000 270.0002 90.0000 0.0000 0.0000 0.0000 0.0000 0.0000 0.0000 0.0000 
0.0000 94.0000 0.0000 0.0000 0.0000 0.0000 0.0000 0.0001 180.0000 0.0000 0.0000 0.0000 0.0000 0.0000 0.0000 0.0000 0.0000 0.0000 0.0000 0.0000 0.0000 0.0000 0.0000 0.0000 0.0000 0.0000 0.0000 0.0000 0.0000 90.0001 89.9999 0.0000 0.0000 0.0000 0.0000 0.0001 0.0000 0.0000 0.0000 40.8933 20.7046 -22.2077 -4.1067 -20.7048 22.2077 0.0000 0.0000 0.0000 0.0000 0.0003 0.0000 -0.0001 -0.0001 20.0000 0.0000 0.0001 -20.0000 0.0000 0.0000 0.0000 0.0000 0.0000 0.0000 0.0000 0.0000 0.0000 0.0000 -0.0001 10.0000 -0.0001 0.0000 -10.0000 0.0000 0.0000 0.0000 0.0000 0.0000 0.0000 0.0000 0.0000 0.0000 0.0000 -0.0001 -0.0001 -0.0001 0.0001 0.0000 0.0000 0.0000 0.0000 0.0000 0.0000 0.0000 0.0000 0.0000 0.0000 0.0000 -0.0001 -10.0001 -0.0001 0.0001 10.0000 0.0000 0.0000 0.0000 0.0000 0.0000 0.0000 0.0000 0.0000 0.0000 0.0000 0.0000 -90.0000 -89.9999 0.0000 0.0000 0.0001 0.0000 0.0001 0.0000 0.0000 0.0000 0.0001 -0.0001 -20.0000 0.0000 0.0001 20.0000 -0.0003 0.0000 -0.0001 0.0000 0.0000 0.0000 0.0000 0.0000 0.0000 0.0000 -0.0001 -9.9999 -0.0002 0.0001 9.9999 0.0000 0.0000 0.0000 0.0000 0.0000 0.0000 0.0000 0.0000 0.0000 -0.0001 0.0000 0.0000 0.0000 0.0000 0.0000 0.0000 0.0001 0.0000 0.0001 0.0000 0.0000 0.0000 0.0000 0.0000 0.0000 0.0000 10.0001 -0.0001 0.0000 -10.0001 0.0000 0.0000 0.0000 0.0000 0.0000 0.0000 0.0002 0.0000 0.0000 -40.8933 20.7047 22.2076 4.1067 -20.7047 -22.2077 0.0000 0.0000 0.0000 0.0000 0.0004 0.0000 90.0000 0.0000 0.0000 0.0000 0.0000 0.0000 -270.0000 90.0000 0.0000 0.0000 0.0000 0.0000 0.0000 0.0000 0.0000 -90.0000 0.0000 0.0000 0.0000 -0.0001 0.0000 270.0002 90.0000 0.0000 0.0000 0.0000 0.0000 0.0000 0.0000 0.0000 
0.0000 94.0000 0.0000 0.0000 0.0000 0.0000 0.0000 0.0001 180.0000 0.0000 0.0000 0.0000 0.0000 0.0000 0.0000 0.0000 0.0000 0.0000 0.0000 0.0000 0.0000 0.0000 0.0000 0.0000 0.0000 0.0000 0.0000 0.0000 0.0000 90.0001 89.9999 0.0000 0.0000 0.0000 0.0000 0.0001 0.0000 0.0000 0.0000 40.8933 20.7046 -22.2077 -4.1067 -20.7048 22.2077 0.0000 0.0000 0.0000 0.0000 0.0003 0.0000 -0.0001 -0.0001 20.0000 0.0000 0.0001 -20.0000 0.0000 0.0000 0.0000 0.0000 0.0000 0.0000 0.0000 0.0000 0.0000 0.0000 -0.0001 10.0000 -0.0001 0.0000 -10.0000 0.0000 0.0000 0.0000 0.0000 0.0000 0.0000 0.0000 0.0000 0.0000 0.0000 -0.0001 -0.0001 -0.0001 0.0001 0.0000 0.0000 0.0000 0.0000 0.0000 0.0000 0.0000 0.0000 0.0000 0.0000 0.0000 -0.0001 -10.0001 -0.0001 0.0001 10.0000 0.0000 0.0000 0.0000 0.0000 0.0000 0.0000 0.0000 0.0000 0.0000 0.0000 0.0000 -90.0000 -89.9999 0.0000 0.0000 0.0001 0.0000 0.0001 0.0000 0.0000 0.0000 0.0001 -0.0001 -20.0000 0.0000 0.0001 20.0000 -0.0003 0.0000 -0.0001 0.0000 0.0000 0.0000 0.0000 0.0000 0.0000 0.0000 -0.0001 -9.9999 -0.0002 0.0001 9.9999 0.0000 0.0000 0.0000 0.0000 0.0000 0.0000 0.0000 0.0000 0.0000 -0.0001 0.0000 0.0000 0.0000 0.0000 0.0000 0.0000 0.0001 0.0000 0.0001 0.0000 0.0000 0.0000 0.0000 0.0000 0.0000 0.0000 10.0001 -0.0001 0.0000 -10.0001 0.0000 0.0000 0.0000 0.0000 0.0000 0.0000 0.0002 0.0000 0.0000 -40.8933 20.7047 22.2076 4.1067 -20.7047 -22.2077 0.0000 0.0000 0.0000 0.0000 0.0004 0.0000 90.0000 0.0000 0.0000 0.0000 0.0000 0.0000 -270.0000 90.0000 0.0000 0.0000 0.0000 0.0000 0.0000 0.0000 0.0000 -90.0000 0.0000 0.0000 0.0000 -0.0001 0.0000 270.0002 90.0000 0.0000 0.0000 0.0000 0.0000 0.0000 0.0000 0.0000
0.0000 94.0000 0.0000 0.0000 0.0000 0.0000 0.0000 0.0001 180.0000 0.0000 0.0000 0.0000 0.0000 0.0000 0.0000 0.0000 0.0000 0.0000 0.0000 0.0000 0.0000 0.0000 0.0000 0.0000 0.0000 0.0000 0.0000 0.0000 0.0000 90.0001 89.9999 0.0000 0.0000 0.0000 0.0000 0.0001 0.0000 0.0000 0.0000 40.8933 20.7046 -22.2077 -4.1067 -20.7048 22.2077 0.0000 0.0000 0.0000 0.0000 0.0003 0.0000 -0.0001 -0.0001 20.0000 0.0000 0.0001 -20.0000 0.0000 0.0000 0.0000 0.0000 0.0000 0.0000 0.0000 0.0000 0.0000 0.0000 -0.0001 10.0000 -0.0001 0.0000 -10.0000 0.0000 0.0000 0.0000 0.0000 0.0000 0.0000 0.0000 0.0000 0.0000 0.0000 -0.0001 -0.0001 -0.0001 0.0001 0.0000 0.0000 0.0000 0.0000 0.0000 0.0000 0.0000 0.0000 0.0000 0.0000 0.0000 -0.0001 -10.0001 -0.0001 0.0001 10.0000 0.0000 0.0000 0.0000 0.0000 0.0000 0.0000 0.0000 0.0000 0.0000 0.0000 0.0000 -90.0000 -89.9999 0.0000 0.0000 0.0001 0.0000 0.0001 0.0000 0.0000 0.0000 0.0001 -0.0001 -20.0000 0.0000 0.0001 20.0000 -0.0003 0.0000 -0.0001 0.0000 0.0000 0.0000 0.0000 0.0000 0.0000 0.0000 -0.0001 -9.9999 -0.0002 0.0001 9.9999 0.0000 0.0000 0.0000 0.0000 0.0000 0.0000 0.0000 0.0000 0.0000 -0.0001 0.0000 0.0000 0.0000 0.0000 0.0000 0.0000 0.0001 0.0000 0.0001 0.0000 0.0000 0.0000 0.0000 0.0000 0.0000 0.0000 10.0001 -0.0001 0.0000 -10.0001 0.0000 0.0000 0.0000 0.0000 0.0000 0.0000 0.0002 0.0000 0.0000 -40.8933 20.7047 22.2076 4.1067 -20.7047 -22.2077 0.0000 0.0000 0.0000 0.0000 0.0004 0.0000 90.0000 0.0000 0.0000 0.0000 0.0000 0.0000 -270.0000 90.0000 0.0000 0.0000 0.0000 0.0000 0.0000 0.0000 0.0000 -90.0000 0.0000 0.0000 0.0000 -0.0001 0.0000 270.0002 90.0000 0.0000 0.0000 0.0000 0.0000 0.0000 0.0000 0.0000 
0.0000 94.0000 0.0000 0.0000 0.0000 0.0000 0.0000 0.0001 180.0000 0.0000 0.0000 0.0000 0.0000 0.0000 0.0000 0.0000 0.0000 0.0000 0.0000 0.0000 0.0000 0.0000 0.0000 0.0000 0.0000 0.0000 0.0000 0.0000 0.0000 90.0001 89.9999 0.0000 0.0000 0.0000 0.0000 0.0001 0.0000 0.0000 0.0000 40.8933 20.7046 -22.2077 -4.1067 -20.7048 22.2077 0.0000 0.0000 0.0000 0.0000 0.0003 0.0000 -0.0001 -0.0001 20.0000 0.0000 0.0001 -20.0000 0.0000 0.0000 0.0000 0.0000 0.0000 0.0000 0.0000 0.0000 0.0000 0.0000 -0.0001 10.0000 -0.0001 0.0000 -10.0000 0.0000 0.0000 0.0000 0.0000 0.0000 0.0000 0.0000 0.0000 0.0000 0.0000 -0.0001 -0.0001 -0.0001 0.0001 0.0000 0.0000 0.0000 0.0000 0.0000 0.0000 0.0000 0.0000 0.0000 0.0000 0.0000 -0.0001 -10.0001 -0.0001 0.0001 10.0000 0.0000 0.0000 0.0000 0.0000 0.0000 0.0000 0.0000 0.0000 0.0000 0.0000 0.0000 -90.0000 -89.9999 0.0000 0.0000 0.0001 0.0000 0.0001 0.0000 0.0000 0.0000 0.0001 -0.0001 -20.0000 0.0000 0.0001 20.0000 -0.0003 0.0000 -0.0001 0.0000 0.0000 0.0000 0.0000 0.0000 0.0000 0.0000 -0.0001 -9.9999 -0.0002 0.0001 9.9999 0.0000 0.0000 0.0000 0.0000 0.0000 0.0000 0.0000 0.0000 0.0000 -0.0001 0.0000 0.0000 0.0000 0.0000 0.0000 0.0000 0.0001 0.0000 0.0001 0.0000 0.0000 0.0000 0.0000 0.0000 0.0000 0.0000 10.0001 -0.0001 0.0000 -10.0001 0.0000 0.0000 0.0000 0.0000 0.0000 0.0000 0.0002 0.0000 0.0000 -40.8933 20.7047 22.2076 4.1067 -20.7047 -22.2077 0.0000 0.0000 0.0000 0.0000 0.0004 0.0000 90.0000 0.0000 0.0000 0.0000 0.0000 0.0000 -270.0000 90.0000 0.0000 0.0000 0.0000 0.0000 0.0000 0.0000 0.0000 -90.0000 0.0000 0.0000 0.0000 -0.0001 0.0000 270.0002 90.0000 0.0000 0.0000 0.0000 0.0000 0.0000 0.0000 0.0000 
0.0000 94.0000 0.0000 0.0000 0.0000 0.0000 0.0000 0.0001 180.0000 0.0000 0.0000 0.0000 0.0000 0.0000 0.0000 0.0000 0.0000 0.0000 0.0000 0.0000 0.0000 0.0000 0.0000 0.0000 0.0000 0.0000 0.0000 0.0000 0.0000 90.0001 89.9999 0.0000 0.0000 0.0000 0.0000 0.0001 0.0000 0.0000 0.0000 40.8933 20.7046 -22.2077 -4.1067 -20.7048 22.2077 0.0000 0.0000 0.0000 0.0000 0.0003 0.0000 -0.0001 -0.0001 20.0000 0.0000 0.0001 -20.0000 0.0000 0.0000 0.0000 0.0000 0.0000 0.0000 0.0000 0.0000 0.0000 0.0000 -0.0001 10.0000 -0.0001 0.0000 -10.0000 0.0000 0.0000 0.0000 0.0000 0.0000 0.0000 0.0000 0.0000 0.0000 0.0000 -0.0001 -0.0001 -0.0001 0.0001 0.0000 0.0000 0.0000 0.0000 0.0000 0.0000 0.0000 0.0000 0.0000 0.0000 0.0000 -0.0001 -10.0001 -0.0001 0.0001 10.0000 0.0000 0.0000 0.0000 0.0000 0.0000 0.0000 0.0000 0.0000 0.0000 0.0000 0.0000 -90.0000 -89.9999 0.0000 0.0000 0.0001 0.0000 0.0001 0.0000 0.0000 0.0000 0.0001 -0.0001 -20.0000 0.0000 0.0001 20.0000 -0.0003 0.0000 -0.0001 0.0000 0.0000 0.0000 0.0000 0.0000 0.0000 0.0000 -0.0001 -9.9999 -0.0002 0.0001 9.9999 0.0000 0.0000 0.0000 0.0000 0.0000 0.0000 0.0000 0.0000 0.0000 -0.0001 0.0000 0.0000 0.0000 0.0000 0.0000 0.0000 0.0001 0.0000 0.0001 0.0000 0.0000 0.0000 0.0000 0.0000 0.0000 0.0000 10.0001 -0.0001 0.0000 -10.0001 0.0000 0.0000 0.0000 0.0000 0.0000 0.0000 0.0002 0.0000 0.0000 -40.8933 20.7047 22.2076 4.1067 -20.7047 -22.2077 0.0000 0.0000 0.0000 0.0000 0.0004 0.0000 90.0000 0.0000 0.0000 0.0000 0.0000 0.0000 -270.0000 90.0000 0.0000 0.0000 0.0000 0.0000 0.0000 0.0000 0.0000 -90.0000 0.0000 0.0000 0.0000 -0.0001 0.0000 270.0002 90.0000 0.0000 0.0000 0.0000 0.0000 0.0000 0.0000 0.0000 
0.0000 94.0000 0.0000 0.0000 0.0000 0.0000 0.0000 0.0001 180.0000 0.0000 0.0000 0.0000 0.0000 0.0000 0.0000 0.0000 0.0000 0.0000 0.0000 0.0000 0.0000 0.0000 0.0000 0.0000 0.0000 0.0000 0.0000 0.0000 0.0000 90.0001 89.9999 0.0000 0.0000 0.0000 0.0000 0.0001 0.0000 0.0000 0.0000 40.8933 20.7046 -22.2077 -4.1067 -20.7048 22.2077 0.0000 0.0000 0.0000 0.0000 0.0003 0.0000 -0.0001 -0.0001 20.0000 0.0000 0.0001 -20.0000 0.0000 0.0000 0.0000 0.0000 0.0000 0.0000 0.0000 0.0000 0.0000 0.0000 -0.0001 10.0000 -0.0001 0.0000 -10.0000 0.0000 0.0000 0.0000 0.0000 0.0000 0.0000 0.0000 0.0000 0.0000 0.0000 -0.0001 -0.0001 -0.0001 0.0001 0.0000 0.0000 0.0000 0.0000 0.0000 0.0000 0.0000 0.0000 0.0000 0.0000 0.0000 -0.0001 -10.0001 -0.0001 0.0001 10.0000 0.0000 0.0000 0.0000 0.0000 0.0000 0.0000 0.0000 0.0000 0.0000 0.0000 0.0000 -90.0000 -89.9999 0.0000 0.0000 0.0001 0.0000 0.0001 0.0000 0.0000 0.0000 0.0001 -0.0001 -20.0000 0.0000 0.0001 20.0000 -0.0003 0.0000 -0.0001 0.0000 0.0000 0.0000 0.0000 0.0000 0.0000 0.0000 -0.0001 -9.9999 -0.0002 0.0001 9.9999 0.0000 0.0000 0.0000 0.0000 0.0000 0.0000 0.0000 0.0000 0.0000 -0.0001 0.0000 0.0000 0.0000 0.0000 0.0000 0.0000 0.0001 0.0000 0.0001 0.0000 0.0000 0.0000 0.0000 0.0000 0.0000 0.0000 10.0001 -0.0001 0.0000 -10.0001 0.0000 0.0000 0.0000 0.0000 0.0000 0.0000 0.0002 0.0000 0.0000 -40.8933 20.7047 22.2076 4.1067 -20.7047 -22.2077 0.0000 0.0000 0.0000 0.0000 0.0004 0.0000 90.0000 0.0000 0.0000 0.0000 0.0000 0.0000 -270.0000 90.0000 0.0000 0.0000 0.0000 0.0000 0.0000 0.0000 0.0000 -90.0000 0.0000 0.0000 0.0000 -0.0001 0.0000 270.0002 90.0000 0.0000 0.0000 0.0000 0.0000 0.0000 0.0000 0.0000 
0.0000 94.0000 0.0000 0.0000 0.0000 0.0000 0.0000 0.0001 180.0000 0.0000 0.0000 0.0000 0.0000 0.0000 0.0000 0.0000 0.0000 0.0000 0.0000 0.0000 0.0000 0.0000 0.0000 0.0000 0.0000 0.0000 0.0000 0.0000 0.0000 90.0001 89.9999 0.0000 0.0000 0.0000 0.0000 0.0001 0.0000 0.0000 0.0000 40.8933 20.7046 -22.2077 -4.1067 -20.7048 22.2077 0.0000 0.0000 0.0000 0.0000 0.0003 0.0000 -0.0001 -0.0001 20.0000 0.0000 0.0001 -20.0000 0.0000 0.0000 0.0000 0.0000 0.0000 0.0000 0.0000 0.0000 0.0000 0.0000 -0.0001 10.0000 -0.0001 0.0000 -10.0000 0.0000 0.0000 0.0000 0.0000 0.0000 0.0000 0.0000 0.0000 0.0000 0.0000 -0.0001 -0.0001 -0.0001 0.0001 0.0000 0.0000 0.0000 0.0000 0.0000 0.0000 0.0000 0.0000 0.0000 0.0000 0.0000 -0.0001 -10.0001 -0.0001 0.0001 10.0000 0.0000 0.0000 0.0000 0.0000 0.0000 0.0000 0.0000 0.0000 0.0000 0.0000 0.0000 -90.0000 -89.9999 0.0000 0.0000 0.0001 0.0000 0.0001 0.0000 0.0000 0.0000 0.0001 -0.0001 -20.0000 0.0000 0.0001 20.0000 -0.0003 0.0000 -0.0001 0.0000 0.0000 0.0000 0.0000 0.0000 0.0000 0.0000 -0.0001 -9.9999 -0.0002 0.0001 9.9999 0.0000 0.0000 0.0000 0.0000 0.0000 0.0000 0.0000 0.0000 0.0000 -0.0001 0.0000 0.0000 0.0000 0.0000 0.0000 0.0000 0.0001 0.0000 0.0001 0.0000 0.0000 0.0000 0.0000 0.0000 0.0000 0.0000 10.0001 -0.0001 0.0000 -10.0001 0.0000 0.0000 0.0000 0.0000 0.0000 0.0000 0.0002 0.0000 0.0000 -40.8933 20.7047 22.2076 4.1067 -20.7047 -22.2077 0.0000 0.0000 0.0000 0.0000 0.0004 0.0000 90.0000 0.0000 0.0000 0.0000 0.0000 0.0000 -270.0000 90.0000 0.0000 0.0000 0.0000 0.0000 0.0000 0.0000 0.0000 -90.0000 0.0000 0.0000 0.0000 -0.0001 0.0000 270.0002 90.0000 0.0000 0.0000 0.0000 0.0000 0.0000 0.0000 0.0000 
0.0000 94.0000 0.0000 0.0000 0.0000 0.0000 0.0000 0.0001 180.0000 0.0000 0.0000 0.0000 0.0000 0.0000 0.0000 0.0000 0.0000 0.0000 0.0000 0.0000 0.0000 0.0000 0.0000 0.0000 0.0000 0.0000 0.0000 0.0000 0.0000 90.0001 89.9999 0.0000 0.0000 0.0000 0.0000 0.0001 0.0000 0.0000 0.0000 40.8933 20.7046 -22.2077 -4.1067 -20.7048 22.2077 0.0000 0.0000 0.0000 0.0000 0.0003 0.0000 -0.0001 -0.0001 20.0000 0.0000 0.0001 -20.0000 0.0000 0.0000 0.0000 0.0000 0.0000 0.0000 0.0000 0.0000 0.0000 0.0000 -0.0001 10.0000 -0.0001 0.0000 -10.0000 0.0000 0.0000 0.0000 0.0000 0.0000 0.0000 0.0000 0.0000 0.0000 0.0000 -0.0001 -0.0001 -0.0001 0.0001 0.0000 0.0000 0.0000 0.0000 0.0000 0.0000 0.0000 0.0000 0.0000 0.0000 0.0000 -0.0001 -10.0001 -0.0001 0.0001 10.0000 0.0000 0.0000 0.0000 0.0000 0.0000 0.0000 0.0000 0.0000 0.0000 0.0000 0.0000 -90.0000 -89.9999 0.0000 0.0000 0.0001 0.0000 0.0001 0.0000 0.0000 0.0000 0.0001 -0.0001 -20.0000 0.0000 0.0001 20.0000 -0.0003 0.0000 -0.0001 0.0000 0.0000 0.0000 0.0000 0.0000 0.0000 0.0000 -0.0001 -9.9999 -0.0002 0.0001 9.9999 0.0000 0.0000 0.0000 0.0000 0.0000 0.0000 0.0000 0.0000 0.0000 -0.0001 0.0000 0.0000 0.0000 0.0000 0.0000 0.0000 0.0001 0.0000 0.0001 0.0000 0.0000 0.0000 0.0000 0.0000 0.0000 0.0000 10.0001 -0.0001 0.0000 -10.0001 0.0000 0.0000 0.0000 0.0000 0.0000 0.0000 0.0002 0.0000 0.0000 -40.8933 20.7047 22.2076 4.1067 -20.7047 -22.2077 0.0000 0.0000 0.0000 0.0000 0.0004 0.0000 90.0000 0.0000 0.0000 0.0000 0.0000 0.0000 -270.0000 90.0000 0.0000 0.0000 0.0000 0.0000 0.0000 0.0000 0.0000 -90.0000 0.0000 0.0000 0.0000 -0.0001 0.0000 270.0002 90.0000 0.0000 0.0000 0.0000 0.0000 0.0000 0.0000 0.0000 
0.0000 94.0000 0.0000 0.0000 0.0000 0.0000 0.0000 0.0001 180.0000 0.0000 0.0000 0.0000 0.0000 0.0000 0.0000 0.0000 0.0000 0.0000 0.0000 0.0000 0.0000 0.0000 0.0000 0.0000 0.0000 0.0000 0.0000 0.0000 0.0000 90.0001 89.9999 0.0000 0.0000 0.0000 0.0000 0.0001 0.0000 0.0000 0.0000 40.8933 20.7046 -22.2077 -4.1067 -20.7048 22.2077 0.0000 0.0000 0.0000 0.0000 0.0003 0.0000 -0.0001 -0.0001 20.0000 0.0000 0.0001 -20.0000 0.0000 0.0000 0.0000 0.0000 0.0000 0.0000 0.0000 0.0000 0.0000 0.0000 -0.0001 10.0000 -0.0001 0.0000 -10.0000 0.0000 0.0000 0.0000 0.0000 0.0000 0.0000 0.0000 0.0000 0.0000 0.0000 -0.0001 -0.0001 -0.0001 0.0001 0.0000 0.0000 0.0000 0.0000 0.0000 0.0000 0.0000 0.0000 0.0000 0.0000 0.0000 -0.0001 -10.0001 -0.0001 0.0001 10.0000 0.0000 0.0000 0.0000 0.0000 0.0000 0.0000 0.0000 0.0000 0.0000 0.0000 0.0000 -90.0000 -89.9999 0.0000 0.0000 0.0001 0.0000 0.0001 0.0000 0.0000 0.0000 0.0001 -0.0001 -20.0000 0.0000 0.0001 20.0000 -0.0003 0.0000 -0.0001 0.0000 0.0000 0.0000 0.0000 0.0000 0.0000 0.0000 -0.0001 -9.9999 -0.0002 0.0001 9.9999 0.0000 0.0000 0.0000 0.0000 0.0000 0.0000 0.0000 0.0000 0.0000 -0.0001 0.0000 0.0000 0.0000 0.0000 0.0000 0.0000 0.0001 0.0000 0.0001 0.0000 0.0000 0.0000 0.0000 0.0000 0.0000 0.0000 10.0001 -0.0001 0.0000 -10.0001 0.0000 0.0000 0.0000 0.0000 0.0000 0.0000 0.0002 0.0000 0.0000 -40.8933 20.7047 22.2076 4.1067 -20.7047 -22.2077 0.0000 0.0000 0.0000 0.0000 0.0004 0.0000 90.0000 0.0000 0.0000 0.0000 0.0000 0.0000 -270.0000 90.0000 0.0000 0.0000 0.0000 0.0000 0.0000 0.0000 0.0000 -90.0000 0.0000 0.0000 0.0000 -0.0001 0.0000 270.0002 90.0000 0.0000 0.0000 0.0000 0.0000 0.0000 0.0000 0.0000 
0.0000 94.0000 0.0000 0.0000 0.0000 0.0000 0.0000 0.0001 180.0000 0.0000 0.0000 0.0000 0.0000 0.0000 0.0000 0.0000 0.0000 0.0000 0.0000 0.0000 0.0000 0.0000 0.0000 0.0000 0.0000 0.0000 0.0000 0.0000 0.0000 90.0001 89.9999 0.0000 0.0000 0.0000 0.0000 0.0001 0.0000 0.0000 0.0000 40.8933 20.7046 -22.2077 -4.1067 -20.7048 22.2077 0.0000 0.0000 0.0000 0.0000 0.0003 0.0000 -0.0001 -0.0001 20.0000 0.0000 0.0001 -20.0000 0.0000 0.0000 0.0000 0.0000 0.0000 0.0000 0.0000 0.0000 0.0000 0.0000 -0.0001 10.0000 -0.0001 0.0000 -10.0000 0.0000 0.0000 0.0000 0.0000 0.0000 0.0000 0.0000 0.0000 0.0000 0.0000 -0.0001 -0.0001 -0.0001 0.0001 0.0000 0.0000 0.0000 0.0000 0.0000 0.0000 0.0000 0.0000 0.0000 0.0000 0.0000 -0.0001 -10.0001 -0.0001 0.0001 10.0000 0.0000 0.0000 0.0000 0.0000 0.0000 0.0000 0.0000 0.0000 0.0000 0.0000 0.0000 -90.0000 -89.9999 0.0000 0.0000 0.0001 0.0000 0.0001 0.0000 0.0000 0.0000 0.0001 -0.0001 -20.0000 0.0000 0.0001 20.0000 -0.0003 0.0000 -0.0001 0.0000 0.0000 0.0000 0.0000 0.0000 0.0000 0.0000 -0.0001 -9.9999 -0.0002 0.0001 9.9999 0.0000 0.0000 0.0000 0.0000 0.0000 0.0000 0.0000 0.0000 0.0000 -0.0001 0.0000 0.0000 0.0000 0.0000 0.0000 0.0000 0.0001 0.0000 0.0001 0.0000 0.0000 0.0000 0.0000 0.0000 0.0000 0.0000 10.0001 -0.0001 0.0000 -10.0001 0.0000 0.0000 0.0000 0.0000 0.0000 0.0000 0.0002 0.0000 0.0000 -40.8933 20.7047 22.2076 4.1067 -20.7047 -22.2077 0.0000 0.0000 0.0000 0.0000 0.0004 0.0000 90.0000 0.0000 0.0000 0.0000 0.0000 0.0000 -270.0000 90.0000 0.0000 0.0000 0.0000 0.0000 0.0000 0.0000 0.0000 -90.0000 0.0000 0.0000 0.0000 -0.0001 0.0000 270.0002 90.0000 0.0000 0.0000 0.0000 0.0000 0.0000 0.0000 0.0000 
